ref,url,listing_name,price_value,currency,suburb,address_region,address_country,visible_location,bedrooms,bathrooms,floor_area_m2,floor_area_unit,land_area_m2,stand_size_unit,description,date_posted,sitemap_lastmod,agency_name,photo_count,photo_urls,scrape_timestamp,likely_relisted_duplicate,price_usd,fx_rate_applied,fx_assumption,bedrooms_imputed,bathrooms_imputed,has_land_area_m2,has_floor_area_m2,outlier_flag,flag_unpainted,flag_painted,flag_paved,flag_unpaved,flag_walled,flag_unfenced,flag_electric_fence,flag_security_24hr,flag_ceiling_fitted,flag_no_ceiling,flag_kitchen_fitted,flag_kitchen_unfitted,flag_tiled,flag_screeded_bare_floor,flag_borehole,flag_water_tank,flag_municipal_only,flag_solar,flag_zesa_good,flag_ensuite,flag_bics,flag_staff_quarters,flag_title_deeds,flag_cession,construction_stage_ordinal
P43251721,https://www.property.co.zw/for-sale/houses-p43251721,Unfinished 2-Bed Home with Fenced Yard in Chitungwiza,14000.0,USD,Chitungwiza,Chitungwiza,Zimbabwe,"Chitungwiza, Mashonaland East",2,1.0,300.0,m²,300.0,m²,"Chitungwiza unit L 2 roomed core house, floor tiled , fenced right round , zesa ,there , borehole water , council cession ,on 300 sqms , USD 14k",2026-07-19,2026-07-19T11:56:46+02:00,Test 43,5,"[""https://www.property.co.zw/uploadedfiles/e6/07/2d/e6072d78-2bf6-49fc-8557-ab5a8eac7cf2_thumbnail695.webp"", ""https://www.property.co.zw/uploadedfiles/ee/e2/50/eee25003-c69c-41c4-b87c-db4074c3daee_thumbnail695.webp"", ""https://www.property.co.zw/uploadedfiles/25/6c/f1/256cf1d6-6b79-41bf-b613-db7db944c66b_thumbnail695.webp"", ""https://www.property.co.zw/uploadedfiles/7b/64/45/7b6445fa-2d19-40c4-88f2-7aefb3003570_thumbnail695.webp"", ""https://www.property.co.zw/uploadedfiles/2e/62/14/2e621491-e4ec-4bbd-bcba-e3755251603f_thumbnail695.webp""]",2026-09-23T16:07:36,False,14000.0,,already USD,False,False,True,True,"statistical price outlier within its suburb (log-price, 1.5xIQR rule) -- inspect manually, do not assume error",False,False,False,False,False,False,False,False,False,False,False,False,True,False,True,False,False,False,False,False,False,False,False,True,0
TEH238659,https://www.property.co.zw/for-sale/houses-teh238659,"*Glaudina $65k neg  - Neat 4 beds house main bed with ensuite (tub and shower),guest bath and toilet",65000.0,USD,Glaudina,Harare West,Zimbabwe,"Glaudina, Harare West, Harare",4,2.0,150.0,m²,300.0,m²,"*Glaudina $65k neg  - Neat 4 beds house main bed with ensuite (tub and shower), guest bath and toilet, sep lounge and dining, kitchen, 6kva solar, borehole, solar",2026-01-22,2026-04-21T14:18:53+02:00,Tanvel Real Estate Harare North,9,"[""https://www.property.co.zw/uploadedfiles/d6/f7/33/d6f733c4-64fc-453f-9226-c18708744396_thumbnail695.webp"", ""https://www.property.co.zw/uploadedfiles/4e/33/81/4e338152-08e9-4902-9843-f3cb570595e0_thumbnail695.webp"", ""https://www.property.co.zw/uploadedfiles/2f/9e/68/2f9e68ef-7d79-466a-9561-7e4d9a1bb1be_thumbnail695.webp"", ""https://www.property.co.zw/uploadedfiles/be/53/32/be5332ac-da2e-4e80-8448-0625e8df4f4e_thumbnail695.webp"", ""https://www.property.co.zw/uploadedfiles/5f/6a/df/5f6adf7a-40cc-4eb6-8ef7-bb4b98c36e33_thumbnail695.webp"", ""https://www.property.co.zw/uploadedfiles/b8/bb/95/b8bb9544-9acb-4ed2-ab00-f186be61cba4_thumbnail695.webp"", ""https://www.property.co.zw/uploadedfiles/ae/36/59/ae365904-a5ad-459a-bb90-b8d1d806fd99_thumbnail695.webp"", ""https://www.property.co.zw/uploadedfiles/02/cc/f1/02ccf199-e6be-4345-8c64-a4d82d66860c_thumbnail695.webp"", ""https://www.property.co.zw/uploadedfiles/c1/73/44/c173448b-1757-48eb-90c1-6d806ede65a7_thumbnail695.webp""]",2026-09-23T16:07:41,False,65000.0,,already USD,False,False,True,True,,False,False,False,False,False,False,False,False,False,False,False,False,False,False,True,False,False,True,False,True,False,False,False,False,0
PGP244849,https://www.property.co.zw/for-sale/houses-pgp244849,House for sale,250000.0,USD,Arlington,Harare South,Zimbabwe,"Arlington, Harare South, Harare",4,3.0,350.0,m²,558.0,m²,"Discover your dream home in the serene suburb of Arlington, Harare. This modern contemporary house boasts an impressive 4 bedrooms and  3 bathrooms, making it",2026-04-15,2026-08-25T12:26:36+02:00,Pam Golding Properties,15,"[""https://www.property.co.zw/uploadedfiles/0b/d1/f8/0bd1f8ec-09da-4b8b-9f92-eb78ff4b632a_thumbnail695.webp"", ""https://www.property.co.zw/uploadedfiles/1d/15/b0/1d15b060-092b-4af2-b5b2-b611b2a9aaa7_thumbnail695.webp"", ""https://www.property.co.zw/uploadedfiles/6a/4a/80/6a4a8098-fc97-4249-80cf-b02da405bf28_thumbnail695.webp"", ""https://www.property.co.zw/uploadedfiles/6e/ee/eb/6eeeebf1-50ad-4e66-96f2-63b3f798269c_thumbnail695.webp"", ""https://www.property.co.zw/uploadedfiles/5d/83/87/5d8387db-4456-4153-bccb-affcd9afe658_thumbnail695.webp"", ""https://www.property.co.zw/uploadedfiles/f4/08/3f/f4083f7c-e86f-4c12-be5d-e36e7fbfe1be_thumbnail695.webp"", ""https://www.property.co.zw/uploadedfiles/de/ca/56/deca56aa-a813-4601-9b66-563905d7fb5a_thumbnail695.webp"", ""https://www.property.co.zw/uploadedfiles/f9/e3/a6/f9e3a6fd-306b-433a-a9f4-10cae8eca594_thumbnail695.webp"", ""https://www.property.co.zw/uploadedfiles/db/77/71/db7771d3-c52c-4177-81be-1857c8590c6f_thumbnail695.webp"", ""https://www.property.co.zw/uploadedfiles/ea/2c/50/ea2c5024-7eee-421a-a065-00a2f4a8b25c_thumbnail695.webp"", ""https://www.property.co.zw/uploadedfiles/df/4e/d1/df4ed10a-5e3f-4f66-b097-3dcd45987351_thumbnail695.webp"", ""https://www.property.co.zw/uploadedfiles/a3/39/90/a33990f2-09b6-49a0-9388-754d5e250d40_thumbnail695.webp"", ""https://www.property.co.zw/uploadedfiles/6d/72/90/6d7290cc-7438-4e3b-ae8e-2e15e7ec7767_thumbnail695.webp"", ""https://www.property.co.zw/uploadedfiles/47/97/3d/47973d5e-aeb2-44fa-b6ed-68657ab99ee5_thumbnail695.webp"", ""https://www.property.co.zw/uploadedfiles/ba/2a/2b/ba2a2bd5-d850-4c8f-b037-f050737699bc_thumbnail695.webp""]",2026-09-23T16:07:45,False,250000.0,,already USD,False,False,True,True,,False,False,False,False,False,False,False,False,False,False,False,False,False,False,False,False,False,False,False,False,False,False,False,False,0
JSPP229958,https://www.property.co.zw/for-sale/houses-jspp229958,Shawasha Stand,380000.0,USD,Shawasha Hills,Harare North,Zimbabwe,"Shawasha Hills, Harare North, Harare",3,2.0,250.0,m²,6000.0,m²,"Nestled in the tranquil Shawasha Hills of Harare North, this charming 3-bedroom, 2-bathroom cottage sits on a generous 6,000 m² stand with 250 m² of comfortable",2025-09-22,2026-09-09T20:34:17+02:00,Just Property,9,"[""https://www.property.co.zw/uploadedfiles/6c/67/57/6c6757b8-5ea8-46c9-b8f7-77b07fe6a403_thumbnail695.webp"", ""https://www.property.co.zw/uploadedfiles/2f/38/d1/2f38d123-370a-4f0a-9fc3-4bcf35279566_thumbnail695.webp"", ""https://www.property.co.zw/uploadedfiles/25/32/3e/25323e0c-6ce1-462e-bb84-31d8d47518ee_thumbnail695.webp"", ""https://www.property.co.zw/uploadedfiles/94/a3/c3/94a3c356-c8dd-4940-8491-ab357e3d8b0c_thumbnail695.webp"", ""https://www.property.co.zw/uploadedfiles/ef/95/b9/ef95b931-64bc-4501-a3a2-d00a68c097ce_thumbnail695.webp"", ""https://www.property.co.zw/uploadedfiles/2e/a7/61/2ea761fb-e6a1-41ff-bc7c-9a15a966ce38_thumbnail695.webp"", ""https://www.property.co.zw/uploadedfiles/de/22/66/de226654-e6b7-424c-bfeb-b35d6b0b8f63_thumbnail695.webp"", ""https://www.property.co.zw/uploadedfiles/79/a7/70/79a7702a-7181-443b-a99c-41c4ab3a5dae_thumbnail695.webp"", ""https://www.property.co.zw/uploadedfiles/4e/c1/f5/4ec1f5e3-fa25-4591-ab02-727f96f0fc39_thumbnail695.webp""]",2026-09-23T16:07:49,False,380000.0,,already USD,False,False,True,True,,False,False,False,False,False,False,False,False,False,False,False,False,False,False,False,False,False,False,False,False,False,True,False,False,0
RWS252004,https://www.property.co.zw/for-sale/houses-rws252004,Highlands Golden Triangle Double Storey Forsale ,900000.0,USD,Highlands,Harare North,Zimbabwe,"Highlands, Harare North, Harare",6,4.0,800.0,m²,4200.0,m²,"Highlands Golden Triangle Double Storey House Forsale 

$900 000 | 4200sqm | Title Deeds

Situated within the esteemed Highlands Golden Triangle, this",2026-07-22,2026-07-22T12:40:42+02:00,Rawson Properties Harare,20,"[""https://www.property.co.zw/uploadedfiles/97/e7/41/97e7415d-b8bc-429e-8d35-5f10aabfde87_thumbnail695.webp"", ""https://www.property.co.zw/uploadedfiles/02/f1/9d/02f19d8b-d55d-4bf8-b697-0c5e64f75e4b_thumbnail695.webp"", ""https://www.property.co.zw/uploadedfiles/57/66/4d/57664dde-bbd2-4dd9-844a-c0e5be9e1d58_thumbnail695.webp"", ""https://www.property.co.zw/uploadedfiles/1a/36/6a/1a366a9d-6699-4180-8076-9a55586bf71c_thumbnail695.webp"", ""https://www.property.co.zw/uploadedfiles/99/15/36/99153664-644c-4776-854f-8ae42f2bdb7e_thumbnail695.webp"", ""https://www.property.co.zw/uploadedfiles/88/82/88/888288d6-6812-41a3-b990-e352bf59f260_thumbnail695.webp"", ""https://www.property.co.zw/uploadedfiles/b1/e2/0c/b1e20c67-ec4f-495f-b697-41ad0316acec_thumbnail695.webp"", ""https://www.property.co.zw/uploadedfiles/ee/c8/c7/eec8c7f9-877e-4688-88ae-1dc9f7573459_thumbnail695.webp"", ""https://www.property.co.zw/uploadedfiles/ee/d8/d4/eed8d4bd-e3a1-4b25-a448-ca807f39bee4_thumbnail695.webp"", ""https://www.property.co.zw/uploadedfiles/a7/bd/30/a7bd3091-5bfc-48fb-ba49-7ddc01834f13_thumbnail695.webp"", ""https://www.property.co.zw/uploadedfiles/8a/85/3e/8a853e07-e95d-4083-8fce-c0ae9b921332_thumbnail695.webp"", ""https://www.property.co.zw/uploadedfiles/0b/65/d9/0b65d9bf-4473-4655-8d68-ad3160088c84_thumbnail695.webp"", ""https://www.property.co.zw/uploadedfiles/d6/62/42/d662424f-c925-4aab-924d-248c2c49e497_thumbnail695.webp"", ""https://www.property.co.zw/uploadedfiles/d5/94/4c/d5944c90-a6b9-4530-b191-de5886273115_thumbnail695.webp"", ""https://www.property.co.zw/uploadedfiles/e3/b1/cf/e3b1cf08-40f8-4f80-9831-842bd59f08ff_thumbnail695.webp"", ""https://www.property.co.zw/uploadedfiles/dd/06/28/dd062801-78ef-471c-8735-5aafe387bbf2_thumbnail695.webp"", ""https://www.property.co.zw/uploadedfiles/b4/99/94/b49994b7-1147-4a96-bebf-91ba5c7e35ad_thumbnail695.webp"", ""https://www.property.co.zw/uploadedfiles/38/b9/67/38b9675e-b470-475a-ad65-836ad28e2aa0_thumbnail695.webp"", ""https://www.property.co.zw/uploadedfiles/e8/f9/4d/e8f94d83-47e9-45e1-aeae-23b9adea0db7_thumbnail695.webp"", ""https://www.property.co.zw/uploadedfiles/e3/d9/61/e3d961bf-29c8-4ec6-9375-3a3e55038514_thumbnail695.webp""]",2026-09-23T16:07:53,False,900000.0,,already USD,False,False,True,True,,False,False,False,False,False,False,False,False,False,False,False,False,False,False,False,False,False,False,False,False,False,False,True,False,0
SMY242485,https://www.property.co.zw/for-sale/houses-smy242485,Residential house for sale,165000.0,USD,Rockview,Harare East,Zimbabwe,"Rockview, Harare East, Harare",4,2.0,500.0,m²,1230.0,m²,"4-Bedroom House for Sale – Full Title Deeds

Spacious family home on a 1,230sqm stand (±500sqm house). Features 4 bedrooms – main with en-suite and walk-in",2026-03-12,2026-08-17T15:33:21+02:00,Sermony Properties,14,"[""https://www.property.co.zw/uploadedfiles/ed/8c/db/ed8cdb96-5235-454e-92ad-3447adddb127_thumbnail695.webp"", ""https://www.property.co.zw/uploadedfiles/7b/97/9c/7b979c42-bcae-4d25-a18b-1ff0ec26fa22_thumbnail695.webp"", ""https://www.property.co.zw/uploadedfiles/35/7b/39/357b39d2-8e90-4cca-b4b7-c9b795a2e062_thumbnail695.webp"", ""https://www.property.co.zw/uploadedfiles/99/30/db/9930db6b-2187-4e53-bfce-015c5ce42995_thumbnail695.webp"", ""https://www.property.co.zw/uploadedfiles/76/c6/55/76c65551-4850-4a94-8e52-38e21b35d069_thumbnail695.webp"", ""https://www.property.co.zw/uploadedfiles/63/fb/56/63fb563d-8aea-43c8-a218-0e539ab02977_thumbnail695.webp"", ""https://www.property.co.zw/uploadedfiles/19/2c/79/192c799b-1eb9-4a63-8cc6-61e9b5a65758_thumbnail695.webp"", ""https://www.property.co.zw/uploadedfiles/d9/13/96/d91396e6-d1e6-42f5-9851-b5efffb84f7d_thumbnail695.webp"", ""https://www.property.co.zw/uploadedfiles/04/c1/a7/04c1a778-6dfa-448a-9b9d-43ef6f37e9db_thumbnail695.webp"", ""https://www.property.co.zw/uploadedfiles/41/01/13/410113bb-1921-42e7-b179-c19b98c24c62_thumbnail695.webp"", ""https://www.property.co.zw/uploadedfiles/6a/9c/d1/6a9cd128-1c76-4748-8e52-0c51f9687cf9_thumbnail695.webp"", ""https://www.property.co.zw/uploadedfiles/0e/45/ff/0e45ffb6-4118-4267-a272-29b0cd0fa020_thumbnail695.webp"", ""https://www.property.co.zw/uploadedfiles/27/a3/fe/27a3fe09-b06d-40bd-8d7c-6b404c929762_thumbnail695.webp"", ""https://www.property.co.zw/uploadedfiles/a8/45/f9/a845f93d-c4d6-4577-abb5-830d60ec3248_thumbnail695.webp""]",2026-09-23T16:07:57,False,165000.0,,already USD,False,False,True,True,,False,False,False,False,False,False,False,False,False,False,False,False,False,False,False,False,False,False,False,True,False,False,True,False,0
RWS247363,https://www.property.co.zw/for-sale/houses-rws247363,Finish to your own taste!,55000.0,USD,Fairview,Ruwa,Zimbabwe,"Fairview, Ruwa, Mashonaland East",4,3.0,180.0,m²,300.0,m²,"Secure this 4 bed with two ensuites, 2 lounges, kitchen. The house is currently incomplete at shell level and situated in a fully developed area wit tarred roads,",2026-05-19,2026-05-19T14:00:25+02:00,Rawson Properties Harare,8,"[""https://www.property.co.zw/uploadedfiles/11/df/8b/11df8b3e-e82e-4b7f-b81c-ef1f45655099_thumbnail695.webp"", ""https://www.property.co.zw/uploadedfiles/88/ed/58/88ed58fc-e68f-4526-b9cf-cb8078867d28_thumbnail695.webp"", ""https://www.property.co.zw/uploadedfiles/db/35/be/db35be0d-a1d8-4498-93ae-78482146badc_thumbnail695.webp"", ""https://www.property.co.zw/uploadedfiles/c4/ec/fa/c4ecfa38-3e74-45e9-ab5f-d09b2bb805ac_thumbnail695.webp"", ""https://www.property.co.zw/uploadedfiles/7a/e8/d7/7ae8d7cb-23df-42c5-9143-85ecf2359e2b_thumbnail695.webp"", ""https://www.property.co.zw/uploadedfiles/9a/e9/7f/9ae97f6b-f0e5-40ad-845c-a9174b173c10_thumbnail695.webp"", ""https://www.property.co.zw/uploadedfiles/f7/6c/e5/f76ce5a9-686f-4f84-9768-260d75a05e8c_thumbnail695.webp"", ""https://www.property.co.zw/uploadedfiles/6d/d7/1e/6dd71ef4-4351-481b-b4e2-e64e5b4ba263_thumbnail695.webp""]",2026-09-23T16:08:01,False,55000.0,,already USD,False,False,True,True,"statistical price outlier within its suburb (log-price, 1.5xIQR rule) -- inspect manually, do not assume error",False,False,False,False,False,False,False,False,False,False,False,False,False,False,False,False,False,False,False,False,False,False,False,False,1
FAC254734,https://www.property.co.zw/for-sale/houses-fac254734,Expansive Family Home,700000.0,USD,Rolf Valley,Harare North,Zimbabwe,"Rolf Valley, Harare North, Harare",4,3.0,5312.0,m²,5312.0,m²,"FOR SALE: $700,000
Expansive Family Home | Walking Distance to St John’s College
Rolf Valley, Harare North

4 Bed | 3 Bath | 400m² | 5,312m² Land

Set on a",2026-09-07,2026-09-14T09:36:00+02:00,Fine and Country (Bulawayo),14,"[""https://www.property.co.zw/uploadedfiles/b4/0a/b2/b40ab2eb-f7d5-4fcd-ab0b-6ffa736a5db0_thumbnail695.webp"", ""https://www.property.co.zw/uploadedfiles/89/9a/cd/899acdcf-a400-4216-811d-601d81b68905_thumbnail695.webp"", ""https://www.property.co.zw/uploadedfiles/ad/d6/f4/add6f4df-42a3-4683-b6df-48c6a4ed70ba_thumbnail695.webp"", ""https://www.property.co.zw/uploadedfiles/50/9c/8b/509c8b0c-4d7b-4a4a-ac1b-7663d53f3466_thumbnail695.webp"", ""https://www.property.co.zw/uploadedfiles/5f/03/cf/5f03cf8f-e584-4b04-a568-14714d187d16_thumbnail695.webp"", ""https://www.property.co.zw/uploadedfiles/cf/65/a6/cf65a6c7-0e4a-4adf-be84-5dc85b136dcc_thumbnail695.webp"", ""https://www.property.co.zw/uploadedfiles/3a/b3/ad/3ab3ad3c-7233-4cc0-9da6-e68eaf7ac4f1_thumbnail695.webp"", ""https://www.property.co.zw/uploadedfiles/1d/e9/f2/1de9f2db-c386-4b5c-a5aa-52196151ceeb_thumbnail695.webp"", ""https://www.property.co.zw/uploadedfiles/c8/e7/b5/c8e7b532-3d13-488c-b060-ba36f3aabe2a_thumbnail695.webp"", ""https://www.property.co.zw/uploadedfiles/1f/f1/a4/1ff1a45a-bf77-43d6-83a2-545bb5337f9e_thumbnail695.webp"", ""https://www.property.co.zw/uploadedfiles/06/ec/2a/06ec2aa5-f65b-4d44-aa0c-ef401999a6be_thumbnail695.webp"", ""https://www.property.co.zw/uploadedfiles/22/d7/3c/22d73cf3-3886-485a-974a-bbfb5bd5f367_thumbnail695.webp"", ""https://www.property.co.zw/uploadedfiles/cb/31/63/cb3163eb-7882-406e-aa77-85842da6b2cf_thumbnail695.webp"", ""https://www.property.co.zw/uploadedfiles/f0/fe/25/f0fe2579-bc86-4133-b910-7e7d4dfa0887_thumbnail695.webp""]",2026-09-23T16:08:06,False,700000.0,,already USD,False,False,True,True,,False,False,False,False,False,False,False,False,False,False,False,False,False,False,False,False,False,False,False,False,False,False,False,False,0
TSK229400,https://www.property.co.zw/for-sale/houses-tsk229400,Very Neat And Modern House,100000.0,USD,Glaudina,Harare West,Zimbabwe,"Glaudina, Harare West, Harare",4,2.0,600.0,m²,600.0,m²,"Neatly built 3 bedroomed house in Glaudina with main ensuite and BICs Spacious Kitchen, dining and lounge with a fire place. 
Walled and gated
Corner stand 
600",2025-09-15,2026-09-08T09:20:36+02:00,Three Skys Properties,20,"[""https://www.property.co.zw/uploadedfiles/05/7f/71/057f71d6-c5e9-4c6b-b210-8134d2adcc3e_thumbnail695.webp"", ""https://www.property.co.zw/uploadedfiles/53/e5/26/53e526ab-326d-4de4-9b14-ed313a8a58ee_thumbnail695.webp"", ""https://www.property.co.zw/uploadedfiles/da/80/d0/da80d080-524b-47c5-9a43-312c77c903d1_thumbnail695.webp"", ""https://www.property.co.zw/uploadedfiles/e2/37/2b/e2372b46-48f6-41ad-8dee-7fd2c236566e_thumbnail695.webp"", ""https://www.property.co.zw/uploadedfiles/46/7b/e3/467be359-d391-4052-ab49-b353664e0029_thumbnail695.webp"", ""https://www.property.co.zw/uploadedfiles/75/e2/b2/75e2b294-2881-4e6f-a5e7-7c63cd9aec27_thumbnail695.webp"", ""https://www.property.co.zw/uploadedfiles/de/ef/51/deef5193-cd20-4700-96e4-420569a2784d_thumbnail695.webp"", ""https://www.property.co.zw/uploadedfiles/ab/22/e5/ab22e508-a0d7-4518-8166-179c846d2d93_thumbnail695.webp"", ""https://www.property.co.zw/uploadedfiles/fa/19/3c/fa193c2c-3d14-40f4-b160-d9e78b38bf33_thumbnail695.webp"", ""https://www.property.co.zw/uploadedfiles/7b/90/b2/7b90b243-924a-452c-a60e-010a73dee016_thumbnail695.webp"", ""https://www.property.co.zw/uploadedfiles/c1/0e/d6/c10ed6a8-5487-4721-aa56-a8bd957c9afb_thumbnail695.webp"", ""https://www.property.co.zw/uploadedfiles/c7/5a/7d/c75a7d46-33b6-4984-8cec-379b41ba0e16_thumbnail695.webp"", ""https://www.property.co.zw/uploadedfiles/fd/17/d2/fd17d2b0-84d9-4bc8-935d-1213d718e867_thumbnail695.webp"", ""https://www.property.co.zw/uploadedfiles/6b/77/a2/6b77a24d-4510-4e51-a922-3a722afd824d_thumbnail695.webp"", ""https://www.property.co.zw/uploadedfiles/32/f7/bd/32f7bd74-98cd-41e6-912c-d62fb905fa06_thumbnail695.webp"", ""https://www.property.co.zw/uploadedfiles/f1/26/2f/f1262f9d-bb40-4212-97f3-51e5df10ed93_thumbnail695.webp"", ""https://www.property.co.zw/uploadedfiles/69/d2/3a/69d23a7e-d08d-4868-ba69-47006358b2e7_thumbnail695.webp"", ""https://www.property.co.zw/uploadedfiles/ca/2e/11/ca2e11e8-251e-4809-9cf7-f9a71a26306d_thumbnail695.webp"", ""https://www.property.co.zw/uploadedfiles/5d/20/27/5d202793-ea33-4e7c-9b3c-b277d8ae43e5_thumbnail695.webp"", ""https://www.property.co.zw/uploadedfiles/83/58/e9/8358e9a8-e967-4c96-9b26-7af8d47c48fe_thumbnail695.webp""]",2026-09-23T16:08:10,False,100000.0,,already USD,False,True,True,True,,False,False,False,False,True,False,False,False,False,False,False,False,False,False,False,False,False,False,False,True,True,False,False,False,0
RRT235457,https://www.property.co.zw/for-sale/houses-rrt235457,Stunning Residential Or Business Retreat,1650000.0,USD,Shawasha Hills,Harare North,Zimbabwe,"Shawasha Hills, Harare North, Harare",6,6.0,1000.0,m²,20234.282112,Acres,With its 5-acre estate and panoramic views in Shawasha Hills Estate- This stunning property is perfect for those seeking a luxurious home or business opportunity.,2025-12-01,2026-04-27T13:09:57+02:00,Robert Root,20,"[""https://www.property.co.zw/uploadedfiles/0a/6a/c3/0a6ac365-ace6-4d38-8dd1-deb0e1b761ca_thumbnail695.webp"", ""https://www.property.co.zw/uploadedfiles/ca/16/fc/ca16fca3-ba3e-4a25-80b1-fefabad511ef_thumbnail695.webp"", ""https://www.property.co.zw/uploadedfiles/4a/4d/c8/4a4dc8f3-246e-482b-8c76-f28fc5f0ae74_thumbnail695.webp"", ""https://www.property.co.zw/uploadedfiles/06/4f/5b/064f5b8a-40a2-4e1a-b407-a9f6aef00e83_thumbnail695.webp"", ""https://www.property.co.zw/uploadedfiles/e7/c9/ee/e7c9ee32-dd83-4729-a4a1-a4332ca960e8_thumbnail695.webp"", ""https://www.property.co.zw/uploadedfiles/dc/b1/dc/dcb1dc87-ff56-466e-8ace-aa7fc48cb2be_thumbnail695.webp"", ""https://www.property.co.zw/uploadedfiles/d7/8e/15/d78e15f0-4139-4854-8a1f-cfbc0d327635_thumbnail695.webp"", ""https://www.property.co.zw/uploadedfiles/b9/42/0c/b9420c71-54ef-4777-bb32-e60be9976ac6_thumbnail695.webp"", ""https://www.property.co.zw/uploadedfiles/d6/85/68/d6856827-35b1-417d-96fe-2c105b740998_thumbnail695.webp"", ""https://www.property.co.zw/uploadedfiles/da/ec/c8/daecc820-7036-47b3-8fe0-6030a9e81997_thumbnail695.webp"", ""https://www.property.co.zw/uploadedfiles/47/60/85/47608597-631f-4b31-9ee9-568fa9eaaee7_thumbnail695.webp"", ""https://www.property.co.zw/uploadedfiles/87/1e/a7/871ea726-b381-460d-aa51-dbe0a7d5f590_thumbnail695.webp"", ""https://www.property.co.zw/uploadedfiles/f9/42/f9/f942f985-a342-4983-af17-68047aa3fa0e_thumbnail695.webp"", ""https://www.property.co.zw/uploadedfiles/51/90/1e/51901e98-f2ca-4c22-a572-62f6df295f8e_thumbnail695.webp"", ""https://www.property.co.zw/uploadedfiles/bf/89/8e/bf898e31-eb05-41f3-bb3d-c29fd0e328fd_thumbnail695.webp"", ""https://www.property.co.zw/uploadedfiles/1f/d1/fe/1fd1fe11-e5bc-4bdd-8064-927d458e8928_thumbnail695.webp"", ""https://www.property.co.zw/uploadedfiles/a2/87/10/a28710e0-96b8-49c2-aaaf-7562ac1ae506_thumbnail695.webp"", ""https://www.property.co.zw/uploadedfiles/ca/c5/ea/cac5ead0-adff-4191-9111-54c7f4332bb3_thumbnail695.webp"", ""https://www.property.co.zw/uploadedfiles/22/27/91/22279128-21b0-4cee-823d-bb770256c8fe_thumbnail695.webp"", ""https://www.property.co.zw/uploadedfiles/c7/b8/60/c7b8600e-cae4-4f4d-a529-43f78b3887c7_thumbnail695.webp""]",2026-09-23T16:08:14,False,1650000.0,,already USD,False,False,True,True,,False,False,False,False,False,False,False,False,False,False,False,False,False,False,False,False,False,False,False,False,False,False,False,False,0
RWE253756,https://www.property.co.zw/for-sale/houses-rwe253756,Ruwa Sebassa Park House for Sale,85000.0,USD,Ruwa,Ruwa,Zimbabwe,"Ruwa, Mashonaland East",3,3.0,150.0,m²,400.0,m²,"*RUWA SEBASSA PARK | $85,000 | COUNCIL CESSION*  

A neat 3-bedroom home on a 400sqm corner stand in a quiet area. Main bedroom has en-suite. Features a spacious",2026-08-21,2026-08-21T18:06:57+02:00,Realty World Estate Agents,11,"[""https://www.property.co.zw/uploadedfiles/fa/a2/9c/faa29cb8-dcaf-43ac-be0f-f7d316c5f968_thumbnail695.webp"", ""https://www.property.co.zw/uploadedfiles/b9/21/51/b92151cc-9deb-4cb4-998a-dc24e545d882_thumbnail695.webp"", ""https://www.property.co.zw/uploadedfiles/eb/8c/8c/eb8c8cab-56c2-45a5-ab1c-eb42823c8f6a_thumbnail695.webp"", ""https://www.property.co.zw/uploadedfiles/07/c4/a5/07c4a58b-2428-489e-b392-fa2354389b02_thumbnail695.webp"", ""https://www.property.co.zw/uploadedfiles/8e/8d/d1/8e8dd126-21c9-46f5-a7ae-f5ae6680da23_thumbnail695.webp"", ""https://www.property.co.zw/uploadedfiles/c3/49/b0/c349b0ad-9658-4984-887d-101c5db1b4ff_thumbnail695.webp"", ""https://www.property.co.zw/uploadedfiles/ef/5f/a4/ef5fa4a4-c365-4a64-9f5c-342748f76a70_thumbnail695.webp"", ""https://www.property.co.zw/uploadedfiles/a0/7f/23/a07f23e5-3305-488b-acc7-32bb089b03af_thumbnail695.webp"", ""https://www.property.co.zw/uploadedfiles/e4/f2/c7/e4f2c72d-cfd3-438e-873b-e0ef0c30bf6f_thumbnail695.webp"", ""https://www.property.co.zw/uploadedfiles/d5/66/c6/d566c622-b6a1-47d2-952c-802af960dfe5_thumbnail695.webp"", ""https://www.property.co.zw/uploadedfiles/d8/d8/dd/d8d8dd5a-08d5-4a34-bdfd-11de6cd9597c_thumbnail695.webp""]",2026-09-23T16:08:19,False,85000.0,,already USD,False,False,True,True,,False,False,False,False,False,False,False,False,False,False,False,False,False,False,False,False,False,False,False,True,False,False,False,True,0
MAC234366,https://www.property.co.zw/for-sale/houses-mac234366,Brooke's Finest- Newly Built House,1350000.0,USD,Borrowdale Brooke,Harare North,Zimbabwe,"Borrowdale Brooke, Harare North, Harare",4,4.0,360.0,m²,1000.0,m²,"Borrowdale Brooke Newly Built House
Location: Corner stand, Borrowdale Brooke
Plot size: 1,000 sqm
House:
    - 4 bedrooms, all en-suite
    - Master bedroom",2025-11-18,2026-09-12T10:31:35+02:00,Mac Homes,20,"[""https://www.property.co.zw/uploadedfiles/35/b4/9a/35b49a7c-71d0-4609-b8a5-5e644ad1b213_thumbnail695.webp"", ""https://www.property.co.zw/uploadedfiles/78/8c/56/788c5630-63d5-4f62-bb2f-7489e0b47d95_thumbnail695.webp"", ""https://www.property.co.zw/uploadedfiles/26/ef/9a/26ef9a73-869e-4c45-abbb-2c1eb66c9ffe_thumbnail695.webp"", ""https://www.property.co.zw/uploadedfiles/6e/9d/cd/6e9dcdc1-2fb8-4415-995d-9bb2e6b763c2_thumbnail695.webp"", ""https://www.property.co.zw/uploadedfiles/d3/3f/36/d33f3657-e5fa-4156-92bd-b0525798674a_thumbnail695.webp"", ""https://www.property.co.zw/uploadedfiles/4e/f0/21/4ef021e7-1fc1-445f-b359-dc87dc24fa5f_thumbnail695.webp"", ""https://www.property.co.zw/uploadedfiles/4e/ba/5b/4eba5b8e-2cbc-4e09-807f-0e362b759d1e_thumbnail695.webp"", ""https://www.property.co.zw/uploadedfiles/44/b3/47/44b3472a-8efb-48e1-bc66-05e4fb449b74_thumbnail695.webp"", ""https://www.property.co.zw/uploadedfiles/b4/7f/d4/b47fd4f8-9c82-4fe0-9b5e-522e4783b5aa_thumbnail695.webp"", ""https://www.property.co.zw/uploadedfiles/80/b7/3d/80b73d8c-e121-467a-9b7c-5a694eac599b_thumbnail695.webp"", ""https://www.property.co.zw/uploadedfiles/d0/e6/4f/d0e64f26-fb36-4e1e-b72b-bca7e167e88d_thumbnail695.webp"", ""https://www.property.co.zw/uploadedfiles/7a/30/f6/7a30f6dd-8810-4a2f-a1d6-938155697745_thumbnail695.webp"", ""https://www.property.co.zw/uploadedfiles/58/0a/fa/580afae9-12f4-4422-9249-17ee2d73f06e_thumbnail695.webp"", ""https://www.property.co.zw/uploadedfiles/0a/5a/05/0a5a05e1-1fe5-4b4c-990c-d94f9ce47a20_thumbnail695.webp"", ""https://www.property.co.zw/uploadedfiles/42/0e/2d/420e2d7f-dc12-41f4-9de6-9cb151f35f77_thumbnail695.webp"", ""https://www.property.co.zw/uploadedfiles/3b/9b/8b/3b9b8b58-4e78-47f4-b3b3-5a457043320a_thumbnail695.webp"", ""https://www.property.co.zw/uploadedfiles/41/36/35/41363517-b4b6-428c-b176-3ff33d31a92c_thumbnail695.webp"", ""https://www.property.co.zw/uploadedfiles/5f/fa/de/5ffade72-23ad-4de5-a37d-a59e4dd681ef_thumbnail695.webp"", ""https://www.property.co.zw/uploadedfiles/7f/0f/02/7f0f021e-f420-47fa-8cf7-a015d8f143a2_thumbnail695.webp"", ""https://www.property.co.zw/uploadedfiles/3b/9b/dd/3b9bdd87-d7fd-465b-97a9-5596e8b63807_thumbnail695.webp""]",2026-09-23T16:08:23,False,1350000.0,,already USD,False,False,True,True,,False,False,False,False,False,False,False,False,False,False,False,False,False,False,False,False,False,False,False,True,False,False,False,False,0
PGP250800,https://www.property.co.zw/for-sale/houses-pgp250800,Charming Home in a Gate Secure Complex,160000.0,USD,Manresa,Harare East,Zimbabwe,"Manresa, Harare East, Harare",4,3.0,350.0,m²,868.0,m²,Pam Golding Properties presents this spacious four bedroom home  in a secure gated complex in Manresa. The property features two en-suite bedrooms each with a,2026-07-07,2026-07-13T04:55:47+02:00,Pam Golding Properties,19,"[""https://www.property.co.zw/uploadedfiles/d4/13/0d/d4130d58-a3d5-416c-972d-0bceb05f0d33_thumbnail695.webp"", ""https://www.property.co.zw/uploadedfiles/92/3d/12/923d123e-9364-4af6-b295-4fd419300498_thumbnail695.webp"", ""https://www.property.co.zw/uploadedfiles/4a/20/81/4a208145-524c-4702-a7c8-627a374b6437_thumbnail695.webp"", ""https://www.property.co.zw/uploadedfiles/d8/a9/43/d8a94302-845b-4d1a-bcbd-4ab842150dcd_thumbnail695.webp"", ""https://www.property.co.zw/uploadedfiles/a5/fa/48/a5fa482a-b26e-4bff-a47a-c8cb8fec8c3a_thumbnail695.webp"", ""https://www.property.co.zw/uploadedfiles/12/bb/88/12bb880f-a4ce-4582-9bfc-357fb209b3ef_thumbnail695.webp"", ""https://www.property.co.zw/uploadedfiles/79/b0/9a/79b09adb-cf9d-4acd-a9d6-56372caa30bf_thumbnail695.webp"", ""https://www.property.co.zw/uploadedfiles/c3/cd/93/c3cd9319-7949-43c1-a193-fadae970d91f_thumbnail695.webp"", ""https://www.property.co.zw/uploadedfiles/6c/75/46/6c7546de-49eb-4f25-883b-e4c38baf5373_thumbnail695.webp"", ""https://www.property.co.zw/uploadedfiles/cf/89/95/cf899579-6a04-4285-8695-a122acfb2ddb_thumbnail695.webp"", ""https://www.property.co.zw/uploadedfiles/1d/c2/41/1dc24130-b9cd-4984-b9d4-ce700b951ef0_thumbnail695.webp"", ""https://www.property.co.zw/uploadedfiles/97/93/68/9793680e-b4ee-4af2-870e-f8db535fcd6d_thumbnail695.webp"", ""https://www.property.co.zw/uploadedfiles/65/c1/43/65c143df-5a5e-450c-918d-80985f6aef43_thumbnail695.webp"", ""https://www.property.co.zw/uploadedfiles/ef/e6/5a/efe65a93-bd57-4474-a09c-06ed553f2311_thumbnail695.webp"", ""https://www.property.co.zw/uploadedfiles/e8/10/2c/e8102c92-58dc-461b-9d7b-e9d513533d14_thumbnail695.webp"", ""https://www.property.co.zw/uploadedfiles/a6/9c/b9/a69cb9b2-77ee-4101-bc83-f28f1f707084_thumbnail695.webp"", ""https://www.property.co.zw/uploadedfiles/74/65/f5/7465f56f-7534-4f2f-9cfd-922f42b9cea4_thumbnail695.webp"", ""https://www.property.co.zw/uploadedfiles/bd/5f/66/bd5f667d-6517-4a60-9377-2d9e8aa2a234_thumbnail695.webp"", ""https://www.property.co.zw/uploadedfiles/a4/20/b6/a420b6bb-67eb-4551-bb01-9ffb114397f2_thumbnail695.webp""]",2026-09-23T16:08:27,False,160000.0,,already USD,False,False,True,True,,False,False,False,False,False,False,False,False,False,False,False,False,False,False,False,False,False,False,False,True,False,False,False,False,0
RVL179549,https://www.property.co.zw/for-sale/houses-rvl179549,Hogerty Hill Property For Sale,475000.0,USD,Hogerty Hill,Harare North,Zimbabwe,"Hogerty Hill, Harare North, Harare",5,4.0,750.0,m²,2159.0,m²,Realtor Ville Real Estate is proud to present this beautiful double storey house in Hogerty Hill that you can finish to your own taste.  This property comprises of,2023-12-08,2026-09-22T08:00:54+02:00,Realtor Ville,24,"[""https://www.property.co.zw/uploadedfiles/2a/61/8e/2a618e9d-fda3-42ea-a7ed-ebfdcbdd695a_thumbnail695.webp"", ""https://www.property.co.zw/uploadedfiles/a2/90/ed/a290ed28-730d-4834-825b-1ec2b2e91e0a_thumbnail695.webp"", ""https://www.property.co.zw/uploadedfiles/f0/c0/5f/f0c05f06-d3c6-4b46-b3b1-64ce36e95d07_thumbnail695.webp"", ""https://www.property.co.zw/uploadedfiles/08/2a/d7/082ad758-4353-4973-a563-ed0f0c3a5f4f_thumbnail695.webp"", ""https://www.property.co.zw/uploadedfiles/9d/8f/2f/9d8f2f4a-10a4-42a4-93ca-474f0c9f7c6e_thumbnail695.webp"", ""https://www.property.co.zw/uploadedfiles/c7/e4/7f/c7e47fea-71aa-4410-a372-8a59839f7b03_thumbnail695.webp"", ""https://www.property.co.zw/uploadedfiles/82/c3/83/82c3837b-fa7b-4c7a-923d-6130c613df02_thumbnail695.webp"", ""https://www.property.co.zw/uploadedfiles/71/b0/ea/71b0eaf7-2bd8-4aa5-a495-32cdd59b08b3_thumbnail695.webp"", ""https://www.property.co.zw/uploadedfiles/ba/54/cb/ba54cb65-1fd0-4501-a9e9-6250cf0f623a_thumbnail695.webp"", ""https://www.property.co.zw/uploadedfiles/1f/96/87/1f9687b6-b859-4353-8bc6-ab6294525880_thumbnail695.webp"", ""https://www.property.co.zw/uploadedfiles/e5/ac/0e/e5ac0e09-4396-47a1-b8b6-7d9bdd875463_thumbnail695.webp"", ""https://www.property.co.zw/uploadedfiles/23/f3/8f/23f38fe3-8bb6-4ee7-907f-c7b4140b187e_thumbnail695.webp"", ""https://www.property.co.zw/uploadedfiles/d7/a0/ea/d7a0ea26-1bd1-42a8-b3ec-552a233190a4_thumbnail695.webp"", ""https://www.property.co.zw/uploadedfiles/36/98/d1/3698d1f1-60c9-4b0a-8485-514e28a181e7_thumbnail695.webp"", ""https://www.property.co.zw/uploadedfiles/f9/e7/c7/f9e7c7d0-3c6d-4c2b-a956-54768531fb09_thumbnail695.webp"", ""https://www.property.co.zw/uploadedfiles/02/f1/fa/02f1fa4d-0275-4f64-9528-a660102e20aa_thumbnail695.webp"", ""https://www.property.co.zw/uploadedfiles/8f/04/76/8f0476ef-1c5e-49de-a770-c0b021a1e454_thumbnail695.webp"", ""https://www.property.co.zw/uploadedfiles/c9/6f/d1/c96fd10f-ed5a-4e3e-bb2a-0ff68c59461e_thumbnail695.webp"", ""https://www.property.co.zw/uploadedfiles/67/2a/40/672a40b6-9602-435b-8823-1f92546f2818_thumbnail695.webp"", ""https://www.property.co.zw/uploadedfiles/7e/d8/f3/7ed8f3f7-b63f-4fe6-a240-03d503070fd3_thumbnail695.webp"", ""https://www.property.co.zw/uploadedfiles/1d/34/02/1d3402bc-fcc4-4697-a287-6c37d0be6b80_thumbnail695.webp"", ""https://www.property.co.zw/uploadedfiles/73/3c/53/733c5354-9107-4479-9390-6a104b7e067f_thumbnail695.webp"", ""https://www.property.co.zw/uploadedfiles/6e/93/39/6e93399b-e778-4193-9c70-cb925768d2d3_thumbnail695.webp"", ""https://www.property.co.zw/uploadedfiles/cb/19/d8/cb19d817-820c-4257-a33b-d62b7bc39469_thumbnail695.webp""]",2026-09-23T16:08:32,False,475000.0,,already USD,False,False,True,True,,True,False,False,False,False,False,False,False,False,False,False,False,False,False,False,False,False,False,False,False,False,False,False,False,2
SMTP244013,https://www.property.co.zw/for-sale/houses-smtp244013,Luxury 4 bedroomed Family Home for Sale ,900000.0,USD,Highlands,Harare North,Zimbabwe,"Highlands, Harare North, Harare",4,3.0,650.0,m²,3966.0,m²,"Set on a generous 3,966sqm stand, this exceptional property offers the perfect blend of space, comfort, and modern convenience in a serene and secure environment.",2026-04-02,2026-07-17T13:58:44+02:00,Summit Properties,16,"[""https://www.property.co.zw/uploadedfiles/4d/eb/29/4deb29af-b473-4f5d-be12-2754abd75c20_thumbnail695.webp"", ""https://www.property.co.zw/uploadedfiles/dd/c8/b8/ddc8b817-5d82-4ffc-b601-bd90a5c4b69e_thumbnail695.webp"", ""https://www.property.co.zw/uploadedfiles/c1/89/04/c18904dd-6546-4f9d-ac37-aeba8425ab78_thumbnail695.webp"", ""https://www.property.co.zw/uploadedfiles/ee/1b/4b/ee1b4b2c-e0e2-416b-9f17-c988f0a3d112_thumbnail695.webp"", ""https://www.property.co.zw/uploadedfiles/e6/a5/de/e6a5de25-abb5-4464-8591-2841e7d96b64_thumbnail695.webp"", ""https://www.property.co.zw/uploadedfiles/81/68/0b/81680b63-3957-4256-8732-330f33e47088_thumbnail695.webp"", ""https://www.property.co.zw/uploadedfiles/d0/99/a6/d099a613-4a67-49f6-9cbe-433f065ca1ea_thumbnail695.webp"", ""https://www.property.co.zw/uploadedfiles/04/f9/3e/04f93ef1-b4c8-410a-9fd6-d7c6ebaed1e4_thumbnail695.webp"", ""https://www.property.co.zw/uploadedfiles/a4/3f/e2/a43fe2b4-7282-4012-bfec-d127b2853416_thumbnail695.webp"", ""https://www.property.co.zw/uploadedfiles/de/86/ad/de86adb4-e8de-40a2-a329-4c2b8d2a893e_thumbnail695.webp"", ""https://www.property.co.zw/uploadedfiles/41/cd/ab/41cdab07-863b-4663-b273-a28edc6515a4_thumbnail695.webp"", ""https://www.property.co.zw/uploadedfiles/b1/e8/31/b1e83185-cc1a-47d9-85df-811b1f42351f_thumbnail695.webp"", ""https://www.property.co.zw/uploadedfiles/ec/bd/ba/ecbdbafb-a6cc-4fc0-8d13-ebec9de0bcef_thumbnail695.webp"", ""https://www.property.co.zw/uploadedfiles/75/3a/07/753a0796-caa4-4b65-ac70-b06d99bc5a93_thumbnail695.webp"", ""https://www.property.co.zw/uploadedfiles/9a/33/80/9a3380e6-690f-4efa-929b-7f11b146d9cd_thumbnail695.webp"", ""https://www.property.co.zw/uploadedfiles/9c/ca/3b/9cca3b71-34da-4b62-a0d7-eecd631b54f0_thumbnail695.webp""]",2026-09-23T16:08:36,False,900000.0,,already USD,False,False,True,True,,False,False,False,False,False,False,False,False,False,False,False,False,False,False,False,False,False,False,False,False,False,False,False,False,0
RWS250100,https://www.property.co.zw/for-sale/houses-rws250100,Gletwin House For Sale,480000.0,USD,Gletwin Park,Harare North,Zimbabwe,"Gletwin Park, Harare North, Harare",6,5.0,450.0,m²,2000.0,m²,"Back on the market!
Gletwin House For Sale, (480k negotiable) 2000sqm 

Rawson Properties are pleased to present a stunning double-storey home for sale in",2026-06-26,2026-07-22T09:20:11+02:00,Rawson Properties Harare,14,"[""https://www.property.co.zw/uploadedfiles/62/6e/dc/626edc89-b5a0-4587-8a72-09254e17dede_thumbnail695.webp"", ""https://www.property.co.zw/uploadedfiles/54/32/1c/54321c2e-4ac9-4b8e-9868-ff2c5fe347fb_thumbnail695.webp"", ""https://www.property.co.zw/uploadedfiles/a0/8c/1a/a08c1ae3-7c9d-4bdd-981f-f835013d4f9d_thumbnail695.webp"", ""https://www.property.co.zw/uploadedfiles/2b/cd/44/2bcd44f2-8c3e-41a2-a741-ef23a2ee26f4_thumbnail695.webp"", ""https://www.property.co.zw/uploadedfiles/b0/5d/47/b05d4767-bfff-4a38-8a2b-71c70d927231_thumbnail695.webp"", ""https://www.property.co.zw/uploadedfiles/39/e2/12/39e2123a-d21b-41f2-bc00-a1584415c918_thumbnail695.webp"", ""https://www.property.co.zw/uploadedfiles/7b/6c/e5/7b6ce5ca-e7e9-4e51-a782-fe1516180748_thumbnail695.webp"", ""https://www.property.co.zw/uploadedfiles/35/a8/8a/35a88aad-574c-4a49-ae80-491c2800a210_thumbnail695.webp"", ""https://www.property.co.zw/uploadedfiles/f2/d6/39/f2d639d0-3e78-4955-838d-71e127d2cc6d_thumbnail695.webp"", ""https://www.property.co.zw/uploadedfiles/fa/5f/d8/fa5fd890-b67e-45e2-983c-c32acdb36f8d_thumbnail695.webp"", ""https://www.property.co.zw/uploadedfiles/bb/c7/36/bbc73619-b1c8-4da2-8416-96c190780c72_thumbnail695.webp"", ""https://www.property.co.zw/uploadedfiles/d6/7a/de/d67ade35-2951-41c6-88e0-bbfda851eb62_thumbnail695.webp"", ""https://www.property.co.zw/uploadedfiles/d3/0f/30/d30f305c-b99f-4a8e-a89d-b79fe5e4f44a_thumbnail695.webp"", ""https://www.property.co.zw/uploadedfiles/43/4b/f9/434bf979-dcc5-4ce3-80b5-999caa2d44ff_thumbnail695.webp""]",2026-09-23T16:08:40,False,480000.0,,already USD,False,False,True,True,,False,False,False,False,False,False,False,False,False,False,False,False,False,False,False,False,False,False,False,False,False,False,False,False,0
KNP249491,https://www.property.co.zw/for-sale/houses-knp249491,Mabelreign Home - Asking Price Negotiable - Serious Sellers,220000.0,USD,Mabelreign,Harare West,Zimbabwe,"Mabelreign, Harare West, Harare",3,1.0,200.0,m²,1840.0,m²,"All offers will be considered 

~ Land size 1840 s/mtrs ~ good soil ~ Occupation upon full payment 

This solid brick under tile home offers home owners or",2026-06-17,2026-08-31T14:25:43+02:00,Kennan Properties,20,"[""https://www.property.co.zw/uploadedfiles/90/5f/8b/905f8b90-a6f9-4cb0-9c3a-2a5333702ec1_thumbnail695.webp"", ""https://www.property.co.zw/uploadedfiles/a9/cc/7a/a9cc7ad9-bdda-45d9-84d3-739969cda8c1_thumbnail695.webp"", ""https://www.property.co.zw/uploadedfiles/64/ba/58/64ba583e-e113-4f99-a987-5c09a3d25c1e_thumbnail695.webp"", ""https://www.property.co.zw/uploadedfiles/99/5a/85/995a85e4-2494-4755-a23d-54720b8598ab_thumbnail695.webp"", ""https://www.property.co.zw/uploadedfiles/7b/83/6d/7b836d9c-9872-424e-a5e7-6fd3f7c03380_thumbnail695.webp"", ""https://www.property.co.zw/uploadedfiles/40/f2/18/40f218fb-92f4-4289-9f45-381704973d75_thumbnail695.webp"", ""https://www.property.co.zw/uploadedfiles/16/1a/47/161a4717-f5c7-4105-8590-fc786a1ec3c8_thumbnail695.webp"", ""https://www.property.co.zw/uploadedfiles/25/db/0a/25db0acd-517b-401d-86b3-a801f95db3b8_thumbnail695.webp"", ""https://www.property.co.zw/uploadedfiles/54/ad/fb/54adfb92-9e17-49a7-87e9-77b850b4688f_thumbnail695.webp"", ""https://www.property.co.zw/uploadedfiles/24/04/e5/2404e5ba-149e-4c1c-901f-81c6135e7681_thumbnail695.webp"", ""https://www.property.co.zw/uploadedfiles/ce/de/3d/cede3d3f-309c-4d2a-b2e7-b3f03a22e574_thumbnail695.webp"", ""https://www.property.co.zw/uploadedfiles/00/f2/56/00f2560d-c56b-4c67-b56f-0a7cd61427c8_thumbnail695.webp"", ""https://www.property.co.zw/uploadedfiles/c4/bb/1d/c4bb1d0e-5167-4850-8043-c2419adc3c56_thumbnail695.webp"", ""https://www.property.co.zw/uploadedfiles/6e/a7/f3/6ea7f339-8bde-4885-8ef8-4d9d024feea6_thumbnail695.webp"", ""https://www.property.co.zw/uploadedfiles/41/0b/7a/410b7a42-ccb7-4f53-863e-7a343f15f54c_thumbnail695.webp"", ""https://www.property.co.zw/uploadedfiles/94/44/52/944452ea-88b5-4367-ae87-f9064b05d3fb_thumbnail695.webp"", ""https://www.property.co.zw/uploadedfiles/89/4c/ca/894cca3f-6698-44da-a597-5811c3e54551_thumbnail695.webp"", ""https://www.property.co.zw/uploadedfiles/cb/4b/5b/cb4b5b0a-f1b7-4420-8472-d2a5045ac899_thumbnail695.webp"", ""https://www.property.co.zw/uploadedfiles/0a/27/a7/0a27a710-bff6-4a62-b039-e70f86894c0b_thumbnail695.webp"", ""https://www.property.co.zw/uploadedfiles/44/89/8e/44898e2e-2aed-4ea0-adcd-9eb1407e5c31_thumbnail695.webp""]",2026-09-23T16:08:45,False,220000.0,,already USD,False,False,True,True,,False,False,False,False,False,False,False,False,False,False,False,False,False,False,False,False,False,False,False,False,False,False,False,False,0
KNP190333,https://www.property.co.zw/for-sale/houses-knp201018,Solid 5 Bedroom Home With Lots To Offer!  ,230000.0,USD,Goodhope,Harare West,Zimbabwe,"Goodhope, Harare West, Harare",5,4.0,,,2175.0,m²,"OFFERS OVER $200K
Situated on 2175sqm, this exceptional property offers:
- 5 spacious bedrooms, 3 en-suite & family bath, toilet, and basin
- Main bedroom with",2024-09-17,2026-07-21T15:44:38+02:00,Kennan Properties,12,"[""https://www.property.co.zw/uploadedfiles/ef/e2/ce/efe2ce08-f28b-4d72-9783-d01746bc4a74_thumbnail695.webp"", ""https://www.property.co.zw/uploadedfiles/da/fa/22/dafa22af-f6c8-45ac-948c-5a0d3dc42e99_thumbnail695.webp"", ""https://www.property.co.zw/uploadedfiles/2e/33/de/2e33defe-0e14-4987-b846-79e58d2bcb48_thumbnail695.webp"", ""https://www.property.co.zw/uploadedfiles/fe/3f/74/fe3f74cd-d2aa-4f4d-a406-cff9b1cb99b8_thumbnail695.webp"", ""https://www.property.co.zw/uploadedfiles/f7/83/6d/f7836d8d-05ee-436b-9db8-fdcd9b535ca8_thumbnail695.webp"", ""https://www.property.co.zw/uploadedfiles/e9/fe/c6/e9fec6f7-11a5-4124-be6c-0b570d096165_thumbnail695.webp"", ""https://www.property.co.zw/uploadedfiles/aa/04/64/aa046488-f237-4d08-b83e-24f6aa9a5a4d_thumbnail695.webp"", ""https://www.property.co.zw/uploadedfiles/43/f8/1c/43f81c5d-47c7-4621-9d24-6ed27b004f92_thumbnail695.webp"", ""https://www.property.co.zw/uploadedfiles/17/40/b3/1740b361-4898-4815-808d-454105cec4fe_thumbnail695.webp"", ""https://www.property.co.zw/uploadedfiles/90/07/a5/9007a502-788f-41db-9260-dbc84a98bf8b_thumbnail695.webp"", ""https://www.property.co.zw/uploadedfiles/ff/cf/ee/ffcfeed4-2ba0-4c7b-ba85-6cf267de1c06_thumbnail695.webp"", ""https://www.property.co.zw/uploadedfiles/25/82/2c/25822cbb-20c6-4dee-94fa-72286ca939e4_thumbnail695.webp""]",2026-09-23T16:08:49,False,230000.0,,already USD,False,False,True,False,,False,False,False,False,False,False,False,False,False,False,False,False,False,False,False,False,False,False,False,True,False,False,False,False,0
KNP130922,https://www.property.co.zw/for-sale/houses-knp130922,Charming Colonial Style Home  Built In 1914,620000.0,USD,Avondale,Harare North,Zimbabwe,"Mcloughlin Avenue, Avondale, Harare North, Harare",3,2.0,500.0,m²,4100.0,m²,(Ref# 3114) Absolutely Charming Colonial Style home the main part of which was built in 1914. Situated at the bottom of the Avondale Ridge and not far from the,2021-09-02,2026-09-16T11:53:31+02:00,Kennan Properties,20,"[""https://www.property.co.zw/uploadedfiles/c5/90/92/c59092ac-a689-4bb4-91ac-cea7bb9b5dcf_thumbnail695.webp"", ""https://www.property.co.zw/uploadedfiles/49/7a/a9/497aa924-642f-418b-a403-0ff37ccf154f_thumbnail695.webp"", ""https://www.property.co.zw/uploadedfiles/7f/86/b8/7f86b806-c87a-481f-980a-c74cfc5e253b_thumbnail695.webp"", ""https://www.property.co.zw/uploadedfiles/2f/c9/f8/2fc9f82b-231c-48d1-8ca2-fa339144da54_thumbnail695.webp"", ""https://www.property.co.zw/uploadedfiles/fd/60/88/fd6088a9-aeba-4ab0-8996-0924dd1df897_thumbnail695.webp"", ""https://www.property.co.zw/uploadedfiles/84/d3/d9/84d3d95c-b1d1-4677-83db-67e3c199a053_thumbnail695.webp"", ""https://www.property.co.zw/uploadedfiles/6f/27/7c/6f277cd2-d214-455f-9e59-66fd3cf13b4b_thumbnail695.webp"", ""https://www.property.co.zw/uploadedfiles/18/59/9e/18599e6b-5326-4dbe-82b5-459999fdfe20_thumbnail695.webp"", ""https://www.property.co.zw/uploadedfiles/ff/2b/54/ff2b5484-ec36-40ed-b4cd-1b4b66b49295_thumbnail695.webp"", ""https://www.property.co.zw/uploadedfiles/4c/83/48/4c8348a7-10db-414a-90d9-7c2c0c51bce0_thumbnail695.webp"", ""https://www.property.co.zw/uploadedfiles/d2/a4/ea/d2a4eaab-d245-4348-bc08-d5683deb97c1_thumbnail695.webp"", ""https://www.property.co.zw/uploadedfiles/72/c1/6e/72c16e78-d4d6-4d1e-a84b-465fa37d2dc7_thumbnail695.webp"", ""https://www.property.co.zw/uploadedfiles/56/78/64/567864c5-e307-4ba9-9020-92dd322572c5_thumbnail695.webp"", ""https://www.property.co.zw/uploadedfiles/2b/5a/d1/2b5ad110-465d-4a16-8805-de09ae4f2a65_thumbnail695.webp"", ""https://www.property.co.zw/uploadedfiles/77/9d/be/779dbef4-3034-4f98-bfa7-4d7d99031f48_thumbnail695.webp"", ""https://www.property.co.zw/uploadedfiles/d1/25/98/d12598e1-93a2-4c69-89be-77cdbc36cb36_thumbnail695.webp"", ""https://www.property.co.zw/uploadedfiles/5c/1f/66/5c1f66b9-85fb-48f0-918f-6f451c724f13_thumbnail695.webp"", ""https://www.property.co.zw/uploadedfiles/24/2d/c1/242dc18a-2a49-46ec-9194-fc91968d703d_thumbnail695.webp"", ""https://www.property.co.zw/uploadedfiles/05/d0/5d/05d05d61-791f-4901-9483-ca0d52275708_thumbnail695.webp"", ""https://www.property.co.zw/uploadedfiles/6e/f3/d9/6ef3d9ec-e05f-4a0d-8699-0c72d907647e_thumbnail695.webp""]",2026-09-23T16:08:54,False,620000.0,,already USD,False,False,True,True,,False,False,False,False,False,False,False,False,False,False,False,False,False,False,False,False,False,False,False,False,False,False,False,False,0
HFP255183,https://www.property.co.zw/for-sale/houses-hfp255183,Granary house phase 1 for sale ,35000.0,USD,Granary Park,Harare High Density,Zimbabwe,"Granary Park, Harare High Density, Harare",3,2.0,250.0,m²,300.0,m²,"HOUSE FOR SALE – GRANARY PHASE 1
? 3-Bedroom Home | Developers Cession
?? Granary Phase 1
Property Features: • 3 Bedrooms
• Combined Lounge & Dining
•",2026-09-14,2026-09-16T09:29:27+02:00,Homesforth Properties,2,"[""https://www.property.co.zw/uploadedfiles/5d/3e/a9/5d3ea99a-0f7d-477e-9d6e-9ab2fcfe4391_thumbnail695.webp"", ""https://www.property.co.zw/uploadedfiles/bf/a5/1d/bfa51daf-9586-468d-96bf-13ec0273aa57_thumbnail695.webp""]",2026-09-23T16:08:58,False,35000.0,,already USD,False,False,True,True,,False,False,False,False,False,False,False,False,False,False,False,False,False,False,False,False,False,False,False,False,False,False,False,True,0
GLRE250429,https://www.property.co.zw/for-sale/houses-glre250429,"Stylish 3-Bed, 3-Bath Ashbrittle Home with Borehole",255000.0,USD,Ashbrittle,Harare West,Zimbabwe,"Ashbrittle, Harare West, Harare",3,3.0,250.0,m²,600.0,m²,"Stunning modern double-storey family home in Ashbrittle, Harare West — 3 bedrooms, 3 bathrooms on a generous 600 m² stand with 250 m² of living space. As seen in",2026-07-01,2026-07-01T15:18:41+02:00,GoldenWill Real Estate,19,"[""https://www.property.co.zw/uploadedfiles/cb/69/6a/cb696a68-8853-430c-b14e-893a236e181e_thumbnail695.webp"", ""https://www.property.co.zw/uploadedfiles/ae/a5/dc/aea5dcf5-e9a7-4bff-b501-24e42b76719a_thumbnail695.webp"", ""https://www.property.co.zw/uploadedfiles/fe/8d/0e/fe8d0ece-70f3-4b3f-ac33-02704095d110_thumbnail695.webp"", ""https://www.property.co.zw/uploadedfiles/51/59/0c/51590c81-8471-400f-8a37-03c7cdf46629_thumbnail695.webp"", ""https://www.property.co.zw/uploadedfiles/ac/3d/3e/ac3d3e5a-561d-405e-b82e-287beeaa2905_thumbnail695.webp"", ""https://www.property.co.zw/uploadedfiles/b1/5d/af/b15dafb6-7c94-4f69-ad04-d6c2480ec429_thumbnail695.webp"", ""https://www.property.co.zw/uploadedfiles/bb/6e/71/bb6e714b-8ce1-4cfb-b192-a9b90190f9b9_thumbnail695.webp"", ""https://www.property.co.zw/uploadedfiles/7f/c0/55/7fc05538-81b8-4403-aafd-dd2200be729c_thumbnail695.webp"", ""https://www.property.co.zw/uploadedfiles/30/69/b4/3069b40b-f294-484c-a274-b024ed802bd9_thumbnail695.webp"", ""https://www.property.co.zw/uploadedfiles/a2/d5/75/a2d5752c-6405-46cb-a23a-3647b7a5d3ca_thumbnail695.webp"", ""https://www.property.co.zw/uploadedfiles/d8/76/97/d876979a-6046-435d-a98f-a88d7a07beaa_thumbnail695.webp"", ""https://www.property.co.zw/uploadedfiles/23/97/a1/2397a1be-bebb-4df7-95a1-a7077c5d9bc6_thumbnail695.webp"", ""https://www.property.co.zw/uploadedfiles/cd/7f/b8/cd7fb8de-ff6e-4832-a63e-0a73846bbc44_thumbnail695.webp"", ""https://www.property.co.zw/uploadedfiles/02/32/0d/02320d1a-e0a3-49f3-bda8-22e4e1f78a50_thumbnail695.webp"", ""https://www.property.co.zw/uploadedfiles/7d/1f/ac/7d1fac5f-e2e2-4175-8013-16aa31a02b5e_thumbnail695.webp"", ""https://www.property.co.zw/uploadedfiles/f7/e1/f8/f7e1f836-a1b4-4993-9a7f-98d747800c55_thumbnail695.webp"", ""https://www.property.co.zw/uploadedfiles/75/db/77/75db7708-a19f-43d5-8dde-28bf2d4f9e4e_thumbnail695.webp"", ""https://www.property.co.zw/uploadedfiles/5e/60/50/5e6050a0-3a2b-4f5c-b767-c740f9a5d57b_thumbnail695.webp"", ""https://www.property.co.zw/uploadedfiles/91/eb/ab/91ebab0b-b43e-4513-a0a4-56a6a9c28697_thumbnail695.webp""]",2026-09-23T16:09:02,False,255000.0,,already USD,False,False,True,True,,False,False,False,False,False,False,False,False,False,False,False,False,False,False,False,False,False,False,False,False,False,False,False,False,0
RWE251654,https://www.property.co.zw/for-sale/houses-rwe251654,"For Sale: 5-Bed Home with 2-Bed Cottage – Zimre Park, Ruwa",100000.0,USD,Zimre Park,Harare East,Zimbabwe,"Zimre Park, Harare East, Harare",4,2.0,,,840.0,m²,"Location: Zimre Park, Ruwa
Land size: 840sqm
Ownership: Title deeds
Asking price: USD 100,000

This home in Zimre Park offers spacious living and practical",2026-07-17,2026-08-18T15:14:25+02:00,Realty World Estate Agents,15,"[""https://www.property.co.zw/uploadedfiles/34/11/32/341132e7-b38e-4672-a68a-7bfd390d3b75_thumbnail695.webp"", ""https://www.property.co.zw/uploadedfiles/cc/ba/0a/ccba0acc-157e-49e0-8adb-1c845dfbf04b_thumbnail695.webp"", ""https://www.property.co.zw/uploadedfiles/e6/c9/d2/e6c9d242-3a8e-4043-95ab-8726aa36b00b_thumbnail695.webp"", ""https://www.property.co.zw/uploadedfiles/59/79/8e/59798e66-8dab-4d91-af90-03410a264265_thumbnail695.webp"", ""https://www.property.co.zw/uploadedfiles/69/7e/79/697e79fe-ce08-4652-9f50-f7c902758a28_thumbnail695.webp"", ""https://www.property.co.zw/uploadedfiles/fc/d4/ba/fcd4ba87-4303-4e37-9776-6e694e1571ab_thumbnail695.webp"", ""https://www.property.co.zw/uploadedfiles/ee/bf/78/eebf78ce-75e0-4403-8757-c285aecdf77d_thumbnail695.webp"", ""https://www.property.co.zw/uploadedfiles/28/dc/6b/28dc6bb2-280c-4f33-aa68-a6faec9b53ac_thumbnail695.webp"", ""https://www.property.co.zw/uploadedfiles/ac/82/9f/ac829f7d-fafa-48f5-8283-9eb12b57841c_thumbnail695.webp"", ""https://www.property.co.zw/uploadedfiles/9b/a5/bd/9ba5bdfa-ce77-4c1a-bd05-d6f40ab1b4c5_thumbnail695.webp"", ""https://www.property.co.zw/uploadedfiles/34/cc/0b/34cc0b1a-5b77-406f-9f45-d9d022e9db23_thumbnail695.webp"", ""https://www.property.co.zw/uploadedfiles/93/74/ad/9374ad61-4197-4961-9cad-1031f3069b2e_thumbnail695.webp"", ""https://www.property.co.zw/uploadedfiles/80/6a/4b/806a4b02-0cc4-4d31-8a52-ebffcb1090f5_thumbnail695.webp"", ""https://www.property.co.zw/uploadedfiles/d8/ac/95/d8ac9533-16fa-444d-b1a6-85c9ec1b360d_thumbnail695.webp"", ""https://www.property.co.zw/uploadedfiles/16/5d/05/165d05d4-9af2-4735-9be9-ef0e944dc8a5_thumbnail695.webp""]",2026-09-23T16:09:07,False,100000.0,,already USD,False,False,True,False,,False,False,False,False,False,False,False,False,False,False,False,False,False,False,False,False,False,False,False,False,False,False,True,False,0
ACH245978,https://www.property.co.zw/for-sale/houses-ach245978,Granary house for sale,36000.0,USD,Granary Park,Harare High Density,Zimbabwe,"Granary Park, Harare High Density, Harare",4,3.0,200.0,m²,300.0,m²,4 beds on 300sqm Cession ,2026-04-29,2026-07-30T09:49:31+02:00,Access Homes,16,"[""https://www.property.co.zw/uploadedfiles/a6/52/79/a6527948-a525-471c-944e-825d78e19f8d_thumbnail695.webp"", ""https://www.property.co.zw/uploadedfiles/d0/d8/2c/d0d82cb2-ce70-488b-8213-1391403c4485_thumbnail695.webp"", ""https://www.property.co.zw/uploadedfiles/61/55/47/6155474a-b5fb-4f3b-b952-90b1dc5d5d53_thumbnail695.webp"", ""https://www.property.co.zw/uploadedfiles/0e/06/52/0e065256-ff8b-4f80-9d4c-9c4eaea6161e_thumbnail695.webp"", ""https://www.property.co.zw/uploadedfiles/e6/1a/93/e61a9320-fbfd-4728-8602-96d91eb0c7d5_thumbnail695.webp"", ""https://www.property.co.zw/uploadedfiles/9e/44/72/9e447202-f337-4aba-bd64-a4ec885caa2a_thumbnail695.webp"", ""https://www.property.co.zw/uploadedfiles/4f/04/8c/4f048c64-3a6e-481b-8e3e-22a5f59204a4_thumbnail695.webp"", ""https://www.property.co.zw/uploadedfiles/ec/49/d6/ec49d69c-7576-4071-af57-688248e708dc_thumbnail695.webp"", ""https://www.property.co.zw/uploadedfiles/2e/13/89/2e1389e0-040a-40c6-8b10-78694d0e80ef_thumbnail695.webp"", ""https://www.property.co.zw/uploadedfiles/c6/58/2f/c6582fdf-0a9a-4fe4-b2de-a840efb0bc36_thumbnail695.webp"", ""https://www.property.co.zw/uploadedfiles/25/ac/ea/25acea50-8e84-4df3-af85-93d317debb28_thumbnail695.webp"", ""https://www.property.co.zw/uploadedfiles/ef/cf/97/efcf97a7-2da0-43fb-88d6-a48d248a2815_thumbnail695.webp"", ""https://www.property.co.zw/uploadedfiles/03/c1/73/03c17327-1727-4cd2-ae60-b60750272ab2_thumbnail695.webp"", ""https://www.property.co.zw/uploadedfiles/9f/35/59/9f3559db-b5b8-49c2-8a3e-b1c615d885ab_thumbnail695.webp"", ""https://www.property.co.zw/uploadedfiles/e7/11/93/e711932a-2cb6-4cd0-931b-dc23a35168f8_thumbnail695.webp"", ""https://www.property.co.zw/uploadedfiles/39/c2/7e/39c27e73-0ccf-496a-bf06-71eaf63a0da8_thumbnail695.webp""]",2026-09-23T16:09:11,False,36000.0,,already USD,False,True,True,True,,False,False,False,False,False,False,False,False,False,False,False,False,False,False,False,False,False,False,False,False,False,False,False,True,0
RWS254345,https://www.property.co.zw/for-sale/houses-rws254345,Carrick Creagh -Borrowdale incomplete mansion for sale ,215000.0,USD,Carrick Creagh,Harare North,Zimbabwe,"Carrick Creagh, Harare North, Harare",6,5.0,875.0,m²,1997.0,m²,An incomplete double storey mansion is up for sale in a leafy and  mature harare northern suburb.The property has a floor area of 875 Sqm.The house features 6,2026-09-01,2026-09-01T06:41:37+02:00,Rawson Properties Harare,20,"[""https://www.property.co.zw/uploadedfiles/7b/8b/8d/7b8b8d78-33ae-4529-984a-235a85bdb862_thumbnail695.webp"", ""https://www.property.co.zw/uploadedfiles/06/32/33/0632331c-0418-4318-a6d4-88fab29054b9_thumbnail695.webp"", ""https://www.property.co.zw/uploadedfiles/fa/5f/b3/fa5fb3f4-da37-4152-a9a4-68ef9d2335b2_thumbnail695.webp"", ""https://www.property.co.zw/uploadedfiles/8a/03/51/8a035153-2b2f-46df-8e4b-d0bfe30e6a2b_thumbnail695.webp"", ""https://www.property.co.zw/uploadedfiles/25/1b/32/251b32a3-417c-4f7c-89a5-6c6bb261656e_thumbnail695.webp"", ""https://www.property.co.zw/uploadedfiles/24/72/c8/2472c8bd-7168-47ae-b020-d171955805ec_thumbnail695.webp"", ""https://www.property.co.zw/uploadedfiles/4a/23/c5/4a23c5a6-d081-48cf-a21d-3134db723032_thumbnail695.webp"", ""https://www.property.co.zw/uploadedfiles/d6/8d/8f/d68d8f8c-2ce9-4e9a-8bdf-169bdf1bbb93_thumbnail695.webp"", ""https://www.property.co.zw/uploadedfiles/76/e6/f3/76e6f300-c5a3-4019-9bdb-3a4f4c9cafa9_thumbnail695.webp"", ""https://www.property.co.zw/uploadedfiles/a2/a8/f7/a2a8f76f-929d-4b43-9be3-e18c5065b1af_thumbnail695.webp"", ""https://www.property.co.zw/uploadedfiles/f9/09/3c/f9093c79-b16d-4d61-b781-209a95537697_thumbnail695.webp"", ""https://www.property.co.zw/uploadedfiles/7b/41/d2/7b41d24d-c712-4587-b64f-f289186170a7_thumbnail695.webp"", ""https://www.property.co.zw/uploadedfiles/ae/17/56/ae175655-0954-4704-8874-8acf5b5e044b_thumbnail695.webp"", ""https://www.property.co.zw/uploadedfiles/2b/cb/ac/2bcbacae-ee01-4301-978c-466088cbcdab_thumbnail695.webp"", ""https://www.property.co.zw/uploadedfiles/66/fc/51/66fc510a-6211-4f78-8525-519d21f6ea90_thumbnail695.webp"", ""https://www.property.co.zw/uploadedfiles/e2/4b/82/e24b8210-6ea4-463c-bccd-8ca6f5ee0423_thumbnail695.webp"", ""https://www.property.co.zw/uploadedfiles/0f/8d/75/0f8d75ba-ebf2-486a-a4b2-6d08e70c6fd0_thumbnail695.webp"", ""https://www.property.co.zw/uploadedfiles/18/74/a9/1874a929-9903-4b07-bd0e-9b945188c3c9_thumbnail695.webp"", ""https://www.property.co.zw/uploadedfiles/da/6e/33/da6e33cc-ccde-46f1-a691-52382b6fda5b_thumbnail695.webp"", ""https://www.property.co.zw/uploadedfiles/22/ce/79/22ce795f-0a18-478b-9de0-2e0547cc7b97_thumbnail695.webp""]",2026-09-23T16:09:16,False,215000.0,,already USD,False,False,True,True,"statistical price outlier within its suburb (log-price, 1.5xIQR rule) -- inspect manually, do not assume error",False,False,False,False,False,False,False,False,False,False,False,False,False,False,False,False,False,False,False,False,False,False,False,False,1
LVP254752,https://www.property.co.zw/for-sale/houses-lvp254752,Neat house in Glen View 3,48000.0,USD,Glen View,Harare High Density,Zimbabwe,"Glen View, Harare High Density, Harare",5,1.0,150.0,m²,250.0,m²,"Solid single-storey family home in Glen View (Harare High Density) — 5 bedrooms, 1 bathroom, 150 m² of living space on a compact 250 m² stand. The exterior",2026-09-07,2026-09-07T18:18:07+02:00,Lightvale Properties,20,"[""https://www.property.co.zw/uploadedfiles/79/06/f8/7906f83b-0aea-4817-a0e7-fb5a8eaa7ef1_thumbnail695.webp"", ""https://www.property.co.zw/uploadedfiles/5f/f3/ff/5ff3ff76-b587-4699-8f48-8e89b35afd90_thumbnail695.webp"", ""https://www.property.co.zw/uploadedfiles/39/91/9c/39919cb4-1dba-495b-b1a5-fd0453f8b5b6_thumbnail695.webp"", ""https://www.property.co.zw/uploadedfiles/ac/cf/e1/accfe188-ff34-44d9-b776-5556bfb70aaa_thumbnail695.webp"", ""https://www.property.co.zw/uploadedfiles/62/12/4a/62124a6a-bf5c-45e2-8806-72f39e5b06f5_thumbnail695.webp"", ""https://www.property.co.zw/uploadedfiles/5f/87/98/5f87983a-414a-4d69-8f76-6133efcbe855_thumbnail695.webp"", ""https://www.property.co.zw/uploadedfiles/ba/fb/25/bafb2534-7340-49f4-9c84-47396dad4cc1_thumbnail695.webp"", ""https://www.property.co.zw/uploadedfiles/a2/3b/4a/a23b4ae0-9c8d-481b-bbf8-0bd6307f80a5_thumbnail695.webp"", ""https://www.property.co.zw/uploadedfiles/5e/ed/f4/5eedf43d-66c1-4aaa-aa7c-6e5773d508a7_thumbnail695.webp"", ""https://www.property.co.zw/uploadedfiles/05/a8/dc/05a8dcb6-6592-41c8-82f0-3789d7a2e73a_thumbnail695.webp"", ""https://www.property.co.zw/uploadedfiles/fc/b0/74/fcb074d8-68fb-4678-ad2a-7138bbb2bc65_thumbnail695.webp"", ""https://www.property.co.zw/uploadedfiles/46/4d/43/464d43a6-a083-4cd1-9d61-7d4e484847ac_thumbnail695.webp"", ""https://www.property.co.zw/uploadedfiles/48/77/61/48776198-5b2e-4c5f-ab3c-d4a55ec3c6e0_thumbnail695.webp"", ""https://www.property.co.zw/uploadedfiles/da/aa/ab/daaaab24-0de2-4546-a2fd-130dd12de5b0_thumbnail695.webp"", ""https://www.property.co.zw/uploadedfiles/6c/a3/bd/6ca3bd48-c57d-40b7-a3c0-e30bedaeb11e_thumbnail695.webp"", ""https://www.property.co.zw/uploadedfiles/78/6b/3e/786b3ef4-3687-411d-b4c2-8b56840b8952_thumbnail695.webp"", ""https://www.property.co.zw/uploadedfiles/0c/22/df/0c22df4d-7c97-4de3-b50e-3221da94fdd1_thumbnail695.webp"", ""https://www.property.co.zw/uploadedfiles/ef/6a/84/ef6a845c-2ec4-4b56-9e2d-0023089de0a3_thumbnail695.webp"", ""https://www.property.co.zw/uploadedfiles/21/df/70/21df7058-7b63-4da1-a04d-8bc31a1faa4e_thumbnail695.webp"", ""https://www.property.co.zw/uploadedfiles/b8/4a/f0/b84af079-bfda-4555-a00b-75590e42ff2e_thumbnail695.webp""]",2026-09-23T16:09:20,False,48000.0,,already USD,False,False,True,True,,False,False,False,False,False,False,False,False,False,False,False,False,False,False,False,False,False,False,False,False,False,False,False,False,0
CAC253067,https://www.property.co.zw/for-sale/houses-cac253067,"Spacious 5-Bed Windsor Park Home on 3,500m² with Borehole",250000.0,USD,Windsor Park,Ruwa,Zimbabwe,"Windsor Park, Ruwa, Mashonaland East",5,2.0,1500.0,m²,3500.0,m²,"Spacious family home in Windsor Park, Ruwa — a rare 3500 m² stand with expansive 1500 m² of living and usable space. This single-storey residence offers 5 bedrooms",2026-08-08,2026-09-22T08:46:15+02:00,Carson & Carson Real Estate,18,"[""https://www.property.co.zw/uploadedfiles/46/47/d6/4647d619-a108-4377-86b9-448f9018a01d_thumbnail695.webp"", ""https://www.property.co.zw/uploadedfiles/c9/b9/42/c9b94208-1883-4136-a662-23ad86c7a5dc_thumbnail695.webp"", ""https://www.property.co.zw/uploadedfiles/72/1b/f3/721bf3e5-bde1-422e-8502-40a6aa378639_thumbnail695.webp"", ""https://www.property.co.zw/uploadedfiles/87/3b/75/873b759f-3603-41f4-adb7-c6a7d41f36ec_thumbnail695.webp"", ""https://www.property.co.zw/uploadedfiles/e5/6b/13/e56b1331-807b-4b48-bf84-5815e4edf10d_thumbnail695.webp"", ""https://www.property.co.zw/uploadedfiles/67/fa/5e/67fa5e25-be35-469b-b0ce-2fb3ff49134b_thumbnail695.webp"", ""https://www.property.co.zw/uploadedfiles/0f/2a/42/0f2a4244-da8d-449b-8d82-e9baf3ad6bfb_thumbnail695.webp"", ""https://www.property.co.zw/uploadedfiles/be/fd/d9/befdd9ce-287a-4b01-bca3-b4615e280001_thumbnail695.webp"", ""https://www.property.co.zw/uploadedfiles/c6/89/c5/c689c5ef-64d3-416a-8539-834aea2096c4_thumbnail695.webp"", ""https://www.property.co.zw/uploadedfiles/6d/12/67/6d12673e-8e26-4446-8069-86a2493e1fbc_thumbnail695.webp"", ""https://www.property.co.zw/uploadedfiles/64/64/bc/6464bcca-8c62-4d42-8601-892e83d39c2e_thumbnail695.webp"", ""https://www.property.co.zw/uploadedfiles/5c/1c/32/5c1c322b-8cd6-468b-a3a3-571559874352_thumbnail695.webp"", ""https://www.property.co.zw/uploadedfiles/0c/e2/a3/0ce2a3c5-3b56-4828-bb36-b86409057b79_thumbnail695.webp"", ""https://www.property.co.zw/uploadedfiles/c7/92/f7/c792f720-0366-4f54-99b7-ccc7f45e7e31_thumbnail695.webp"", ""https://www.property.co.zw/uploadedfiles/5e/47/19/5e47199b-70a5-41f1-8441-878303b2d88e_thumbnail695.webp"", ""https://www.property.co.zw/uploadedfiles/14/4f/b9/144fb9fb-2482-4a51-aa2e-426da7a04f0c_thumbnail695.webp"", ""https://www.property.co.zw/uploadedfiles/e7/1b/89/e71b89d2-0240-432f-9cb8-693de506f786_thumbnail695.webp"", ""https://www.property.co.zw/uploadedfiles/d8/35/03/d8350317-4011-4b3e-9a0b-f33b33d7db29_thumbnail695.webp""]",2026-09-23T16:09:24,False,250000.0,,already USD,False,False,True,True,,False,False,False,False,False,False,False,False,False,False,False,False,False,False,False,False,False,False,False,False,False,False,False,False,0
PLZP247918,https://www.property.co.zw/for-sale/houses-plzp247918,"Greystone Park: 3-Bed Home w/ Pool, Tennis court, Borehole & Brick-Floors",690000.0,USD,Greystone Park,Harare North,Zimbabwe,"Greystone Park, Harare North, Harare",3,2.0,800.0,m²,9185.0,m²,"A spacious split level home on a generous 9,185 m² stand in Greystone Park, Harare North — 3 bedrooms, 2 bathrooms and approximately 800 m² of built space,",2026-05-26,2026-06-29T12:07:53+02:00,Plaza Properties,12,"[""https://www.property.co.zw/uploadedfiles/9b/7e/dd/9b7eddb2-4012-42cc-a064-fd3a5455b2e2_thumbnail695.webp"", ""https://www.property.co.zw/uploadedfiles/69/71/3a/69713a97-ed27-4086-a610-a1b28ba9b8c2_thumbnail695.webp"", ""https://www.property.co.zw/uploadedfiles/5d/5b/14/5d5b1433-707a-47d3-9ed5-d36af38fd313_thumbnail695.webp"", ""https://www.property.co.zw/uploadedfiles/32/fa/ed/32faed11-9511-4b68-8a84-ef042313b21a_thumbnail695.webp"", ""https://www.property.co.zw/uploadedfiles/db/df/ac/dbdfac38-bfca-41a7-94a9-958cee2d390b_thumbnail695.webp"", ""https://www.property.co.zw/uploadedfiles/3d/c9/b9/3dc9b924-83d8-4abd-abd4-747ce4174146_thumbnail695.webp"", ""https://www.property.co.zw/uploadedfiles/8c/db/24/8cdb2409-87bd-4d3f-ba99-42844ce18b10_thumbnail695.webp"", ""https://www.property.co.zw/uploadedfiles/6c/d1/4a/6cd14a54-08bd-4734-bf55-4876f2c8a190_thumbnail695.webp"", ""https://www.property.co.zw/uploadedfiles/f0/8b/3b/f08b3bb2-7391-4f9e-8238-a3bb9d07dd69_thumbnail695.webp"", ""https://www.property.co.zw/uploadedfiles/82/30/36/82303686-0d1a-4487-b5d9-c791da25810f_thumbnail695.webp"", ""https://www.property.co.zw/uploadedfiles/1f/e3/e1/1fe3e1af-bff3-4884-b8aa-930c60736a0f_thumbnail695.webp"", ""https://www.property.co.zw/uploadedfiles/68/6e/a0/686ea013-e3b2-4496-87c0-a7c7b0227afb_thumbnail695.webp""]",2026-09-23T16:09:29,False,690000.0,,already USD,False,False,True,True,,False,False,False,False,False,False,False,False,False,False,False,False,False,False,False,False,False,False,False,False,False,False,False,False,0
GRM248294,https://www.property.co.zw/for-sale/houses-grm248294,St Andrews Park Mabelreign house for sale,175000.0,USD,Mabelreign,Harare West,Zimbabwe,"Mabelreign, Harare West, Harare",3,2.0,200.0,m²,1000.0,m²,"  
 Neat 3 beds main ensuite, lounge, dining, fitted kitchen with stove & hob, other bath & toilet, 2 roomed cottage; Storerooms, 5000l water tank, 4kv solar",2026-06-01,2026-06-01T13:18:29+02:00,Graham and Douglas Real Estate,2,"[""https://www.property.co.zw/uploadedfiles/69/54/be/6954be6a-1eb1-4b1f-808d-2ac9b601dc0e_thumbnail695.webp"", ""https://www.property.co.zw/uploadedfiles/e8/05/2a/e8052a4b-be0a-4e93-8634-b06056df2a81_thumbnail695.webp""]",2026-09-23T16:09:33,False,175000.0,,already USD,False,False,True,True,,False,False,False,False,False,False,False,False,False,False,True,False,False,False,False,True,False,True,False,True,False,True,False,False,0
JSPP223091,https://www.property.co.zw/for-sale/houses-jspp223091,A house for sale,150000.0,USD,Rockview,Harare East,Zimbabwe,"Rockview, Harare East, Harare",4,2.0,250.0,m²,1700.0,m²,"This sort of retirement  home in the tranquil part of Rockview overlooking an ever flowing steam with the following  attributes, MAIN HOUSE- 4 bedrooms, main",2025-06-23,2026-08-24T11:14:57+02:00,Just Property,13,"[""https://www.property.co.zw/uploadedfiles/44/de/f4/44def455-874d-46ae-89cb-68a96242d768_thumbnail695.webp"", ""https://www.property.co.zw/uploadedfiles/9e/87/00/9e87006e-1069-496b-83ea-ed5badded3a9_thumbnail695.webp"", ""https://www.property.co.zw/uploadedfiles/09/cc/86/09cc861b-2a7e-4db0-89f0-7a8874644296_thumbnail695.webp"", ""https://www.property.co.zw/uploadedfiles/78/35/5b/78355b9a-22a5-4066-b7e9-c73a1fe6e645_thumbnail695.webp"", ""https://www.property.co.zw/uploadedfiles/6d/10/25/6d102577-d9c0-456b-bbbc-c4bc730c39be_thumbnail695.webp"", ""https://www.property.co.zw/uploadedfiles/6d/3b/f3/6d3bf331-9330-4bf4-932d-3e1f66585369_thumbnail695.webp"", ""https://www.property.co.zw/uploadedfiles/48/7a/9a/487a9a21-8d54-4571-adf8-ea3d6b620013_thumbnail695.webp"", ""https://www.property.co.zw/uploadedfiles/87/f3/8a/87f38a19-fafe-49a3-903c-bed2edc9a2e6_thumbnail695.webp"", ""https://www.property.co.zw/uploadedfiles/b2/d7/ca/b2d7ca9a-7ce0-4d7c-beab-67226c37c97c_thumbnail695.webp"", ""https://www.property.co.zw/uploadedfiles/c2/76/4c/c2764ced-a94c-45f7-9f32-c9a22b51dcf9_thumbnail695.webp"", ""https://www.property.co.zw/uploadedfiles/63/8a/58/638a5822-1193-48f0-b23b-65705f7365be_thumbnail695.webp"", ""https://www.property.co.zw/uploadedfiles/6f/dd/7d/6fdd7dd9-babc-4599-80eb-90242bd93b6d_thumbnail695.webp"", ""https://www.property.co.zw/uploadedfiles/6c/d4/d1/6cd4d1bd-fb1a-4f1a-bb95-a663c45462e2_thumbnail695.webp""]",2026-09-23T16:09:38,False,150000.0,,already USD,False,False,True,True,,False,False,False,False,False,False,False,False,False,False,False,False,False,False,False,False,False,False,False,False,False,False,False,False,0
GAT244289,https://www.property.co.zw/for-sale/houses-gat244289,Spacious and well-maintained 5-bedroom home for sale in Mwashuma Park.,80000.0,USD,Norton,Norton,Zimbabwe,"Norton, Mashonaland West",5,2.0,1000.0,m²,,1200,"Spacious and well-maintained 5-bedroom home set on 1,200sqm, featuring a main en-suite with a walk-in closet and two additional bathrooms. The property offers a",2026-04-08,2026-07-20T10:14:32+02:00,Guest and Tanner Real Estate,16,"[""https://www.property.co.zw/uploadedfiles/71/ed/95/71ed95b6-dafd-45f2-9539-9d845c628c77_thumbnail695.webp"", ""https://www.property.co.zw/uploadedfiles/9d/19/eb/9d19eb96-cc0f-4a58-9b99-7933f752d535_thumbnail695.webp"", ""https://www.property.co.zw/uploadedfiles/ac/0a/b8/ac0ab846-d81a-4932-8483-9b2e3ba73f69_thumbnail695.webp"", ""https://www.property.co.zw/uploadedfiles/4b/eb/28/4beb287d-e195-49c1-8032-00b27ca1ebfe_thumbnail695.webp"", ""https://www.property.co.zw/uploadedfiles/79/9d/3b/799d3be4-65ae-4d65-ba0e-e77423c7e108_thumbnail695.webp"", ""https://www.property.co.zw/uploadedfiles/1f/95/f0/1f95f0df-0297-443d-80e5-d8e3807310bf_thumbnail695.webp"", ""https://www.property.co.zw/uploadedfiles/e2/65/0e/e2650ea6-4d0e-486b-b203-5a924d0486d4_thumbnail695.webp"", ""https://www.property.co.zw/uploadedfiles/3a/a2/2b/3aa22b43-54a9-44e2-83bf-18baf77ec88a_thumbnail695.webp"", ""https://www.property.co.zw/uploadedfiles/57/ff/dc/57ffdc72-8697-4aca-8501-c7c6c98a04aa_thumbnail695.webp"", ""https://www.property.co.zw/uploadedfiles/9d/fa/3f/9dfa3f51-cab2-401f-ae73-aaa534e059e1_thumbnail695.webp"", ""https://www.property.co.zw/uploadedfiles/a2/51/c7/a251c78e-00c1-4f5d-b14b-cff242966ed8_thumbnail695.webp"", ""https://www.property.co.zw/uploadedfiles/ce/56/b4/ce56b4a6-3f28-4119-83e2-7dba887046f5_thumbnail695.webp"", ""https://www.property.co.zw/uploadedfiles/9f/2b/e9/9f2be95e-4251-42d6-8a9b-017f686c0a1c_thumbnail695.webp"", ""https://www.property.co.zw/uploadedfiles/c8/0d/4f/c80d4fc6-40d4-41e4-91c9-b906cf9f8c01_thumbnail695.webp"", ""https://www.property.co.zw/uploadedfiles/70/1d/53/701d53b0-0bf1-4e52-9f43-eaa386b10974_thumbnail695.webp"", ""https://www.property.co.zw/uploadedfiles/80/41/34/80413441-0c93-45dd-893a-9227dad25cc1_thumbnail695.webp""]",2026-09-23T16:09:43,False,80000.0,,already USD,False,True,False,True,,False,False,False,False,False,False,False,False,False,False,False,False,False,False,False,False,False,False,False,True,False,False,False,False,0
LEG252754,https://www.property.co.zw/for-sale/houses-leg252754,"Strathaven 4-Bed Home 340m² - Pool, Borehole & Solar",340000.0,USD,Strathaven,Harare West,Zimbabwe,"Strathaven, Harare West, Harare",4,2.0,340.0,m²,1080.0,m²,"Charming single-storey family home in sought-after Strathaven, Harare West — a solid, well-presented 4-bedroom, 2-bathroom residence on a generous 1,080 m² stand",2026-08-03,2026-08-03T19:29:53+02:00,Legacy Real Estate,26,"[""https://www.property.co.zw/uploadedfiles/c6/e9/51/c6e95136-45d1-44e7-a1e0-64c762e3561f_thumbnail695.webp"", ""https://www.property.co.zw/uploadedfiles/7b/67/fe/7b67fe04-b786-4e1b-b0a2-666690e5da99_thumbnail695.webp"", ""https://www.property.co.zw/uploadedfiles/96/19/4f/96194ff4-6e9e-4776-8ef3-2a0ece7ffa6f_thumbnail695.webp"", ""https://www.property.co.zw/uploadedfiles/5f/68/46/5f684689-7372-4bde-9658-2f8ed96c566f_thumbnail695.webp"", ""https://www.property.co.zw/uploadedfiles/31/06/86/310686ce-dbcd-4ab4-b73b-11156e0294f3_thumbnail695.webp"", ""https://www.property.co.zw/uploadedfiles/dc/a0/bb/dca0bb81-9507-44b5-9710-6f761fe99007_thumbnail695.webp"", ""https://www.property.co.zw/uploadedfiles/0c/cc/7b/0ccc7b9d-a215-468a-bcff-f4497630d206_thumbnail695.webp"", ""https://www.property.co.zw/uploadedfiles/e5/0f/dd/e50fdd9e-c2a9-47c0-92c8-334708789310_thumbnail695.webp"", ""https://www.property.co.zw/uploadedfiles/7a/d8/73/7ad873cf-2103-4fd2-9fb2-ac720074a1b1_thumbnail695.webp"", ""https://www.property.co.zw/uploadedfiles/a3/df/08/a3df086d-c14f-411d-8adb-ed4189f1696a_thumbnail695.webp"", ""https://www.property.co.zw/uploadedfiles/38/71/1a/38711a23-b28b-420b-bb15-21a73c16f7ba_thumbnail695.webp"", ""https://www.property.co.zw/uploadedfiles/14/7a/e4/147ae470-259d-40bf-a27c-a7e87601aa99_thumbnail695.webp"", ""https://www.property.co.zw/uploadedfiles/56/ac/7c/56ac7ca5-0e7a-4279-b254-b314648697f4_thumbnail695.webp"", ""https://www.property.co.zw/uploadedfiles/a4/73/d1/a473d126-05d2-4fb3-a59b-82724730039e_thumbnail695.webp"", ""https://www.property.co.zw/uploadedfiles/5d/2d/9a/5d2d9af5-0225-42e8-aa59-97ab2832c1c7_thumbnail695.webp"", ""https://www.property.co.zw/uploadedfiles/99/8e/25/998e25f7-8651-42b5-8437-409ae069fbed_thumbnail695.webp"", ""https://www.property.co.zw/uploadedfiles/61/3a/ca/613acad8-fc88-4653-86fd-d5a58fcd9b85_thumbnail695.webp"", ""https://www.property.co.zw/uploadedfiles/7c/df/34/7cdf342d-9da9-41db-8537-4e168c81b3b7_thumbnail695.webp"", ""https://www.property.co.zw/uploadedfiles/4a/a1/c4/4aa1c451-c489-4b33-a4b9-9f020b87eca3_thumbnail695.webp"", ""https://www.property.co.zw/uploadedfiles/e3/fa/9f/e3fa9f70-3492-4df6-91e3-d7d5359fdecf_thumbnail695.webp"", ""https://www.property.co.zw/uploadedfiles/34/f8/53/34f853fe-01f6-49d9-bebe-255ff5ec3e0e_thumbnail695.webp"", ""https://www.property.co.zw/uploadedfiles/7e/2d/ee/7e2deee9-5d95-4bcc-bb2b-55d18693cf7a_thumbnail695.webp"", ""https://www.property.co.zw/uploadedfiles/28/7f/57/287f57ec-6ad4-40e6-b0e7-601320eab858_thumbnail695.webp"", ""https://www.property.co.zw/uploadedfiles/46/9a/c4/469ac428-e882-433c-bce9-ba47a5c421c3_thumbnail695.webp"", ""https://www.property.co.zw/uploadedfiles/06/c0/cf/06c0cfdd-6531-45ba-b00f-1823f2ed76c8_thumbnail695.webp"", ""https://www.property.co.zw/uploadedfiles/da/0c/d1/da0cd1c5-d8c6-468b-9cd7-85f1ad8a454b_thumbnail695.webp""]",2026-09-23T16:09:48,False,340000.0,,already USD,False,False,True,True,,False,False,False,False,False,False,False,False,False,False,False,False,False,False,False,False,False,False,False,False,False,False,False,False,0
GLRE249250,https://www.property.co.zw/for-sale/houses-glre249250,"Modern 4-Bed Marlborough Home — Garage, Designer Kitchen & Borehole",225000.0,USD,Marlborough,Harare West,Zimbabwe,"Marlborough, Harare West, Harare",4,4.0,450.0,m²,600.0,m²,"Modern Double-Storey Family Home for Sale – Marlborough, Harare
?? Asking Price: USD 225,000

Discover contemporary living in this beautifully finished",2026-06-15,2026-06-15T04:29:51+02:00,GoldenWill Real Estate,15,"[""https://www.property.co.zw/uploadedfiles/94/ed/03/94ed0391-e094-43c8-a7fe-f7a9e616717a_thumbnail695.webp"", ""https://www.property.co.zw/uploadedfiles/02/5d/b1/025db10e-3cd0-4663-a1f2-f28cc7d7834f_thumbnail695.webp"", ""https://www.property.co.zw/uploadedfiles/e6/20/64/e620648a-192d-4d1f-ae17-1c2b144687da_thumbnail695.webp"", ""https://www.property.co.zw/uploadedfiles/b8/6d/ba/b86dba80-ebb0-44f2-bf64-a34e8fde5823_thumbnail695.webp"", ""https://www.property.co.zw/uploadedfiles/c3/a3/80/c3a380f4-bc9b-47e7-9e82-de70a1e5ffb4_thumbnail695.webp"", ""https://www.property.co.zw/uploadedfiles/77/bb/c7/77bbc79c-5840-43c1-a8d4-35ba9a0841ab_thumbnail695.webp"", ""https://www.property.co.zw/uploadedfiles/09/e5/32/09e53235-f8ad-4b9a-98e0-45f0872328df_thumbnail695.webp"", ""https://www.property.co.zw/uploadedfiles/34/d4/2d/34d42d64-d118-4f2a-8985-8bf7027aa0e6_thumbnail695.webp"", ""https://www.property.co.zw/uploadedfiles/02/ad/dc/02addc50-510b-4acd-8a1d-b06e539e3be0_thumbnail695.webp"", ""https://www.property.co.zw/uploadedfiles/09/63/83/09638334-3bf9-4d2e-a64a-7c367f13da8c_thumbnail695.webp"", ""https://www.property.co.zw/uploadedfiles/b0/8c/4a/b08c4a0c-6edf-4ae8-90e5-40bcaf52efd9_thumbnail695.webp"", ""https://www.property.co.zw/uploadedfiles/b1/8d/40/b18d4044-bb9e-41f6-bd8d-8839aa17c3bc_thumbnail695.webp"", ""https://www.property.co.zw/uploadedfiles/58/9f/01/589f010e-437d-4d67-ac2f-82b8a55e9285_thumbnail695.webp"", ""https://www.property.co.zw/uploadedfiles/96/0d/ab/960daba2-6a3f-4ee4-be01-1885460fb5ab_thumbnail695.webp"", ""https://www.property.co.zw/uploadedfiles/9f/a2/4e/9fa24e36-b874-4ef0-9d64-6907b5d5e7aa_thumbnail695.webp""]",2026-09-23T16:09:52,False,225000.0,,already USD,False,False,True,True,"statistical price outlier within its suburb (log-price, 1.5xIQR rule) -- inspect manually, do not assume error",False,False,False,False,False,False,False,False,False,False,False,False,False,False,False,False,False,False,False,False,False,False,False,False,0
LEG255201,https://www.property.co.zw/for-sale/houses-leg255201,Modern 4-Bed Home in Budiriro with Ensuite & Garage,57000.0,USD,Budiriro,Harare High Density,Zimbabwe,"Budiriro, Harare High Density, Harare",4,2.0,180.0,m²,300.0,m²,"Introducing a stylish 4-bedroom, 2-bath family home for sale in Budiriro (Harare High Density) on a neat 300 m² stand with 180 m² of built space. From the street",2026-09-15,2026-09-16T08:50:02+02:00,Legacy Real Estate,15,"[""https://www.property.co.zw/uploadedfiles/5d/70/0e/5d700ebb-2d10-41ab-b8a0-bd4393fc74bd_thumbnail695.webp"", ""https://www.property.co.zw/uploadedfiles/62/f1/4c/62f14c1b-9774-452a-96e6-4e103bbb9789_thumbnail695.webp"", ""https://www.property.co.zw/uploadedfiles/ca/05/e2/ca05e2a8-8a64-4fac-96cf-8364414ebe85_thumbnail695.webp"", ""https://www.property.co.zw/uploadedfiles/6e/5c/9a/6e5c9ad4-e044-4014-ba1d-0c0f7bd0ba8b_thumbnail695.webp"", ""https://www.property.co.zw/uploadedfiles/24/48/ac/2448ac1d-968d-43eb-a388-e2739d9d675f_thumbnail695.webp"", ""https://www.property.co.zw/uploadedfiles/b4/0e/7c/b40e7c3a-9d03-4fba-93b0-ddb9be3ffcfa_thumbnail695.webp"", ""https://www.property.co.zw/uploadedfiles/b7/72/17/b7721736-bfb0-4585-ae7b-ec7bfa944d93_thumbnail695.webp"", ""https://www.property.co.zw/uploadedfiles/c8/a1/02/c8a102ff-79ac-418d-9def-05e2a768c5f6_thumbnail695.webp"", ""https://www.property.co.zw/uploadedfiles/ab/38/b2/ab38b256-007e-41ba-bd23-d8c335731e8b_thumbnail695.webp"", ""https://www.property.co.zw/uploadedfiles/31/26/6c/31266ca2-684e-451a-9aa7-0f25eba3083b_thumbnail695.webp"", ""https://www.property.co.zw/uploadedfiles/d3/01/a2/d301a2cc-c69a-4803-ac07-f88286147927_thumbnail695.webp"", ""https://www.property.co.zw/uploadedfiles/43/85/d3/4385d3ba-97f3-4da0-8f22-d98f2b355bf6_thumbnail695.webp"", ""https://www.property.co.zw/uploadedfiles/52/93/ee/5293ee9e-4218-4893-84d9-5a4d799e5830_thumbnail695.webp"", ""https://www.property.co.zw/uploadedfiles/3e/3b/b0/3e3bb02f-3229-4082-88c7-e5b6fc3d2c08_thumbnail695.webp"", ""https://www.property.co.zw/uploadedfiles/c4/1e/72/c41e72f6-27e8-44a3-9671-db55ccc5ae04_thumbnail695.webp""]",2026-09-23T16:09:57,False,57000.0,,already USD,False,False,True,True,,False,False,False,False,False,False,False,False,False,False,False,False,False,False,False,False,False,False,False,False,False,False,False,False,0
KNP253393,https://www.property.co.zw/for-sale/houses-knp253393,Fabulous Family Home - TITLE DEEDS,55000.0,USD,Crowhill Views,Harare North,Zimbabwe,"Crowhill Views, Harare North, Harare",3,2.0,200.0,m²,1000.0,m²,"Kennan Properties are proud to present this neat and spacious family home to the market.

Comprising:

3 bedrooms
Large main bedroom with walk in wardrobe and",2026-08-17,2026-09-01T14:57:30+02:00,Kennan Properties,10,"[""https://www.property.co.zw/uploadedfiles/e8/2a/1f/e82a1fbc-b633-471d-845d-78f61c5aa8cc_thumbnail695.webp"", ""https://www.property.co.zw/uploadedfiles/5a/63/17/5a6317ca-494e-48ce-8765-2ceffb412c6d_thumbnail695.webp"", ""https://www.property.co.zw/uploadedfiles/e7/b0/2c/e7b02cd3-eec3-4b2a-b403-c2eb3aa574ae_thumbnail695.webp"", ""https://www.property.co.zw/uploadedfiles/c7/6f/67/c76f6747-923a-48ff-af1f-a27ff1147453_thumbnail695.webp"", ""https://www.property.co.zw/uploadedfiles/ae/89/00/ae8900f1-a4e0-491e-ac6e-0fa3d3a02b93_thumbnail695.webp"", ""https://www.property.co.zw/uploadedfiles/bf/c1/fd/bfc1fd36-ca5b-4ef0-b890-e516d6fc2f2a_thumbnail695.webp"", ""https://www.property.co.zw/uploadedfiles/ee/60/4b/ee604be7-6114-45dd-b773-38abb70896e7_thumbnail695.webp"", ""https://www.property.co.zw/uploadedfiles/cc/5a/db/cc5adbb5-4a50-4a9c-95ff-759ee5a32882_thumbnail695.webp"", ""https://www.property.co.zw/uploadedfiles/4d/a7/01/4da701e2-c39a-48ac-9fe0-54ea25907794_thumbnail695.webp"", ""https://www.property.co.zw/uploadedfiles/e9/08/38/e908384a-1aff-4dda-b9ea-12470e318f56_thumbnail695.webp""]",2026-09-23T16:10:02,False,55000.0,,already USD,False,False,True,True,,False,False,False,False,False,False,False,False,False,False,False,False,False,False,False,False,False,False,False,False,False,False,False,False,0
CHAS249759,https://www.property.co.zw/for-sale/houses-chas249759,"Move In, Personalize & Thrive – A Home Designed for Modern Living",130000.0,USD,Tynwald,Harare West,Zimbabwe,"Tynwald, Harare West, Harare",4,2.0,200.0,m²,400.0,m²,"### Modern Family Living with Space, Comfort & Endless Potential

Step into a home designed for effortless living and memorable entertaining. The heart of the",2026-06-22,2026-06-22T09:40:49+02:00,CHAS EVERITT,6,"[""https://www.property.co.zw/uploadedfiles/32/d2/6f/32d26f26-b3e4-4a5d-a8d2-57a77472c7b8_thumbnail695.webp"", ""https://www.property.co.zw/uploadedfiles/50/1d/8f/501d8f89-bf55-4086-b97c-9b3b569d03c6_thumbnail695.webp"", ""https://www.property.co.zw/uploadedfiles/ca/d1/2e/cad12ea7-becb-4b9a-b9d0-cbd35b38b65b_thumbnail695.webp"", ""https://www.property.co.zw/uploadedfiles/e5/c3/c9/e5c3c940-0df3-4ad2-b83b-26d5a42a8852_thumbnail695.webp"", ""https://www.property.co.zw/uploadedfiles/d5/8b/f5/d58bf5e4-0e63-4543-81bb-a778d93a5db4_thumbnail695.webp"", ""https://www.property.co.zw/uploadedfiles/3f/02/4b/3f024bd0-f6f2-48ae-b437-03f1bd7aff4d_thumbnail695.webp""]",2026-09-23T16:10:06,False,130000.0,,already USD,False,False,True,True,,False,False,False,False,False,False,False,False,False,False,False,False,False,False,False,False,False,False,False,False,False,False,False,False,0
PNET255230,https://www.property.co.zw/for-sale/houses-pnet255230,Prime Residential Opportunity,150000.0,USD,Bloomingdale,Harare West,Zimbabwe,"Bloomingdale, Harare West, Harare",5,2.0,250.0,m²,411.0,m²,"?? **BLOOMINGDALE HOUSE FOR SALE | USD 150,000** ??

?? **Prime Residential Location | Near Harare Drive**

An excellent opportunity to own a well-positioned",2026-09-16,2026-09-16T08:56:29+02:00,Propertynet,15,"[""https://www.property.co.zw/uploadedfiles/fe/d6/d4/fed6d47e-c9fb-4f44-b797-5fa12864c85a_thumbnail695.webp"", ""https://www.property.co.zw/uploadedfiles/a6/40/4d/a6404d09-7ee3-47b3-95c8-5e5703d66adb_thumbnail695.webp"", ""https://www.property.co.zw/uploadedfiles/55/7b/8d/557b8de9-81f7-4af2-80e8-b964b0ef7889_thumbnail695.webp"", ""https://www.property.co.zw/uploadedfiles/da/2d/44/da2d4474-9fb7-4c8b-90a7-ec29df29ed3a_thumbnail695.webp"", ""https://www.property.co.zw/uploadedfiles/74/20/d2/7420d22f-202c-4c38-b9c4-6c50cf6d28b5_thumbnail695.webp"", ""https://www.property.co.zw/uploadedfiles/fa/e3/55/fae355ab-f1d4-44c3-905a-2295b6f05849_thumbnail695.webp"", ""https://www.property.co.zw/uploadedfiles/67/50/b8/6750b811-a158-4482-a393-8ff24b78baf9_thumbnail695.webp"", ""https://www.property.co.zw/uploadedfiles/d8/e9/19/d8e91959-1f1b-46a0-baa5-0235480d2114_thumbnail695.webp"", ""https://www.property.co.zw/uploadedfiles/26/6e/f6/266ef603-efc1-47b9-8a5a-54a37374f19a_thumbnail695.webp"", ""https://www.property.co.zw/uploadedfiles/c3/a4/ac/c3a4ac04-5980-47a3-af48-1ac8cad50430_thumbnail695.webp"", ""https://www.property.co.zw/uploadedfiles/cb/67/f0/cb67f022-6b0c-4377-8b0f-2b90db4aabf9_thumbnail695.webp"", ""https://www.property.co.zw/uploadedfiles/2c/37/78/2c37784b-ad6b-4532-9e23-3ca65d7463dd_thumbnail695.webp"", ""https://www.property.co.zw/uploadedfiles/f6/0f/1d/f60f1d42-65ef-4ad4-a6a0-9115836c589f_thumbnail695.webp"", ""https://www.property.co.zw/uploadedfiles/12/72/f2/1272f2dd-dbd3-4574-9172-2cc9559c445c_thumbnail695.webp"", ""https://www.property.co.zw/uploadedfiles/bf/d9/2a/bfd92af7-bb90-43f9-b748-67e8a14e1a14_thumbnail695.webp""]",2026-09-23T16:10:11,False,150000.0,,already USD,False,False,True,True,,False,False,False,False,False,False,False,False,False,False,False,False,False,False,False,False,False,False,False,False,False,False,False,False,0
PGP236801,https://www.property.co.zw/for-sale/houses-pgp236801,House for sale,300000.0,USD,Arlington,Harare South,Zimbabwe,"Arlington, Harare South, Harare",4,2.0,600.0,m²,2000.0,m²,"This spacious house in Arlington, Harare, is an ideal family home, boasting four well-appointed bedrooms and two neatly designed bathrooms. The exterior features a",2025-12-22,2026-09-05T21:47:23+02:00,Pam Golding Properties,20,"[""https://www.property.co.zw/uploadedfiles/1b/38/5b/1b385b4c-db53-4674-a2a0-6534d88c65d7_thumbnail695.webp"", ""https://www.property.co.zw/uploadedfiles/91/1e/04/911e040c-5add-4312-937a-15be3af7f57d_thumbnail695.webp"", ""https://www.property.co.zw/uploadedfiles/af/7a/f3/af7af396-e1dc-42ee-a0b1-c5eef6afbbdb_thumbnail695.webp"", ""https://www.property.co.zw/uploadedfiles/88/41/53/884153bf-f70e-456c-be68-c199fbd1a58e_thumbnail695.webp"", ""https://www.property.co.zw/uploadedfiles/ee/23/59/ee235954-c52d-4574-bfda-cba7e15d5d49_thumbnail695.webp"", ""https://www.property.co.zw/uploadedfiles/6c/4b/e6/6c4be6b5-5fc7-4e76-a620-32595d1a3988_thumbnail695.webp"", ""https://www.property.co.zw/uploadedfiles/7b/82/21/7b822193-6e55-4053-9c5d-9b02dd3ec613_thumbnail695.webp"", ""https://www.property.co.zw/uploadedfiles/7d/ae/76/7dae76c5-7d46-4eda-9b81-822063678b38_thumbnail695.webp"", ""https://www.property.co.zw/uploadedfiles/07/21/4a/07214a3b-a918-4df6-9d63-e757e133cdd0_thumbnail695.webp"", ""https://www.property.co.zw/uploadedfiles/fb/39/e8/fb39e884-ad37-45cf-8005-6d5ab85d377a_thumbnail695.webp"", ""https://www.property.co.zw/uploadedfiles/22/50/d4/2250d476-69c8-4d60-bdd8-a7d5c731a403_thumbnail695.webp"", ""https://www.property.co.zw/uploadedfiles/2f/30/3f/2f303f48-b29e-454a-bf82-cfb3a871ce8c_thumbnail695.webp"", ""https://www.property.co.zw/uploadedfiles/6e/f0/f4/6ef0f4e7-ea3b-436c-b628-350258d22441_thumbnail695.webp"", ""https://www.property.co.zw/uploadedfiles/ee/22/d0/ee22d058-ba20-489c-91ae-e0ec40cb38aa_thumbnail695.webp"", ""https://www.property.co.zw/uploadedfiles/1c/88/59/1c8859a4-c58f-4a27-b100-046aa2ea0ca7_thumbnail695.webp"", ""https://www.property.co.zw/uploadedfiles/18/6a/ca/186acaaf-2d4c-4b7f-bd86-24b1d2c9b455_thumbnail695.webp"", ""https://www.property.co.zw/uploadedfiles/d8/b5/05/d8b505b0-7421-413e-a387-75c92f5025e5_thumbnail695.webp"", ""https://www.property.co.zw/uploadedfiles/7f/25/65/7f256593-8143-4e06-a29a-43283ae50aa0_thumbnail695.webp"", ""https://www.property.co.zw/uploadedfiles/c5/9d/be/c59dbe1f-73e1-4c7e-aacb-a00d668567f9_thumbnail695.webp"", ""https://www.property.co.zw/uploadedfiles/3a/a1/37/3aa13788-342c-402d-96f5-5044c2afaef6_thumbnail695.webp""]",2026-09-23T16:10:15,False,300000.0,,already USD,False,False,True,True,,False,False,False,False,False,False,False,False,False,False,False,False,False,False,False,False,False,False,False,False,False,False,False,False,0
MAC254472,https://www.property.co.zw/for-sale/houses-mac254472,4 Bed home for sale in Westgate ,195000.0,USD,Westgate,Harare West,Zimbabwe,"Westgate, Harare West, Harare",4,2.0,800.0,m²,1000.0,m²,"Situated in the sought-after suburb of Westgate Adlyn, this well-maintained home sits on a spacious 1,000 sqm stand and offers comfortable family living in a",2026-09-02,2026-09-02T15:44:30+02:00,Mac Homes,5,"[""https://www.property.co.zw/uploadedfiles/eb/4c/e3/eb4ce3ae-70e3-478d-bc25-cdfd799a0adf_thumbnail695.webp"", ""https://www.property.co.zw/uploadedfiles/f3/07/a0/f307a076-d6b5-4210-b53d-1d1059712209_thumbnail695.webp"", ""https://www.property.co.zw/uploadedfiles/b6/c1/62/b6c1628d-0c77-4271-b7f1-51219e51a703_thumbnail695.webp"", ""https://www.property.co.zw/uploadedfiles/33/e2/29/33e229fc-c417-4c59-9b30-0617c7e6aee2_thumbnail695.webp"", ""https://www.property.co.zw/uploadedfiles/a5/cd/bf/a5cdbfbf-219e-449b-a78c-a4b575b8b548_thumbnail695.webp""]",2026-09-23T16:10:19,False,195000.0,,already USD,False,False,True,True,,False,False,False,False,False,False,False,False,False,False,False,False,False,False,False,False,False,False,False,False,False,False,False,False,0
RRT254600,https://www.property.co.zw/for-sale/houses-rrt254600,5-Bed Home - Ready For Your Finishes,350000.0,USD,Gletwin Park,Harare North,Zimbabwe,"Gletwin Park, Harare North, Harare",5,4.0,,,,,"Bring your vision to life! This substantial home offers:

5 Beds | 4 Baths - Main suite with lounge, dressing room, double shower + bathtub
2 Lounges | Dining |",2026-09-03,2026-09-21T15:54:00+02:00,Robert Root,10,"[""https://www.property.co.zw/uploadedfiles/7c/4e/a9/7c4ea911-538a-4f4c-85f0-954236d8bcd8_thumbnail695.webp"", ""https://www.property.co.zw/uploadedfiles/96/c2/18/96c218ea-330a-4aff-b722-76a7f5aeafb8_thumbnail695.webp"", ""https://www.property.co.zw/uploadedfiles/a3/8b/f9/a38bf9db-7a15-4585-946e-23b0416f5fdb_thumbnail695.webp"", ""https://www.property.co.zw/uploadedfiles/ca/44/bc/ca44bcde-6b69-43c2-a012-1c5fdd071298_thumbnail695.webp"", ""https://www.property.co.zw/uploadedfiles/af/c4/cb/afc4cbda-ab53-4b79-8f06-0e4dd16ef1c7_thumbnail695.webp"", ""https://www.property.co.zw/uploadedfiles/ba/f2/b5/baf2b524-db51-4140-bc3f-9852101f73a4_thumbnail695.webp"", ""https://www.property.co.zw/uploadedfiles/6f/80/85/6f8085ba-bc63-44a1-80e4-8c646fa75c6c_thumbnail695.webp"", ""https://www.property.co.zw/uploadedfiles/43/ef/77/43ef77d4-863c-49f6-974e-b393e21a346c_thumbnail695.webp"", ""https://www.property.co.zw/uploadedfiles/83/89/1a/83891ae6-753d-405d-9d43-343054c8d7fa_thumbnail695.webp"", ""https://www.property.co.zw/uploadedfiles/7d/db/86/7ddb8620-4c57-422b-8a4c-1e650e2de274_thumbnail695.webp""]",2026-09-23T16:10:23,False,350000.0,,already USD,False,False,False,False,,False,False,False,False,False,False,False,False,False,False,False,False,False,False,False,False,False,False,False,False,False,False,False,False,0
AKP249202,https://www.property.co.zw/for-sale/houses-akp249202,Property for Sale in Greystone Park,800000.0,USD,Greystone Park,Harare North,Zimbabwe,"Greystone Park, Harare North, Harare",4,2.0,1000.0,m²,,8094,"- Size: 2 Acres (8,094sqm)
 - Title Deeds Available
 - Existing 4-bedroomed house
 - Municipal water supply
 - Borehole
 - Electricity connected
 
",2026-06-12,2026-08-27T15:56:08+02:00,Ark Properties,10,"[""https://www.property.co.zw/uploadedfiles/44/5b/66/445b66ec-9e27-44be-84bd-464e4ef374ae_thumbnail695.webp"", ""https://www.property.co.zw/uploadedfiles/52/4e/6b/524e6b2d-45d9-46ad-98ea-bd5a792bb271_thumbnail695.webp"", ""https://www.property.co.zw/uploadedfiles/c2/20/62/c2206255-eb9d-404a-b2c1-e519049af186_thumbnail695.webp"", ""https://www.property.co.zw/uploadedfiles/c7/3e/3a/c73e3a08-18c8-4af3-b4da-eb9cc4e3ee6c_thumbnail695.webp"", ""https://www.property.co.zw/uploadedfiles/30/35/d7/3035d7d3-f094-4430-9895-ed2875ebe5f6_thumbnail695.webp"", ""https://www.property.co.zw/uploadedfiles/f3/d3/52/f3d35259-4e6b-441b-a4c3-b34dd8a756e4_thumbnail695.webp"", ""https://www.property.co.zw/uploadedfiles/f8/e8/6b/f8e86b10-ad53-4690-8618-681d85c52e76_thumbnail695.webp"", ""https://www.property.co.zw/uploadedfiles/de/a9/81/dea981de-8505-4e4a-9cae-8faa3c4272ee_thumbnail695.webp"", ""https://www.property.co.zw/uploadedfiles/8b/e1/5d/8be15df7-3b3c-436a-ad91-83279f9098fe_thumbnail695.webp"", ""https://www.property.co.zw/uploadedfiles/e6/9a/06/e69a0642-c427-4ce5-a98d-d2adc2ec3550_thumbnail695.webp""]",2026-09-23T16:10:27,False,800000.0,,already USD,False,False,False,True,,False,False,False,False,False,False,False,False,False,False,False,False,False,False,True,False,False,False,False,False,False,False,True,False,0
MCT252456,https://www.property.co.zw/for-sale/houses-mct252456,Immaculately presented!,500000.0,USD,Vainona,Harare North,Zimbabwe,"Vainona, Harare North, Harare",3,2.0,250.0,m²,4000.0,m²,"3 bedrooms, study, lounge & separate dining room, 2 bathrooms (main en suite), fitted kitchen & laundry, covered veranda, chip-tile pool, all-weather tennis court,",2026-07-29,2026-07-29T13:43:45+02:00,Merctrust,18,"[""https://www.property.co.zw/uploadedfiles/e6/57/33/e6573306-8b46-42a3-8227-047ceea05f8e_thumbnail695.webp"", ""https://www.property.co.zw/uploadedfiles/05/95/87/0595875d-d7d6-4478-a5dc-f4da13afdbe2_thumbnail695.webp"", ""https://www.property.co.zw/uploadedfiles/f9/3c/58/f93c58b9-4bec-427c-ad5f-ea584ec926c9_thumbnail695.webp"", ""https://www.property.co.zw/uploadedfiles/bd/33/d0/bd33d0a6-7f31-4918-9404-d996847440ec_thumbnail695.webp"", ""https://www.property.co.zw/uploadedfiles/52/18/20/521820f9-c24c-4a5f-bc3f-30dd6704e51d_thumbnail695.webp"", ""https://www.property.co.zw/uploadedfiles/4c/fd/1d/4cfd1d35-9c74-4e98-b830-22db3cc729d5_thumbnail695.webp"", ""https://www.property.co.zw/uploadedfiles/12/48/e5/1248e5b0-c0a6-46bb-9c5a-98fb909a2a64_thumbnail695.webp"", ""https://www.property.co.zw/uploadedfiles/60/dd/52/60dd52c9-bfc2-45fc-a5b0-00c6e355e757_thumbnail695.webp"", ""https://www.property.co.zw/uploadedfiles/c7/31/16/c73116a9-ffe6-48ae-bba0-ab3accbb1fa8_thumbnail695.webp"", ""https://www.property.co.zw/uploadedfiles/0f/3a/9c/0f3a9c77-94f9-41f9-8a6a-225f85aebf4f_thumbnail695.webp"", ""https://www.property.co.zw/uploadedfiles/68/d6/da/68d6da40-e984-4633-b85b-be1c33a45ee3_thumbnail695.webp"", ""https://www.property.co.zw/uploadedfiles/95/a8/57/95a857c8-3447-4e07-bf1a-44c9aa264289_thumbnail695.webp"", ""https://www.property.co.zw/uploadedfiles/20/0b/75/200b757c-8eec-488f-80b6-7d2d823cf20d_thumbnail695.webp"", ""https://www.property.co.zw/uploadedfiles/35/6d/60/356d60b0-283b-46a8-baaf-ac5e38fe8bf9_thumbnail695.webp"", ""https://www.property.co.zw/uploadedfiles/89/4f/d1/894fd1db-f203-463e-b40b-e1dbe2523cd0_thumbnail695.webp"", ""https://www.property.co.zw/uploadedfiles/9a/55/54/9a555474-e8c3-43bc-b4b4-6025e2534896_thumbnail695.webp"", ""https://www.property.co.zw/uploadedfiles/60/11/24/601124e9-407a-4d21-9b43-a7ac3cca344d_thumbnail695.webp"", ""https://www.property.co.zw/uploadedfiles/6d/05/c5/6d05c58e-78d2-4677-a19c-f4639094202f_thumbnail695.webp""]",2026-09-23T16:10:31,False,500000.0,,already USD,False,False,True,True,,False,False,False,False,False,False,False,False,False,False,True,False,False,False,False,False,False,False,False,True,False,False,False,False,0
SBY240802,https://www.property.co.zw/for-sale/houses-sby240802,Beautiful Family Home,170000.0,USD,Monavale,Harare West,Zimbabwe,"Monavale, Harare West, Harare",4,2.0,500.0,m²,883.0,m²,This spacious 4 bedroom home in desirable low density area offers the perfect blend of comfort and convenience. plenty of room for everyone to spread out. spacious,2026-02-18,2026-09-17T13:21:53+02:00,Southbay Real Estate,9,"[""https://www.property.co.zw/uploadedfiles/85/29/27/85292797-338f-4f39-a63b-4ec41d835c9e_thumbnail695.webp"", ""https://www.property.co.zw/uploadedfiles/90/ed/56/90ed565f-ab3b-4417-8fa0-c15447b6ec25_thumbnail695.webp"", ""https://www.property.co.zw/uploadedfiles/e0/34/29/e03429de-c9f2-44d9-8d68-7a9a8d030db7_thumbnail695.webp"", ""https://www.property.co.zw/uploadedfiles/55/ec/b5/55ecb5e9-b61a-4fe7-8b96-baf9db114a58_thumbnail695.webp"", ""https://www.property.co.zw/uploadedfiles/aa/9c/67/aa9c6704-77c3-4155-b0a8-f560408a2d8c_thumbnail695.webp"", ""https://www.property.co.zw/uploadedfiles/b4/89/4d/b4894de9-3761-4ef8-93bf-cce9ba78b4d2_thumbnail695.webp"", ""https://www.property.co.zw/uploadedfiles/0b/41/83/0b41834a-b810-4e14-b482-ae13c34a4547_thumbnail695.webp"", ""https://www.property.co.zw/uploadedfiles/40/14/df/4014df0f-cac0-40e3-849d-295407b939fc_thumbnail695.webp"", ""https://www.property.co.zw/uploadedfiles/be/e9/e9/bee9e9f4-b2b4-4a62-b062-8334f96e7aa9_thumbnail695.webp""]",2026-09-23T16:10:36,False,170000.0,,already USD,False,True,True,True,,False,False,False,False,False,False,False,False,False,False,False,False,False,False,False,False,False,False,False,False,False,False,False,False,0
PTD228127,https://www.property.co.zw/for-sale/houses-ptd228127,Philadelphia – Spacious 5-Bedroom Home on 5.4 Acres,700000.0,USD,Philadelphia,Harare North,Zimbabwe,"Philadelphia, Harare North, Harare",5,2.0,400.0,m²,21853.024680960003,Acres,"Set on an expansive 5.4-acre property, this elegant 5-bedroom home offers both comfort and endless potential. The house features a modern fitted kitchen, a",2025-08-28,2026-06-02T09:58:54+02:00,Property Dreams,18,"[""https://www.property.co.zw/uploadedfiles/4e/0d/1b/4e0d1bb1-b934-45cf-8e06-36a22a3adcda_thumbnail695.webp"", ""https://www.property.co.zw/uploadedfiles/98/80/f2/9880f2d0-9040-4418-bae7-4352c0094720_thumbnail695.webp"", ""https://www.property.co.zw/uploadedfiles/d8/8d/77/d88d7788-f2c6-4374-9aa2-ea7291665c43_thumbnail695.webp"", ""https://www.property.co.zw/uploadedfiles/55/fa/dd/55faddba-3b5d-4e8c-8a12-eb6340b30726_thumbnail695.webp"", ""https://www.property.co.zw/uploadedfiles/b2/2f/cf/b22fcf0c-908e-4a92-b822-161b9c28ab78_thumbnail695.webp"", ""https://www.property.co.zw/uploadedfiles/b7/a2/5e/b7a25ec0-6c99-41f6-a891-4d327c8ed282_thumbnail695.webp"", ""https://www.property.co.zw/uploadedfiles/c8/75/6c/c8756c78-e0d6-44f5-a262-8f3971e182cd_thumbnail695.webp"", ""https://www.property.co.zw/uploadedfiles/33/aa/9a/33aa9abd-cd21-434d-9f34-87f990cd247a_thumbnail695.webp"", ""https://www.property.co.zw/uploadedfiles/35/bd/17/35bd1750-4ff0-4489-9df8-5f0592de7438_thumbnail695.webp"", ""https://www.property.co.zw/uploadedfiles/83/19/5f/83195f4e-1a64-4fdc-b517-dd05f756c883_thumbnail695.webp"", ""https://www.property.co.zw/uploadedfiles/bf/4e/fd/bf4efd25-1d30-41d7-a9a9-cee0a2330e80_thumbnail695.webp"", ""https://www.property.co.zw/uploadedfiles/eb/68/be/eb68be8e-229c-4ab5-8b67-e78b096a36be_thumbnail695.webp"", ""https://www.property.co.zw/uploadedfiles/c1/08/2b/c1082be2-ca4b-4926-87da-50d19ead4361_thumbnail695.webp"", ""https://www.property.co.zw/uploadedfiles/28/c1/0d/28c10d05-6838-4451-a1f1-c47c5263fc91_thumbnail695.webp"", ""https://www.property.co.zw/uploadedfiles/d1/99/a9/d199a96e-7446-4fc5-a87e-39de28179887_thumbnail695.webp"", ""https://www.property.co.zw/uploadedfiles/11/fe/a7/11fea75d-f263-4e07-811a-f31b9f56f494_thumbnail695.webp"", ""https://www.property.co.zw/uploadedfiles/aa/cd/d0/aacdd096-23df-4f5f-8734-7913b7e40aff_thumbnail695.webp"", ""https://www.property.co.zw/uploadedfiles/82/b6/6d/82b66dad-4b3b-45f2-bf76-a97d55b28c0a_thumbnail695.webp""]",2026-09-23T16:10:40,False,700000.0,,already USD,False,False,True,True,,False,False,False,False,False,False,False,False,False,False,True,False,False,False,False,False,False,False,False,False,False,False,False,False,0
GAT252774,https://www.property.co.zw/for-sale/houses-gat252774,"REDUCED FOR A QUICK SALE – 4-Bedroom Cluster House in Quinnington | USD 260,000",250000.0,USD,Quinnington,Harare North,Zimbabwe,"Quinnington, Harare North, Harare",4,5.0,300.0,m²,,700,A beautiful 4beds cluster house all ensuite in a complex of 7 in a very good area with a spacious lounge and dining. It has a large garden space and an incomplete,2026-08-04,2026-08-07T09:36:10+02:00,Guest and Tanner Real Estate,18,"[""https://www.property.co.zw/uploadedfiles/14/cd/97/14cd9746-240b-4344-a3df-1eee63a91e89_thumbnail695.webp"", ""https://www.property.co.zw/uploadedfiles/95/e0/26/95e02626-d570-44e6-b579-56092a31d7ef_thumbnail695.webp"", ""https://www.property.co.zw/uploadedfiles/f3/28/58/f3285857-ace6-45fa-814d-ce7162d8bbe3_thumbnail695.webp"", ""https://www.property.co.zw/uploadedfiles/aa/1f/15/aa1f15b3-d571-4fc1-8966-001ddad71467_thumbnail695.webp"", ""https://www.property.co.zw/uploadedfiles/cc/93/98/cc9398d8-64e2-481f-9736-50c213a0a530_thumbnail695.webp"", ""https://www.property.co.zw/uploadedfiles/4e/ed/a3/4eeda30f-9503-4824-881b-05409e21be4e_thumbnail695.webp"", ""https://www.property.co.zw/uploadedfiles/da/a2/ff/daa2ff19-4d3b-45d8-9556-c792b5d5caab_thumbnail695.webp"", ""https://www.property.co.zw/uploadedfiles/a1/10/76/a11076dc-04aa-48b5-b128-7908231afc48_thumbnail695.webp"", ""https://www.property.co.zw/uploadedfiles/ae/11/73/ae117320-e3f1-4a08-a07a-c09be70208ad_thumbnail695.webp"", ""https://www.property.co.zw/uploadedfiles/69/21/a4/6921a4c8-4a63-4227-b562-b7aec9cb0390_thumbnail695.webp"", ""https://www.property.co.zw/uploadedfiles/b6/6c/36/b66c36bd-5bf5-41f2-a45e-b741c9b310e9_thumbnail695.webp"", ""https://www.property.co.zw/uploadedfiles/a9/6a/41/a96a4165-a46e-44b9-abdd-416e32cf4aec_thumbnail695.webp"", ""https://www.property.co.zw/uploadedfiles/89/71/f9/8971f958-c48f-4a55-b136-3c42696ff7c5_thumbnail695.webp"", ""https://www.property.co.zw/uploadedfiles/4a/e3/42/4ae34200-8006-44e8-bb05-d68e631667a4_thumbnail695.webp"", ""https://www.property.co.zw/uploadedfiles/af/ca/ae/afcaae7f-b196-4e1f-b5c2-d1515934dc6b_thumbnail695.webp"", ""https://www.property.co.zw/uploadedfiles/5f/73/bf/5f73bf24-f0f0-49ac-bc89-3e3c6c09b09b_thumbnail695.webp"", ""https://www.property.co.zw/uploadedfiles/15/18/f2/1518f2f2-a407-4f81-9037-8d5da0c9aaaf_thumbnail695.webp"", ""https://www.property.co.zw/uploadedfiles/d0/e2/9a/d0e29a64-c4c5-4dc4-8b0d-9a2360826ad1_thumbnail695.webp""]",2026-09-23T16:10:44,False,250000.0,,already USD,False,False,False,True,,False,False,False,False,False,False,False,False,False,False,False,False,False,False,False,False,False,False,False,True,False,False,False,False,1
KNP183032,https://www.property.co.zw/for-sale/houses-knp183032,Prime Corner Stand home along Harare Drive,165000.0,USD,Sunridge,Harare West,Zimbabwe,"Goodrington Road, Sunridge, Harare West, Harare",3,1.0,,,1071.0,m²,"(Ref # BS572)  This corner stand home with main-road frontage along Harare Drive is a great investment opportunity.  It offers  3 bedrooms, 1 bathroom, a separate",2024-02-02,2026-09-01T11:21:11+02:00,Kennan Properties,17,"[""https://www.property.co.zw/uploadedfiles/47/cf/1e/47cf1eb7-aebb-48e0-8c90-5bd31a86a5d1_thumbnail695.webp"", ""https://www.property.co.zw/uploadedfiles/45/4f/e0/454fe0a0-a86c-4fe5-9d06-a7287fe04357_thumbnail695.webp"", ""https://www.property.co.zw/uploadedfiles/d2/6b/37/d26b3715-833f-4749-b973-f796dfc3e2e1_thumbnail695.webp"", ""https://www.property.co.zw/uploadedfiles/43/aa/d1/43aad105-4cb2-4c8c-a945-cfeb2db94cf4_thumbnail695.webp"", ""https://www.property.co.zw/uploadedfiles/59/e8/f1/59e8f144-3c83-4d76-9968-17aad0d570ed_thumbnail695.webp"", ""https://www.property.co.zw/uploadedfiles/25/e4/c8/25e4c846-d1b5-4ad4-91b1-649654dd573d_thumbnail695.webp"", ""https://www.property.co.zw/uploadedfiles/c4/59/2c/c4592c3d-f5db-49fe-8f6b-114de0682982_thumbnail695.webp"", ""https://www.property.co.zw/uploadedfiles/76/d7/4b/76d74b1d-37d3-4e58-942d-68a97fd0b872_thumbnail695.webp"", ""https://www.property.co.zw/uploadedfiles/f8/af/a3/f8afa365-3e43-4835-8016-8f03a23f70d7_thumbnail695.webp"", ""https://www.property.co.zw/uploadedfiles/45/23/57/452357f1-6bd3-44fa-9753-01f8447d3d83_thumbnail695.webp"", ""https://www.property.co.zw/uploadedfiles/2d/aa/2d/2daa2d55-49eb-497b-a71e-23d0b6a8ed24_thumbnail695.webp"", ""https://www.property.co.zw/uploadedfiles/61/c0/71/61c07168-1b52-49e4-bec5-a6475e312461_thumbnail695.webp"", ""https://www.property.co.zw/uploadedfiles/bc/fe/1e/bcfe1ed3-590a-4bc5-9705-424aa03f8ce2_thumbnail695.webp"", ""https://www.property.co.zw/uploadedfiles/91/16/12/911612a7-2fa1-4221-addd-da6404e2bb18_thumbnail695.webp"", ""https://www.property.co.zw/uploadedfiles/d6/53/3d/d6533dce-45bc-4670-b645-90810af46d59_thumbnail695.webp"", ""https://www.property.co.zw/uploadedfiles/bc/f9/66/bcf9661c-308f-4131-b735-6513d712d975_thumbnail695.webp"", ""https://www.property.co.zw/uploadedfiles/c7/3f/aa/c73faa8b-d7e5-41af-820e-9f6a65bc88f6_thumbnail695.webp""]",2026-09-23T16:10:49,False,165000.0,,already USD,False,False,True,False,,False,False,False,False,False,False,False,False,False,False,False,False,False,False,False,False,False,False,False,False,False,False,False,False,0
PLZP255204,https://www.property.co.zw/for-sale/houses-plzp255204,Premium 7 Bedroom Home In The Heart Of Groombridge,790000.0,USD,Mount Pleasant,Harare North,Zimbabwe,"Mount Pleasant, Harare North, Harare",7,6.0,500.0,m²,4093.0,m²,"Nestled in the prestigious heart of Mt. Pleasant, Groombridge on an expansive 4,093-square-meter plot, this magnificent double-story residence represents the",2026-09-15,2026-09-16T13:11:33+02:00,Plaza Properties,18,"[""https://www.property.co.zw/uploadedfiles/b0/9d/41/b09d413a-f30c-428a-90ba-21ec331ad70d_thumbnail695.webp"", ""https://www.property.co.zw/uploadedfiles/42/27/36/422736c0-3a27-40a7-920d-14d692c315b9_thumbnail695.webp"", ""https://www.property.co.zw/uploadedfiles/73/af/db/73afdb21-84dd-44b9-a1db-ced86c2566a8_thumbnail695.webp"", ""https://www.property.co.zw/uploadedfiles/5e/43/94/5e4394bc-bb13-40bf-bdaf-e6843c28b406_thumbnail695.webp"", ""https://www.property.co.zw/uploadedfiles/75/62/91/75629107-63e0-4200-bdf2-c6f2ce336068_thumbnail695.webp"", ""https://www.property.co.zw/uploadedfiles/77/ab/6d/77ab6db9-91c4-4cd4-8e9f-99dfc6ef0e2e_thumbnail695.webp"", ""https://www.property.co.zw/uploadedfiles/82/4d/41/824d4113-f3aa-4b2c-84b9-0edc867d993f_thumbnail695.webp"", ""https://www.property.co.zw/uploadedfiles/4a/93/de/4a93de92-754a-4b89-960e-82b84042bc88_thumbnail695.webp"", ""https://www.property.co.zw/uploadedfiles/f8/68/b6/f868b6a7-3ca7-4f0b-9f87-0368693f54ff_thumbnail695.webp"", ""https://www.property.co.zw/uploadedfiles/8d/c0/21/8dc021fa-90e1-40b3-9284-df0bf9a0a924_thumbnail695.webp"", ""https://www.property.co.zw/uploadedfiles/5b/9a/be/5b9abe3b-f5b3-4eba-8680-7b3580ea338e_thumbnail695.webp"", ""https://www.property.co.zw/uploadedfiles/3a/ad/98/3aad9874-0666-4668-90a0-dbc855a4c761_thumbnail695.webp"", ""https://www.property.co.zw/uploadedfiles/c7/1d/e8/c71de8e5-07a2-4393-ba81-b9d3ffaf6cae_thumbnail695.webp"", ""https://www.property.co.zw/uploadedfiles/8e/cc/89/8ecc8927-4a83-4075-a1f4-ff356281c18b_thumbnail695.webp"", ""https://www.property.co.zw/uploadedfiles/22/5e/23/225e2365-aefc-4810-8aec-2640f866d891_thumbnail695.webp"", ""https://www.property.co.zw/uploadedfiles/bd/64/61/bd6461ca-8b28-4b79-8fcf-0777036a8c46_thumbnail695.webp"", ""https://www.property.co.zw/uploadedfiles/b0/61/29/b06129e6-aa1f-4b7e-861e-cafe2cb3370a_thumbnail695.webp"", ""https://www.property.co.zw/uploadedfiles/66/57/f3/6657f327-2575-4ee9-aad4-59378db87184_thumbnail695.webp""]",2026-09-23T16:10:53,False,790000.0,,already USD,False,False,True,True,,False,False,False,False,False,False,False,False,False,False,False,False,False,False,False,False,False,False,False,False,False,False,False,False,0
RRT254215,https://www.property.co.zw/for-sale/houses-rrt254215,"4 Bedroom Home for Sale on 1100m² Stand  Fairview, Harare  ",190000.0,USD,Fairview,Harare West,Zimbabwe,"Fairview, Harare West, Harare",4,4.0,,,1103.0,m²,"Gracious 4-bedroom home on a 1100m² stand seeking its new owner.  

Features:
- Main house: Main bedroom with ensuite + 2 bedrooms sharing a bathroom
- Guest",2026-08-28,2026-09-21T15:58:47+02:00,Robert Root,16,"[""https://www.property.co.zw/uploadedfiles/97/9e/90/979e9084-eae8-4e33-9bf4-805b3f51893b_thumbnail695.webp"", ""https://www.property.co.zw/uploadedfiles/7d/ef/76/7def7608-e810-40ba-9f93-3f09b5901499_thumbnail695.webp"", ""https://www.property.co.zw/uploadedfiles/f6/22/09/f6220905-19de-498b-ae41-ea7c7327f266_thumbnail695.webp"", ""https://www.property.co.zw/uploadedfiles/78/d3/f0/78d3f071-e8ac-40ba-9e30-d7b8546b796a_thumbnail695.webp"", ""https://www.property.co.zw/uploadedfiles/a3/12/d2/a312d2e6-2100-48f5-9034-72e06e1f5bb6_thumbnail695.webp"", ""https://www.property.co.zw/uploadedfiles/44/97/95/44979591-a3b3-4a26-9661-9fd1804d00e5_thumbnail695.webp"", ""https://www.property.co.zw/uploadedfiles/22/ce/37/22ce37d9-014b-424f-9740-e2a15d396fa9_thumbnail695.webp"", ""https://www.property.co.zw/uploadedfiles/94/a7/d4/94a7d450-7570-439c-8ff1-97a037e4cbdf_thumbnail695.webp"", ""https://www.property.co.zw/uploadedfiles/a2/ad/d8/a2add8ac-a6ba-452b-92f9-56b2564503d3_thumbnail695.webp"", ""https://www.property.co.zw/uploadedfiles/6a/93/e0/6a93e0e2-e44b-48c2-b326-469152deaf7f_thumbnail695.webp"", ""https://www.property.co.zw/uploadedfiles/7b/23/d2/7b23d281-f7b0-4e42-ba34-b2e5dd95e3dc_thumbnail695.webp"", ""https://www.property.co.zw/uploadedfiles/ad/76/03/ad76036f-afd5-4238-8e4f-1262fb6c872d_thumbnail695.webp"", ""https://www.property.co.zw/uploadedfiles/ae/00/78/ae0078ba-caa3-4051-86ac-e26a304697ce_thumbnail695.webp"", ""https://www.property.co.zw/uploadedfiles/5a/8d/f6/5a8df6af-2902-428b-a91f-763282c1e2b5_thumbnail695.webp"", ""https://www.property.co.zw/uploadedfiles/ab/d2/b8/abd2b86b-c86e-43d2-b647-1a7395bdf4e8_thumbnail695.webp"", ""https://www.property.co.zw/uploadedfiles/0e/02/5f/0e025fd5-c078-4b71-8c84-64f7e1551b1d_thumbnail695.webp""]",2026-09-23T16:10:57,False,190000.0,,already USD,False,True,True,False,,False,False,False,False,False,False,False,False,False,False,False,False,False,False,False,False,False,False,False,True,False,False,False,False,0
PSP250568,https://www.property.co.zw/for-sale/houses-psp250568,Family Friendly Home For Sale,390000.0,USD,Mt Pleasant Heights,Harare West,Zimbabwe,"Mt Pleasant Heights, Harare West, Harare",5,6.0,600.0,m²,2033.0,m²,"Discover a rare Mt Pleasant Heights family estate: a single-level, character-filled home set on 2,033 m² with 600 m² of living space. As shown in the photos, the",2026-07-02,2026-07-24T11:26:05+02:00,Property Shop,20,"[""https://www.property.co.zw/uploadedfiles/55/e8/b0/55e8b095-013c-48d0-b3bc-cfc146f024c5_thumbnail695.webp"", ""https://www.property.co.zw/uploadedfiles/07/a1/3e/07a13e66-885a-449c-98cc-444b85f5def3_thumbnail695.webp"", ""https://www.property.co.zw/uploadedfiles/b4/f3/3a/b4f33ab6-46e9-48ca-ab44-2cfb4276a052_thumbnail695.webp"", ""https://www.property.co.zw/uploadedfiles/05/80/7f/05807f83-329e-4f25-af41-34cfe3895100_thumbnail695.webp"", ""https://www.property.co.zw/uploadedfiles/ba/02/b6/ba02b600-3489-4f98-9a1f-0f3fcd13fe6a_thumbnail695.webp"", ""https://www.property.co.zw/uploadedfiles/40/35/0d/40350d2c-92ca-42bf-89bb-bd0ecffa84bd_thumbnail695.webp"", ""https://www.property.co.zw/uploadedfiles/f5/49/bf/f549bf77-9d8e-4913-b374-71c1773e2cad_thumbnail695.webp"", ""https://www.property.co.zw/uploadedfiles/14/16/c6/1416c6b2-bc4f-4b56-ae7e-f9c6f627bd56_thumbnail695.webp"", ""https://www.property.co.zw/uploadedfiles/70/51/5c/70515c5d-f2fc-4b3c-a320-424c22d95ff4_thumbnail695.webp"", ""https://www.property.co.zw/uploadedfiles/a6/9f/36/a69f36da-9247-4c2c-9a6a-be836d7e8cbb_thumbnail695.webp"", ""https://www.property.co.zw/uploadedfiles/66/6a/96/666a9641-89d7-4f30-8f14-0a71e7b88aaa_thumbnail695.webp"", ""https://www.property.co.zw/uploadedfiles/77/7c/10/777c100c-2cb2-4597-b9ce-068c5c478691_thumbnail695.webp"", ""https://www.property.co.zw/uploadedfiles/5c/c2/74/5cc2748e-dbb9-46e5-8a34-6bb777a3eb65_thumbnail695.webp"", ""https://www.property.co.zw/uploadedfiles/3c/e3/15/3ce315e8-af90-4d0e-97ff-949a7b9b771d_thumbnail695.webp"", ""https://www.property.co.zw/uploadedfiles/c1/bb/82/c1bb829f-449b-4028-8c59-6e8bfa98b638_thumbnail695.webp"", ""https://www.property.co.zw/uploadedfiles/02/e1/f7/02e1f77b-13e9-4b35-95a8-93ce40f6ba31_thumbnail695.webp"", ""https://www.property.co.zw/uploadedfiles/c8/04/42/c80442ae-4e34-453d-ba67-194012db8a20_thumbnail695.webp"", ""https://www.property.co.zw/uploadedfiles/8a/1e/fe/8a1efee8-d72b-4506-b693-46a250e7d572_thumbnail695.webp"", ""https://www.property.co.zw/uploadedfiles/fa/e7/39/fae739a6-b292-4b4f-8ea9-db313d2f64b2_thumbnail695.webp"", ""https://www.property.co.zw/uploadedfiles/1b/fc/7e/1bfc7ed4-904e-485c-a8ac-64fa4a9c3b16_thumbnail695.webp""]",2026-09-23T16:11:01,False,390000.0,,already USD,False,False,True,True,,False,False,False,False,False,False,False,False,False,False,False,False,False,False,False,False,False,False,False,False,False,False,False,False,0
RWS246835,https://www.property.co.zw/for-sale/houses-rws246835,Motivated Seller,650000.0,USD,Colne Valley,Harare North,Zimbabwe,"Colne Valley, Harare North, Harare",5,2.0,500.0,m²,5321.0,m²,"Colne Valley House Forsale 

$650 000neg | 5321sqm | Deeds

This expansive and versatile property, spanning 5,312 square meters, presents exceptional family",2026-05-13,2026-06-18T16:13:39+02:00,Rawson Properties Harare,16,"[""https://www.property.co.zw/uploadedfiles/7b/b6/97/7bb697bd-29b4-40d6-9638-9ef696881768_thumbnail695.webp"", ""https://www.property.co.zw/uploadedfiles/57/7f/c9/577fc9de-cb2f-465e-8212-a4491cf40365_thumbnail695.webp"", ""https://www.property.co.zw/uploadedfiles/bd/56/12/bd561297-319f-40c2-807a-681e2488fedd_thumbnail695.webp"", ""https://www.property.co.zw/uploadedfiles/b7/da/02/b7da021a-208b-4183-9cad-9e8b1269defa_thumbnail695.webp"", ""https://www.property.co.zw/uploadedfiles/3e/96/af/3e96af68-dcc3-43e1-a7b2-ac1799224deb_thumbnail695.webp"", ""https://www.property.co.zw/uploadedfiles/8d/e3/e2/8de3e2a4-24b8-4837-b8ff-8842753c76ae_thumbnail695.webp"", ""https://www.property.co.zw/uploadedfiles/5a/28/21/5a282188-c9a3-4f56-8ef3-2b9db8c38338_thumbnail695.webp"", ""https://www.property.co.zw/uploadedfiles/f9/9f/04/f99f0402-0a00-4399-bb45-845a5a3412cd_thumbnail695.webp"", ""https://www.property.co.zw/uploadedfiles/cb/16/79/cb1679de-9115-4100-99e8-59c94eb6f979_thumbnail695.webp"", ""https://www.property.co.zw/uploadedfiles/ce/97/19/ce971981-e84b-4cdf-b6d1-242d10d138a3_thumbnail695.webp"", ""https://www.property.co.zw/uploadedfiles/47/24/f2/4724f208-6433-4832-a394-c99b4e9d32e1_thumbnail695.webp"", ""https://www.property.co.zw/uploadedfiles/0a/e5/05/0ae505d6-2a7f-4421-ab77-146da66101a9_thumbnail695.webp"", ""https://www.property.co.zw/uploadedfiles/3e/ee/6a/3eee6a5e-ca4a-4528-9bf8-a6ea99c66026_thumbnail695.webp"", ""https://www.property.co.zw/uploadedfiles/1a/fa/8d/1afa8da0-5c53-41ec-ad68-075b9ebf0312_thumbnail695.webp"", ""https://www.property.co.zw/uploadedfiles/d7/ac/9f/d7ac9f98-ef68-4461-93e5-5e355d11bb22_thumbnail695.webp"", ""https://www.property.co.zw/uploadedfiles/93/d8/98/93d898d1-a326-4f4d-8615-3f54e44d527e_thumbnail695.webp""]",2026-09-23T16:11:06,False,650000.0,,already USD,False,False,True,True,,False,False,False,False,False,False,False,False,False,False,False,False,False,False,False,False,False,False,False,False,False,False,False,False,0
BTR232384,https://www.property.co.zw/for-sale/houses-btr232384,House for sale in Sunridge,200000.0,USD,Sunridge,Harare West,Zimbabwe,"Sunridge, Harare West, Harare",3,1.0,1000.0,m²,400.0,m²,"For sale is a well-maintained 3-bedroom house in Sunridge, offering comfort and convenience in a quiet, established neighborhood. The home features a spacious",2025-10-23,2026-08-24T08:21:18+02:00,Blue Tribe,10,"[""https://www.property.co.zw/uploadedfiles/43/98/e4/4398e4a8-b44a-4fb5-819d-6c0d972e3bdc_thumbnail695.webp"", ""https://www.property.co.zw/uploadedfiles/b6/4f/bf/b64fbf47-98b6-4ce5-9181-d03a1ae97c2f_thumbnail695.webp"", ""https://www.property.co.zw/uploadedfiles/8a/0c/e8/8a0ce853-6e05-49f3-8d32-662a10c207f9_thumbnail695.webp"", ""https://www.property.co.zw/uploadedfiles/8b/e8/d8/8be8d84a-3199-4cf3-99a8-7bc52f303e89_thumbnail695.webp"", ""https://www.property.co.zw/uploadedfiles/13/45/80/134580fd-d8ff-42fb-897a-1102ff542ac9_thumbnail695.webp"", ""https://www.property.co.zw/uploadedfiles/f1/56/2f/f1562fcb-b561-4c3a-a938-90991cf9078f_thumbnail695.webp"", ""https://www.property.co.zw/uploadedfiles/1c/95/d7/1c95d789-f798-4e0f-980e-1c3593515d09_thumbnail695.webp"", ""https://www.property.co.zw/uploadedfiles/7f/ef/8c/7fef8ccb-167b-4efe-8f67-1105d2a8ac52_thumbnail695.webp"", ""https://www.property.co.zw/uploadedfiles/58/76/04/587604fb-08f0-45ca-9fa5-bf63073de313_thumbnail695.webp"", ""https://www.property.co.zw/uploadedfiles/1c/87/03/1c870387-2550-42df-abe3-c0df73b29cb6_thumbnail695.webp""]",2026-09-23T16:11:10,False,200000.0,,already USD,False,False,True,True,,False,False,False,False,False,False,False,False,False,False,False,False,False,False,False,False,False,False,False,False,False,False,False,False,0
NPRE241625,https://www.property.co.zw/for-sale/houses-npre241625,Double Storey Fairview Westgate ,250000.0,USD,Fairview,Harare West,Zimbabwe,"Fairview, Harare West, Harare",7,2.0,1.0,m²,1000.0,m²,"

Morden solid newly built double storey :5 Beds plus wing with 2 beds,lounge and kitchen. 

Ground  Floor 
2 bedrooms, separate bathroom and toilet, fitted",2026-03-01,2026-09-10T15:21:55+02:00,Northpole Real Estate,15,"[""https://www.property.co.zw/uploadedfiles/c7/42/14/c742145f-2092-4671-ab45-431202cf7fee_thumbnail695.webp"", ""https://www.property.co.zw/uploadedfiles/d4/58/56/d4585602-b3ec-4dac-b726-966561a399df_thumbnail695.webp"", ""https://www.property.co.zw/uploadedfiles/8e/f1/08/8ef108e0-2ade-48dc-a1fe-868c5a30b398_thumbnail695.webp"", ""https://www.property.co.zw/uploadedfiles/0c/44/b8/0c44b8e7-33a5-48fc-8b32-d851070c37e6_thumbnail695.webp"", ""https://www.property.co.zw/uploadedfiles/3f/98/d3/3f98d390-eab8-48b4-8d79-6f524b7ae815_thumbnail695.webp"", ""https://www.property.co.zw/uploadedfiles/f8/cb/02/f8cb0281-9ede-4842-8e6b-c10fdb86b70f_thumbnail695.webp"", ""https://www.property.co.zw/uploadedfiles/ae/cc/e7/aecce75d-e9cd-42a4-a6c4-4ec4502a13b2_thumbnail695.webp"", ""https://www.property.co.zw/uploadedfiles/f6/87/9b/f6879b22-03e1-47e8-aeb8-211815b668d4_thumbnail695.webp"", ""https://www.property.co.zw/uploadedfiles/5f/82/82/5f82823d-e9cb-4857-9fc3-6b8b94ef99f1_thumbnail695.webp"", ""https://www.property.co.zw/uploadedfiles/30/31/20/3031204e-e057-430b-bd03-72f555f22be8_thumbnail695.webp"", ""https://www.property.co.zw/uploadedfiles/b2/fa/83/b2fa83ce-6760-4c9f-87ab-a14f4ce83b04_thumbnail695.webp"", ""https://www.property.co.zw/uploadedfiles/ea/df/0a/eadf0a1c-4cc0-49da-9d43-07c4d84ea976_thumbnail695.webp"", ""https://www.property.co.zw/uploadedfiles/93/b7/00/93b7000c-85cf-4d14-9ccd-d8f3831ed360_thumbnail695.webp"", ""https://www.property.co.zw/uploadedfiles/12/03/ce/1203ce29-8fad-4b06-baa1-70cc6695061e_thumbnail695.webp"", ""https://www.property.co.zw/uploadedfiles/e2/4c/3a/e24c3a9b-24c6-41c3-a1f3-412dd57ede9f_thumbnail695.webp""]",2026-09-23T16:11:14,False,250000.0,,already USD,False,False,True,True,,False,False,False,False,False,False,False,False,False,False,False,False,False,False,False,False,False,False,False,False,False,False,False,False,0
GAT252955,https://www.property.co.zw/for-sale/houses-gat252955,"Luxury 4-Bedroom Family Home on 3,966m² – Highlands",880000.0,USD,Highlands,Harare North,Zimbabwe,"Highlands, Harare North, Harare",4,3.0,500.0,m²,,3966,"A spacious 4-bedroom home set on 3,966m², this property is ideal for the discerning family or as an executive residence, offering expansive living spaces and",2026-08-06,2026-08-06T13:09:08+02:00,Guest and Tanner Real Estate,29,"[""https://www.property.co.zw/uploadedfiles/ce/9a/08/ce9a088d-3a6e-4a1a-97a8-d9867dc84e87_thumbnail695.webp"", ""https://www.property.co.zw/uploadedfiles/b1/a4/91/b1a491c1-4909-4fdb-8d8d-ff408d92f6af_thumbnail695.webp"", ""https://www.property.co.zw/uploadedfiles/2f/60/91/2f6091a4-6113-409c-b01d-ab7e1bc64f99_thumbnail695.webp"", ""https://www.property.co.zw/uploadedfiles/a1/e2/7b/a1e27bf2-e77e-4b0b-a0d9-5a52a6fd0488_thumbnail695.webp"", ""https://www.property.co.zw/uploadedfiles/61/e9/5d/61e95d86-287a-4841-9dfb-77e5d5a75d6e_thumbnail695.webp"", ""https://www.property.co.zw/uploadedfiles/3b/ce/2e/3bce2eff-da34-4be5-b7f2-d4e1f2031bf0_thumbnail695.webp"", ""https://www.property.co.zw/uploadedfiles/52/0a/14/520a1421-1bac-42ce-b15d-461c0835682a_thumbnail695.webp"", ""https://www.property.co.zw/uploadedfiles/e7/23/87/e72387a4-53b9-478f-aabe-0351d3a8293e_thumbnail695.webp"", ""https://www.property.co.zw/uploadedfiles/6b/bb/b9/6bbbb909-6859-48df-b009-c84da4c98be8_thumbnail695.webp"", ""https://www.property.co.zw/uploadedfiles/7b/ec/6d/7bec6d0d-7797-4fec-bf70-a4aaf23eb534_thumbnail695.webp"", ""https://www.property.co.zw/uploadedfiles/81/41/c8/8141c8dc-5a92-4931-b793-93dbbe56249a_thumbnail695.webp"", ""https://www.property.co.zw/uploadedfiles/1d/d4/fc/1dd4fc38-3d40-4b38-917a-95e7713ba908_thumbnail695.webp"", ""https://www.property.co.zw/uploadedfiles/15/5a/be/155abeba-409d-4722-9b5c-e802cf8a2e30_thumbnail695.webp"", ""https://www.property.co.zw/uploadedfiles/ce/78/d7/ce78d798-6efe-435a-8652-15d6e7c37f45_thumbnail695.webp"", ""https://www.property.co.zw/uploadedfiles/31/70/74/3170741f-6993-46a6-8d6b-2b47e5dcd14b_thumbnail695.webp"", ""https://www.property.co.zw/uploadedfiles/56/93/c8/5693c87b-f128-4e5a-b685-f32b52b23abf_thumbnail695.webp"", ""https://www.property.co.zw/uploadedfiles/20/6c/2c/206c2cff-7a3c-4ae0-8806-e432fe8f14fd_thumbnail695.webp"", ""https://www.property.co.zw/uploadedfiles/cf/16/1c/cf161cc2-2e68-43a8-b1ef-063d2808f7e8_thumbnail695.webp"", ""https://www.property.co.zw/uploadedfiles/8a/74/d2/8a74d290-3c1c-4e8d-9eb0-7ac6a7047c8e_thumbnail695.webp"", ""https://www.property.co.zw/uploadedfiles/7b/b4/47/7bb44702-4263-4981-8879-91c1e231a25c_thumbnail695.webp"", ""https://www.property.co.zw/uploadedfiles/05/e4/e0/05e4e044-73c1-4f0a-8d07-863326137803_thumbnail695.webp"", ""https://www.property.co.zw/uploadedfiles/5c/dd/3f/5cdd3f9b-17dd-4556-8ef9-a1c80b86ed6c_thumbnail695.webp"", ""https://www.property.co.zw/uploadedfiles/d8/41/4e/d8414e20-d205-42ee-bb28-c72a29e1caaf_thumbnail695.webp"", ""https://www.property.co.zw/uploadedfiles/e1/ff/f8/e1fff836-1423-478c-8d8a-db3ec318d754_thumbnail695.webp"", ""https://www.property.co.zw/uploadedfiles/74/63/4f/74634ff0-fd13-4365-93c7-7e184aea6aaa_thumbnail695.webp"", ""https://www.property.co.zw/uploadedfiles/09/c3/5e/09c35e14-096f-4560-a11f-02e971edeb10_thumbnail695.webp"", ""https://www.property.co.zw/uploadedfiles/cb/0b/32/cb0b3283-720b-4955-b720-83d8f918c78c_thumbnail695.webp"", ""https://www.property.co.zw/uploadedfiles/b1/0d/2e/b10d2ed3-c312-483b-8ddf-777976b5fb91_thumbnail695.webp"", ""https://www.property.co.zw/uploadedfiles/bc/54/fc/bc54fc67-8d8d-413a-8056-e95ad4e94f0d_thumbnail695.webp""]",2026-09-23T16:11:18,False,880000.0,,already USD,False,False,False,True,,False,False,False,False,False,False,False,False,False,False,False,False,False,False,False,False,False,False,False,False,False,False,False,False,0
RRT250538,https://www.property.co.zw/for-sale/houses-rrt250538,Lovely family home in Waterfalls for sale,175000.0,USD,Waterfalls,Harare South,Zimbabwe,"Waterfalls, Harare South, Harare",3,1.0,2800.0,m²,,,"Lovely family home on good land size featuring 3 good sized bedrooms, 1 main bathroom, separate toilet, neat fitted kitchen with scullery.
Good borehole sitting",2026-07-02,2026-07-02T16:12:17+02:00,Robert Root,11,"[""https://www.property.co.zw/uploadedfiles/f1/e7/75/f1e77512-1a69-4c78-bab4-eaeb5cd4cbb9_thumbnail695.webp"", ""https://www.property.co.zw/uploadedfiles/dd/11/15/dd111575-07bd-44d0-bafc-ecc7fb635f12_thumbnail695.webp"", ""https://www.property.co.zw/uploadedfiles/40/98/44/40984466-bf4a-48c4-a056-867ebb95632c_thumbnail695.webp"", ""https://www.property.co.zw/uploadedfiles/2d/2f/3c/2d2f3c9b-f9f9-4fad-9798-97afeba9f0e9_thumbnail695.webp"", ""https://www.property.co.zw/uploadedfiles/45/9a/ed/459aed2a-547c-4e7a-bfef-80173715c1f5_thumbnail695.webp"", ""https://www.property.co.zw/uploadedfiles/38/ec/2d/38ec2d14-94b2-4822-806b-f54815d56367_thumbnail695.webp"", ""https://www.property.co.zw/uploadedfiles/ef/e8/dc/efe8dc3e-ed80-4ef7-b787-e076be791031_thumbnail695.webp"", ""https://www.property.co.zw/uploadedfiles/ed/a1/f9/eda1f92c-ae5c-4fc8-9dbd-c533533dd45e_thumbnail695.webp"", ""https://www.property.co.zw/uploadedfiles/c0/35/06/c0350616-1219-4b4b-b110-06de7c298e81_thumbnail695.webp"", ""https://www.property.co.zw/uploadedfiles/b3/ff/d2/b3ffd2bb-b1fa-4fe9-b29b-6e078d81ee29_thumbnail695.webp"", ""https://www.property.co.zw/uploadedfiles/e8/cb/0b/e8cb0ba9-f586-48e4-b148-8a805a78985a_thumbnail695.webp""]",2026-09-23T16:11:22,False,175000.0,,already USD,False,False,False,True,,False,False,False,False,False,False,False,False,False,False,True,False,False,False,True,False,False,False,False,False,False,False,False,False,0
GAT250953,https://www.property.co.zw/for-sale/houses-gat250953,Move-In Ready Family Home with Solar Backup & Cottage – Cranborne,170000.0,USD,Cranborne,Harare South,Zimbabwe,"Cranborne, Harare South, Harare",3,2.0,200.0,m²,,700,"A move-in-ready family home with full solar backup, reliable water, and a self-contained cottage in sought-after Cranborne. Set on approximately 700sqm in the",2026-07-08,2026-08-05T10:30:40+02:00,Guest and Tanner Real Estate,29,"[""https://www.property.co.zw/uploadedfiles/25/f5/98/25f598b9-d976-4cdd-890d-098dfca3e529_thumbnail695.webp"", ""https://www.property.co.zw/uploadedfiles/5f/6f/a9/5f6fa965-f368-4fc1-9b29-7f41e8a6b080_thumbnail695.webp"", ""https://www.property.co.zw/uploadedfiles/60/d8/4a/60d84ab7-6836-40df-91e7-3e808559dd85_thumbnail695.webp"", ""https://www.property.co.zw/uploadedfiles/c4/65/ff/c465ff1e-bddb-4380-b84d-e1efc95ef135_thumbnail695.webp"", ""https://www.property.co.zw/uploadedfiles/59/1a/3f/591a3f36-8b6b-4076-881e-b65d8f6488d7_thumbnail695.webp"", ""https://www.property.co.zw/uploadedfiles/20/78/49/20784907-4901-4504-9bd4-76365a0e8aff_thumbnail695.webp"", ""https://www.property.co.zw/uploadedfiles/0f/54/60/0f546037-32df-472c-8db9-7602dabed200_thumbnail695.webp"", ""https://www.property.co.zw/uploadedfiles/8c/22/10/8c2210a7-d2fb-4b65-98b1-40e52fc1fb56_thumbnail695.webp"", ""https://www.property.co.zw/uploadedfiles/3c/1b/5a/3c1b5af4-3e38-49c4-b2a8-7116fedd4767_thumbnail695.webp"", ""https://www.property.co.zw/uploadedfiles/cf/f4/67/cff4670e-06bc-4a81-b073-81eb2fe59f6e_thumbnail695.webp"", ""https://www.property.co.zw/uploadedfiles/71/46/7b/71467b43-5a74-4c6e-8e2c-212e5348f57c_thumbnail695.webp"", ""https://www.property.co.zw/uploadedfiles/11/a5/ba/11a5ba02-74e7-4210-9a5d-178fc8a861da_thumbnail695.webp"", ""https://www.property.co.zw/uploadedfiles/83/6c/23/836c237c-4ff3-42a2-8217-5c6c91be824d_thumbnail695.webp"", ""https://www.property.co.zw/uploadedfiles/4d/80/c6/4d80c62a-cb02-4499-9c9f-36a14a6694b9_thumbnail695.webp"", ""https://www.property.co.zw/uploadedfiles/df/e3/7c/dfe37c5a-6284-4472-b51d-3f284e6ddab0_thumbnail695.webp"", ""https://www.property.co.zw/uploadedfiles/7d/4e/6e/7d4e6e03-64ba-4eeb-a825-37e683acfbc6_thumbnail695.webp"", ""https://www.property.co.zw/uploadedfiles/ca/b6/91/cab69108-7e08-449c-aed2-36109131b4cc_thumbnail695.webp"", ""https://www.property.co.zw/uploadedfiles/d1/d3/c6/d1d3c6b4-6a1d-4d38-b29b-9b74a6cde200_thumbnail695.webp"", ""https://www.property.co.zw/uploadedfiles/6f/e4/7a/6fe47a3f-fc91-49de-b6c7-9896212d80c0_thumbnail695.webp"", ""https://www.property.co.zw/uploadedfiles/db/b5/c0/dbb5c01e-e1a3-45f6-a487-a3d7a8f02566_thumbnail695.webp"", ""https://www.property.co.zw/uploadedfiles/b4/fc/49/b4fc49c0-bf2f-4c60-b215-4673f6228109_thumbnail695.webp"", ""https://www.property.co.zw/uploadedfiles/da/4e/03/da4e0383-5c9c-4a54-9bf7-96d020bb5101_thumbnail695.webp"", ""https://www.property.co.zw/uploadedfiles/2f/3c/8d/2f3c8da4-dfc3-4429-83de-fc8a74e1308a_thumbnail695.webp"", ""https://www.property.co.zw/uploadedfiles/89/56/86/89568671-125e-42ca-97ea-8e06c4b0d2ca_thumbnail695.webp"", ""https://www.property.co.zw/uploadedfiles/9f/11/38/9f11384b-a331-4d7e-986b-04a4c18be4b2_thumbnail695.webp"", ""https://www.property.co.zw/uploadedfiles/33/91/2a/33912a22-3c8a-471d-ae4d-f223e52ea19a_thumbnail695.webp"", ""https://www.property.co.zw/uploadedfiles/49/c0/e6/49c0e6b9-3c52-4baa-86f5-b0b42311731b_thumbnail695.webp"", ""https://www.property.co.zw/uploadedfiles/34/ab/5a/34ab5a7b-3543-4681-8542-5f4655bd9777_thumbnail695.webp"", ""https://www.property.co.zw/uploadedfiles/b8/2b/84/b82b84b2-c146-4271-a30c-417359fe247e_thumbnail695.webp""]",2026-09-23T16:11:27,False,170000.0,,already USD,False,False,False,True,,False,False,False,False,False,False,False,False,False,False,False,False,False,False,False,False,False,True,False,False,False,True,False,False,0
SIGH254646,https://www.property.co.zw/for-sale/houses-sigh254646,5 Bedroomed  House For Sale,400000.0,USD,Mount Pleasant Heights,Harare North,Zimbabwe,"Mount Pleasant Heights, Harare North, Harare",5,4.0,,,1800.0,m²,"Stunning contemporary 5-bedroom, 4-bath family home on an 1800 m² stand in  Mount Pleasant Heights, Harare North. Finished to a high standard. A paved driveway and",2026-09-04,2026-09-21T11:16:56+02:00,Signature Homes Pvt Ltd,10,"[""https://www.property.co.zw/uploadedfiles/d9/f7/ec/d9f7ecad-e43a-48c0-ab7a-af75dd33e611_thumbnail695.webp"", ""https://www.property.co.zw/uploadedfiles/08/68/ee/0868ee47-e071-4ce4-a5df-fb16af9ff39f_thumbnail695.webp"", ""https://www.property.co.zw/uploadedfiles/73/89/79/73897910-422b-4caa-b397-791485f6afdf_thumbnail695.webp"", ""https://www.property.co.zw/uploadedfiles/c0/fc/b8/c0fcb866-112c-4f0b-948b-d1d3baa2878c_thumbnail695.webp"", ""https://www.property.co.zw/uploadedfiles/3c/0e/9a/3c0e9a59-cc83-4e6b-99a8-44253d112ff6_thumbnail695.webp"", ""https://www.property.co.zw/uploadedfiles/a3/61/da/a361da39-1f20-4dbd-ba84-a070f89c4a5d_thumbnail695.webp"", ""https://www.property.co.zw/uploadedfiles/de/56/bb/de56bb30-51c5-4d34-afcf-242ccc9ab166_thumbnail695.webp"", ""https://www.property.co.zw/uploadedfiles/ce/72/4a/ce724ab0-0a5f-4f00-99ff-e285ca65ec72_thumbnail695.webp"", ""https://www.property.co.zw/uploadedfiles/74/ef/96/74ef96fe-c07b-42fa-b20a-ecf99d7e2d8c_thumbnail695.webp"", ""https://www.property.co.zw/uploadedfiles/5d/6d/77/5d6d7754-e02b-4ce3-ab74-d7f697784814_thumbnail695.webp""]",2026-09-23T16:11:31,False,400000.0,,already USD,False,False,True,False,,False,False,True,False,False,False,False,False,False,False,False,False,False,False,False,False,False,False,False,False,False,False,False,False,0
CHAS244913,https://www.property.co.zw/for-sale/houses-chas244913,Mount Pleasant Heights Cottage for Sale,245000.0,USD,Mt Pleasant Heights,Harare West,Zimbabwe,"Mt Pleasant Heights, Harare West, Harare",4,4.0,470.0,m²,2253.0,m²,"Mount Pleasant Heights Phase 2 Cottage For Sale

For Sale: Mount Pleasant Heights Phase 2 Spacious Cottage on Large Stand
Developer Cession (Equity) | Ready for",2026-04-16,2026-05-27T06:26:55+02:00,CHAS EVERITT,14,"[""https://www.property.co.zw/uploadedfiles/ed/27/05/ed270528-d97c-4c69-8bb8-6b5074acde97_thumbnail695.webp"", ""https://www.property.co.zw/uploadedfiles/e7/07/f6/e707f685-9600-4652-ab9a-6a9dd413df7c_thumbnail695.webp"", ""https://www.property.co.zw/uploadedfiles/a2/21/f8/a221f853-e502-413f-ae48-735c2f8411b3_thumbnail695.webp"", ""https://www.property.co.zw/uploadedfiles/15/cc/4a/15cc4a9d-dd15-41fa-b9db-17246488ce2d_thumbnail695.webp"", ""https://www.property.co.zw/uploadedfiles/e5/20/9c/e5209c0d-ec8c-4789-b4fd-bff484095d43_thumbnail695.webp"", ""https://www.property.co.zw/uploadedfiles/3a/89/ba/3a89bad5-c476-4d3f-b593-d027dc057c93_thumbnail695.webp"", ""https://www.property.co.zw/uploadedfiles/6e/73/4f/6e734f5f-4fef-46a5-9892-aa70fba5f8be_thumbnail695.webp"", ""https://www.property.co.zw/uploadedfiles/60/55/ca/6055ca19-f802-47f1-8052-801fb8a5fb2c_thumbnail695.webp"", ""https://www.property.co.zw/uploadedfiles/9a/07/98/9a0798a8-9ab3-4c99-b924-d029019de8fe_thumbnail695.webp"", ""https://www.property.co.zw/uploadedfiles/6e/fe/74/6efe74c4-4340-47c9-9203-d2b031a86750_thumbnail695.webp"", ""https://www.property.co.zw/uploadedfiles/4c/49/66/4c496610-a3d0-4f90-8357-eaf9fee6083c_thumbnail695.webp"", ""https://www.property.co.zw/uploadedfiles/77/91/49/779149a6-70fe-48f6-898b-fde1f880b0af_thumbnail695.webp"", ""https://www.property.co.zw/uploadedfiles/10/df/2f/10df2fa8-8dd0-44af-bcac-24ad6cd759aa_thumbnail695.webp"", ""https://www.property.co.zw/uploadedfiles/c7/56/de/c756de62-d6c4-462d-a57d-5378dcc3d78c_thumbnail695.webp""]",2026-09-23T16:11:35,False,245000.0,,already USD,False,False,True,True,,False,False,False,False,False,False,False,False,False,False,False,False,False,False,False,False,False,False,False,False,False,True,False,True,0
RWS249507,https://www.property.co.zw/for-sale/houses-rws249507,Good for cluster development,280000.0,USD,Waterfalls,Harare South,Zimbabwe,"Waterfalls, Harare South, Harare",3,1.0,230.0,m²,5667.0,m²,"Spacious 3-bedroom, 1-bath family home on a generous 5,667 m² stand in Waterfalls, Harare South — 230 m² of potential. The front façade (see photos) features a",2026-06-17,2026-09-22T10:37:18+02:00,Rawson Properties Harare,15,"[""https://www.property.co.zw/uploadedfiles/fa/5b/34/fa5b34a2-b2bc-46f5-9ad9-5ead20d3f6c9_thumbnail695.webp"", ""https://www.property.co.zw/uploadedfiles/63/22/b1/6322b1ab-105d-480b-b53b-d395344d7522_thumbnail695.webp"", ""https://www.property.co.zw/uploadedfiles/71/11/52/71115213-037e-45b6-bc8e-a0ab2916e5af_thumbnail695.webp"", ""https://www.property.co.zw/uploadedfiles/6f/12/f9/6f12f92c-3c36-4815-a375-c7bd6f325318_thumbnail695.webp"", ""https://www.property.co.zw/uploadedfiles/0a/10/3f/0a103fc2-b8b4-4cca-9af3-1394775292db_thumbnail695.webp"", ""https://www.property.co.zw/uploadedfiles/c8/07/28/c807289c-7a76-4901-8d6e-7ba59e7da589_thumbnail695.webp"", ""https://www.property.co.zw/uploadedfiles/92/1a/ed/921aedc9-9b38-4352-be31-c370acd1e725_thumbnail695.webp"", ""https://www.property.co.zw/uploadedfiles/90/83/c4/9083c47f-b535-4822-8c7b-157dcc22e8fd_thumbnail695.webp"", ""https://www.property.co.zw/uploadedfiles/b0/a8/af/b0a8af7d-4b76-4d85-97d9-f35e6f6c6dcb_thumbnail695.webp"", ""https://www.property.co.zw/uploadedfiles/c4/30/64/c4306433-3e43-4599-a432-eeedcfb4d35c_thumbnail695.webp"", ""https://www.property.co.zw/uploadedfiles/bc/a8/52/bca85211-ad98-49a8-806e-c760be608328_thumbnail695.webp"", ""https://www.property.co.zw/uploadedfiles/6b/04/3d/6b043d28-02df-43d4-9c14-3e107d0d0fc5_thumbnail695.webp"", ""https://www.property.co.zw/uploadedfiles/87/30/77/87307791-f6a4-4c84-a522-98d057a747a5_thumbnail695.webp"", ""https://www.property.co.zw/uploadedfiles/88/f6/65/88f665cf-fc16-4fc3-982f-3e2a5fb5c683_thumbnail695.webp"", ""https://www.property.co.zw/uploadedfiles/af/53/fe/af53fe09-f5f3-4a99-bd5e-1f2e4f40ff9f_thumbnail695.webp""]",2026-09-23T16:11:39,False,280000.0,,already USD,False,False,True,True,,False,False,False,False,False,False,False,False,False,False,False,False,False,False,False,False,False,False,False,False,False,False,False,False,0
LVRE225037,https://www.property.co.zw/for-sale/houses-lvre225037,House for sale,170000.0,USD,Tynwald,Harare West,Zimbabwe,"Tynwald, Harare West, Harare",4,2.0,350.0,m²,1250.0,m²,"Investor's delight in Tynwald, Harare West

Discover your new oasis in the heart of Tynwald, Harare West! This spacious, four-bedroom house spans an impressive",2025-07-16,2026-06-20T10:23:44+02:00,Lavee Real Estate,14,"[""https://www.property.co.zw/uploadedfiles/e6/20/82/e620826c-20ff-42ce-a8c0-b57c094ca3fe_thumbnail695.webp"", ""https://www.property.co.zw/uploadedfiles/90/45/8c/90458c3a-fee5-4a0b-bd9e-5df31a2eb06d_thumbnail695.webp"", ""https://www.property.co.zw/uploadedfiles/60/84/f2/6084f25c-f591-48cd-af1f-ec38df3d70db_thumbnail695.webp"", ""https://www.property.co.zw/uploadedfiles/86/cc/75/86cc759d-5931-4177-a570-ea003f4cd95e_thumbnail695.webp"", ""https://www.property.co.zw/uploadedfiles/0d/40/a8/0d40a8de-f543-4792-afe3-3d1786aa56cc_thumbnail695.webp"", ""https://www.property.co.zw/uploadedfiles/c5/43/42/c543422c-c3a7-42bf-8a8d-1cb54eb812fe_thumbnail695.webp"", ""https://www.property.co.zw/uploadedfiles/77/f2/aa/77f2aa55-be9c-4fc6-993c-b6dbfebf2da4_thumbnail695.webp"", ""https://www.property.co.zw/uploadedfiles/65/cb/e9/65cbe93a-d87c-42e6-a345-c7e15af3ea31_thumbnail695.webp"", ""https://www.property.co.zw/uploadedfiles/94/e4/24/94e424ee-ff19-4fe9-bb35-1b6c53c73707_thumbnail695.webp"", ""https://www.property.co.zw/uploadedfiles/b2/1b/19/b21b19c0-88dc-411a-8058-2b35e1cda39a_thumbnail695.webp"", ""https://www.property.co.zw/uploadedfiles/23/14/c4/2314c45c-a20a-42c0-8ce9-96faec9253c4_thumbnail695.webp"", ""https://www.property.co.zw/uploadedfiles/8b/37/02/8b3702fc-a321-40c8-b13c-4dda072fc74e_thumbnail695.webp"", ""https://www.property.co.zw/uploadedfiles/d0/18/57/d01857d7-f7df-45f6-92cc-caadd5c05a98_thumbnail695.webp"", ""https://www.property.co.zw/uploadedfiles/0d/a9/1f/0da91f23-ab71-422a-b7c4-491134059e74_thumbnail695.webp""]",2026-09-23T16:11:44,False,170000.0,,already USD,False,False,True,True,,False,False,False,False,False,False,False,False,False,False,False,False,False,False,False,False,False,False,False,False,False,False,False,False,0
AKP244338,https://www.property.co.zw/for-sale/houses-akp244338,House for Sale – Alexandra Park,600000.0,USD,Alexandra Park,Harare North,Zimbabwe,"Alexandra Park, Harare North, Harare",4,3.0,200.0,m²,,2044,"Prime residential property located in Alexandra Park along a busy road, making it ideal for both residential and commercial use. This well maintained home offers",2026-04-09,2026-08-27T16:23:51+02:00,Ark Properties,14,"[""https://www.property.co.zw/uploadedfiles/21/16/27/211627f6-e9bf-410e-86e1-d55941c5c491_thumbnail695.webp"", ""https://www.property.co.zw/uploadedfiles/89/20/0c/89200cfb-51ad-4a7c-9f65-f51f90c98361_thumbnail695.webp"", ""https://www.property.co.zw/uploadedfiles/c9/c1/39/c9c139a5-b19d-470b-ab32-8048df169a07_thumbnail695.webp"", ""https://www.property.co.zw/uploadedfiles/26/c5/77/26c5779e-f4f6-4a86-9489-c54c0fdeb75d_thumbnail695.webp"", ""https://www.property.co.zw/uploadedfiles/34/93/09/3493098a-55eb-4083-8a52-4922c1dc4448_thumbnail695.webp"", ""https://www.property.co.zw/uploadedfiles/13/8c/70/138c705d-b1d3-4d76-9f7a-6aa17c9c1285_thumbnail695.webp"", ""https://www.property.co.zw/uploadedfiles/00/6e/7a/006e7a22-177e-4d5c-bd1a-42546873594e_thumbnail695.webp"", ""https://www.property.co.zw/uploadedfiles/dd/b0/cf/ddb0cf57-9226-4565-ae7e-2edc4ffa3cec_thumbnail695.webp"", ""https://www.property.co.zw/uploadedfiles/81/12/98/8112983d-f120-4f25-8677-e0373667a875_thumbnail695.webp"", ""https://www.property.co.zw/uploadedfiles/0f/8e/4a/0f8e4ac7-f926-47d6-ba2a-22d0850dd68e_thumbnail695.webp"", ""https://www.property.co.zw/uploadedfiles/d3/39/9f/d3399f32-9bb1-4cc5-9ff0-f0de176f90e9_thumbnail695.webp"", ""https://www.property.co.zw/uploadedfiles/3b/c7/a4/3bc7a43c-ff9d-48af-aa23-7b1934f1cd32_thumbnail695.webp"", ""https://www.property.co.zw/uploadedfiles/ab/06/46/ab06466b-af1b-4ad1-b32b-e904df323559_thumbnail695.webp"", ""https://www.property.co.zw/uploadedfiles/67/f0/d6/67f0d696-1d6c-4771-80a4-584fda0ae41b_thumbnail695.webp""]",2026-09-23T16:11:48,False,600000.0,,already USD,False,False,False,True,,False,False,False,False,False,False,False,False,False,False,False,False,False,False,False,False,False,False,False,False,False,False,False,False,0
TSK250377,https://www.property.co.zw/for-sale/houses-tsk250377,Close To Garwe Restaurant,280000.0,USD,Eastlea,Harare East,Zimbabwe,"Eastlea, Harare East, Harare",3,2.0,1400.0,m²,1400.0,m²,"EASTLEA HOUSE FOR SALE 

Presenting to you a prestigious abode in the heart of the vibrant Eastlea close to  Garwe Restaurant . This magnificent 3 bedrooms,",2026-07-01,2026-08-31T10:04:40+02:00,Three Skys Properties,16,"[""https://www.property.co.zw/uploadedfiles/f8/8d/6f/f88d6f9c-4103-4f4d-b33e-fe3a18a59041_thumbnail695.webp"", ""https://www.property.co.zw/uploadedfiles/71/ba/5f/71ba5f00-2183-4af1-885e-646ced7adc00_thumbnail695.webp"", ""https://www.property.co.zw/uploadedfiles/86/bc/1d/86bc1d78-9db0-492f-9592-8220fdd963c5_thumbnail695.webp"", ""https://www.property.co.zw/uploadedfiles/06/56/1e/06561e82-2bea-41b5-a929-d369f38e0bce_thumbnail695.webp"", ""https://www.property.co.zw/uploadedfiles/4b/7b/ad/4b7bad1d-c322-4a2c-b484-1f58c529a84a_thumbnail695.webp"", ""https://www.property.co.zw/uploadedfiles/9f/e6/7c/9fe67c9f-3c82-4f41-a925-40fb2af5d4bc_thumbnail695.webp"", ""https://www.property.co.zw/uploadedfiles/5b/c0/64/5bc064b9-d6ee-40d9-a7d9-ea2bf4d0b46f_thumbnail695.webp"", ""https://www.property.co.zw/uploadedfiles/c3/8a/43/c38a43a3-06b6-4dba-b83d-a67c081e0703_thumbnail695.webp"", ""https://www.property.co.zw/uploadedfiles/5d/e6/47/5de647f5-d10e-4289-8183-e689dda73264_thumbnail695.webp"", ""https://www.property.co.zw/uploadedfiles/36/c9/81/36c9814e-44c4-44df-b002-517e617c976a_thumbnail695.webp"", ""https://www.property.co.zw/uploadedfiles/1d/06/98/1d0698f7-025b-4759-9537-54c97d6da91c_thumbnail695.webp"", ""https://www.property.co.zw/uploadedfiles/fb/19/8a/fb198af1-8e96-4379-84db-6eb94f10436f_thumbnail695.webp"", ""https://www.property.co.zw/uploadedfiles/32/81/3b/32813b19-52ee-4c14-9eab-a1522bac0e51_thumbnail695.webp"", ""https://www.property.co.zw/uploadedfiles/40/5f/c8/405fc89d-4650-4021-8bb2-e4def4dd7b2f_thumbnail695.webp"", ""https://www.property.co.zw/uploadedfiles/b0/98/a7/b098a799-a779-4a0e-84b0-f31bb19aa47a_thumbnail695.webp"", ""https://www.property.co.zw/uploadedfiles/25/6a/bc/256abc81-f15a-409e-ba8f-77ee25f7c170_thumbnail695.webp""]",2026-09-23T16:11:53,False,280000.0,,already USD,False,False,True,True,,False,False,False,False,False,False,False,False,False,False,False,False,False,False,False,False,False,False,False,False,False,False,False,False,0
GAT226357,https://www.property.co.zw/for-sale/houses-gat226357,"Spacious 5 Bedroom Home for Sale in New Marlborough, Harare",200000.0,USD,New Marlborough,Harare West,Zimbabwe,"New Marlborough, Harare West, Harare",5,2.0,750.0,m²,,2222,"Guest and Tanner Real Estate presents a generously sized family home located in the sought-after suburb of New Marlborough. This property offers:

Five bedrooms,",2025-08-01,2026-08-25T11:36:10+02:00,Guest and Tanner Real Estate,10,"[""https://www.property.co.zw/uploadedfiles/90/42/8e/90428eb6-bef4-424e-80be-9e63715a0547_thumbnail695.webp"", ""https://www.property.co.zw/uploadedfiles/1b/4e/22/1b4e2295-18ac-4fe1-b55c-5a4ef4cca528_thumbnail695.webp"", ""https://www.property.co.zw/uploadedfiles/20/e4/75/20e47592-6e6f-480f-b5bf-479f0991b5a3_thumbnail695.webp"", ""https://www.property.co.zw/uploadedfiles/5f/8e/b6/5f8eb68a-c4a5-4efe-9dc4-cb6e28a9f10f_thumbnail695.webp"", ""https://www.property.co.zw/uploadedfiles/8a/0b/34/8a0b3497-117a-4b3c-841b-4f88c7041c0c_thumbnail695.webp"", ""https://www.property.co.zw/uploadedfiles/ef/a4/dd/efa4ddce-6319-4af5-866d-fcd76d06d83a_thumbnail695.webp"", ""https://www.property.co.zw/uploadedfiles/c3/bc/56/c3bc567f-79d2-436f-acb8-83e802cd3ac4_thumbnail695.webp"", ""https://www.property.co.zw/uploadedfiles/03/af/b3/03afb341-f292-4182-bba4-4ac22f655eb8_thumbnail695.webp"", ""https://www.property.co.zw/uploadedfiles/e9/41/ea/e941eafc-e14d-4b9d-bb32-41cfb913892d_thumbnail695.webp"", ""https://www.property.co.zw/uploadedfiles/99/b1/6d/99b16dd0-2e9a-4cc1-a7c8-15571128f492_thumbnail695.webp""]",2026-09-23T16:11:57,False,200000.0,,already USD,False,False,False,True,,False,False,False,False,False,False,False,False,False,False,False,False,False,False,False,False,False,False,False,False,False,False,False,False,0
RWS255517,https://www.property.co.zw/for-sale/houses-rws255517,Developers Dream,50000.0,USD,Kuwadzana,Harare High Density,Zimbabwe,"Kuwadzana, Harare High Density, Harare",5,1.0,120.0,m²,300.0,m²,Affordable 5-bedroom home in Kuwadzana — perfect for investors or a family ready to renovate. This single-storey house sits on a 300 m² stand with a building,2026-09-19,2026-09-22T13:10:21+02:00,Rawson Properties Harare,5,"[""https://www.property.co.zw/uploadedfiles/f9/65/42/f96542b3-6dc7-42d3-b0ac-763cbb5ec3d0_thumbnail695.webp"", ""https://www.property.co.zw/uploadedfiles/44/7c/6f/447c6f0e-bd08-4187-b172-a913e4935bf7_thumbnail695.webp"", ""https://www.property.co.zw/uploadedfiles/01/94/7a/01947aff-c22c-43b2-b4c3-021e3418908e_thumbnail695.webp"", ""https://www.property.co.zw/uploadedfiles/88/fb/e1/88fbe142-b43f-44fd-bf29-8d6956a2ee7a_thumbnail695.webp"", ""https://www.property.co.zw/uploadedfiles/14/71/39/147139b8-00cc-4367-bfe6-817925ed3776_thumbnail695.webp""]",2026-09-23T16:12:02,False,50000.0,,already USD,False,False,True,True,,False,False,False,False,False,False,False,False,False,False,False,False,False,False,False,False,False,False,False,False,False,False,False,False,0
GAT243977,https://www.property.co.zw/for-sale/houses-gat243977,"Incomplete Double Storey Property for Sale – Fairview, Westgate (Cyber City Area)",200000.0,USD,Fairview,Harare West,Zimbabwe,"Fairview, Harare West, Harare",7,6.0,675.0,m²,,1226,"An outstanding investment opportunity in the rapidly developing Cyber City area, just moments away from the New Parliament.

This incomplete double storey home,",2026-04-01,2026-04-01T15:51:08+02:00,Guest and Tanner Real Estate,26,"[""https://www.property.co.zw/uploadedfiles/a7/3e/59/a73e59fe-4d56-4835-9792-3f1c5a8607f2_thumbnail695.webp"", ""https://www.property.co.zw/uploadedfiles/f6/a1/da/f6a1da4b-2883-4385-9cef-83f549601ccb_thumbnail695.webp"", ""https://www.property.co.zw/uploadedfiles/49/20/71/49207171-11b7-447b-8f03-b1b737ad8147_thumbnail695.webp"", ""https://www.property.co.zw/uploadedfiles/45/eb/0f/45eb0f98-a3a0-4378-bb28-cbc5cab9a183_thumbnail695.webp"", ""https://www.property.co.zw/uploadedfiles/4f/e1/4c/4fe14c37-a61e-4359-bb77-faf88f99f572_thumbnail695.webp"", ""https://www.property.co.zw/uploadedfiles/fe/ae/57/feae57cf-c799-4f73-aaa1-4bf715c78de7_thumbnail695.webp"", ""https://www.property.co.zw/uploadedfiles/f6/1f/2e/f61f2ee2-c6a2-4d5d-9766-8c2d6ba346d2_thumbnail695.webp"", ""https://www.property.co.zw/uploadedfiles/1c/11/df/1c11df31-1d0c-4110-9a30-9a83a7bcca96_thumbnail695.webp"", ""https://www.property.co.zw/uploadedfiles/1c/0c/e0/1c0ce036-8aac-46b3-a9f2-7cbba90dba8a_thumbnail695.webp"", ""https://www.property.co.zw/uploadedfiles/70/9e/3d/709e3de3-f0b3-4b3f-b2c2-bf3b9afefb17_thumbnail695.webp"", ""https://www.property.co.zw/uploadedfiles/77/28/4a/77284a06-9145-444f-a4c6-a32f20e35eb7_thumbnail695.webp"", ""https://www.property.co.zw/uploadedfiles/de/1d/29/de1d2988-2c8b-4feb-8c33-be228509535e_thumbnail695.webp"", ""https://www.property.co.zw/uploadedfiles/4e/d6/cb/4ed6cb7b-5a0d-47ac-8719-1151494e78a4_thumbnail695.webp"", ""https://www.property.co.zw/uploadedfiles/d6/ff/b2/d6ffb2a5-564c-478b-93db-65d7b1c6f77a_thumbnail695.webp"", ""https://www.property.co.zw/uploadedfiles/ad/68/b4/ad68b4a8-34f9-4951-8388-8b108ae98672_thumbnail695.webp"", ""https://www.property.co.zw/uploadedfiles/1e/6b/2e/1e6b2ef6-1b73-4264-a7a7-d001e9165c0d_thumbnail695.webp"", ""https://www.property.co.zw/uploadedfiles/89/da/68/89da68ad-9fcd-46d3-8aef-9fc4a013ed45_thumbnail695.webp"", ""https://www.property.co.zw/uploadedfiles/bc/3d/f7/bc3df798-7e8d-402c-bfd6-c34fb7e1daa6_thumbnail695.webp"", ""https://www.property.co.zw/uploadedfiles/0a/cb/8c/0acb8caa-2567-4ad3-a02d-b03889602dfd_thumbnail695.webp"", ""https://www.property.co.zw/uploadedfiles/d8/69/62/d8696254-59fb-40f9-bbf9-a3a31a71652f_thumbnail695.webp"", ""https://www.property.co.zw/uploadedfiles/82/a1/4f/82a14f92-6c5e-497b-993f-a3cd94b8f3e5_thumbnail695.webp"", ""https://www.property.co.zw/uploadedfiles/a2/9c/9b/a29c9b39-113e-4f0d-9454-fb700eef4cca_thumbnail695.webp"", ""https://www.property.co.zw/uploadedfiles/d7/81/12/d78112bd-39ee-45ce-ac84-8461eb2431c0_thumbnail695.webp"", ""https://www.property.co.zw/uploadedfiles/ef/dc/52/efdc52f4-cc52-4882-84cf-a49442457520_thumbnail695.webp"", ""https://www.property.co.zw/uploadedfiles/a1/fa/8f/a1fa8f0b-0b75-4d1c-b331-b86014cf6073_thumbnail695.webp"", ""https://www.property.co.zw/uploadedfiles/22/2b/e9/222be950-b5d8-43f5-ab6a-1df7f84fbacb_thumbnail695.webp""]",2026-09-23T16:12:06,False,200000.0,,already USD,False,False,False,True,,False,False,False,False,False,False,False,False,False,False,False,False,False,False,False,False,False,False,False,False,False,False,False,False,1
EK0027,https://www.property.co.zw/for-sale/houses-gbr252824,Brick under asbestos family home!,45000.0,USD,Chitungwiza,Chitungwiza,Zimbabwe,"Chitungwiza, Mashonaland East",5,2.0,300.0,m²,400.0,m²,"Solid family home in Seke Unit J — 5 bedrooms, 2 bathrooms, on a compact 400 m² stand with 300 m² of covered living. This brick home offers classic, practical",2026-08-04,2026-09-22T08:55:47+02:00,Gabriel Real Estate,9,"[""https://www.property.co.zw/uploadedfiles/de/95/22/de95226b-8b6e-4bbd-8037-a7d1483d4471_thumbnail695.webp"", ""https://www.property.co.zw/uploadedfiles/5a/3f/ea/5a3fea30-5b9f-4aa6-b2ec-ba8412655641_thumbnail695.webp"", ""https://www.property.co.zw/uploadedfiles/bd/ea/34/bdea3461-386c-4a8d-8b15-142a6782fcdf_thumbnail695.webp"", ""https://www.property.co.zw/uploadedfiles/0c/b7/e9/0cb7e9da-5aa4-41c7-b13e-a139b82bb73e_thumbnail695.webp"", ""https://www.property.co.zw/uploadedfiles/9a/20/12/9a201267-e9a8-428a-9cbb-d7bbc8deb0b9_thumbnail695.webp"", ""https://www.property.co.zw/uploadedfiles/9b/2b/e6/9b2be68a-063c-4ce7-bc42-c2367d56dd9a_thumbnail695.webp"", ""https://www.property.co.zw/uploadedfiles/92/48/43/92484318-56f6-46e7-8c28-c55218349ffe_thumbnail695.webp"", ""https://www.property.co.zw/uploadedfiles/cb/71/bf/cb71bf23-1595-4fb5-ab79-1edfaee88571_thumbnail695.webp"", ""https://www.property.co.zw/uploadedfiles/28/94/4b/28944bca-c5e5-4fb0-bc41-34ef2a3fcf9f_thumbnail695.webp""]",2026-09-23T16:12:10,False,45000.0,,already USD,False,False,True,True,,False,False,False,False,False,False,False,False,False,False,False,False,False,False,False,False,False,False,False,False,False,False,False,False,0
XDS255241,https://www.property.co.zw/for-sale/houses-xds255241,Houses for sale,290000.0,USD,Pomona,Harare North,Zimbabwe,"Pomona, Harare North, Harare",4,4.0,300.0,m²,594.0,m²,"NYEREDZI RIDGE – MODERN 4-BEDROOM HOME FOR SALE 
Asking Price: US$290,000

Located in a modern, secure gated community, this beautifully finished home offers",2026-09-16,2026-09-18T10:07:29+02:00,Exodus and Company,12,"[""https://www.property.co.zw/uploadedfiles/bf/e8/3b/bfe83bed-2b76-48fe-8b70-868536271f83_thumbnail695.webp"", ""https://www.property.co.zw/uploadedfiles/4f/50/75/4f507585-3a7a-4354-b2c5-66c4f634b1ef_thumbnail695.webp"", ""https://www.property.co.zw/uploadedfiles/5b/d9/df/5bd9dfc6-7f41-4848-9d8b-1563265c661b_thumbnail695.webp"", ""https://www.property.co.zw/uploadedfiles/8c/3c/99/8c3c99c4-8b1a-42a7-be35-1b54defd5f37_thumbnail695.webp"", ""https://www.property.co.zw/uploadedfiles/64/8d/2c/648d2c6b-2e40-4714-b260-1a8754aa8ad6_thumbnail695.webp"", ""https://www.property.co.zw/uploadedfiles/a4/c9/4e/a4c94e7d-b2e4-40cb-a54d-cedc3d79541c_thumbnail695.webp"", ""https://www.property.co.zw/uploadedfiles/0b/2e/38/0b2e3815-d967-41e4-9a15-65d05476bc0c_thumbnail695.webp"", ""https://www.property.co.zw/uploadedfiles/46/d6/63/46d663d2-ca0c-44d4-9ece-81c4ed84bb66_thumbnail695.webp"", ""https://www.property.co.zw/uploadedfiles/29/5c/45/295c45cd-faab-43d5-b68b-7e8db57908e0_thumbnail695.webp"", ""https://www.property.co.zw/uploadedfiles/72/60/3f/72603f1d-fd05-41a7-98e1-770918dae66d_thumbnail695.webp"", ""https://www.property.co.zw/uploadedfiles/31/02/aa/3102aa89-8a92-4d44-a777-404b626c862c_thumbnail695.webp"", ""https://www.property.co.zw/uploadedfiles/47/12/d0/4712d0ca-ce4d-4ee4-b590-4a03b1ebe365_thumbnail695.webp""]",2026-09-23T16:12:14,False,290000.0,,already USD,False,False,True,True,,False,False,False,False,False,False,False,True,False,False,False,False,False,False,False,False,False,False,False,False,False,False,False,False,0
PGP254482,https://www.property.co.zw/for-sale/houses-pgp254482,Rare Opportunity! Spacious Home with Cottage,690000.0,USD,New Alexandra Park,Harare North,Zimbabwe,"New Alexandra Park, Harare North, Harare",7,4.0,520.0,m²,2409.0,m²,"Set on a 2904sqm, this well-maintained property offers approximately 520sqm of living space, making it an ideal family home with excellent additional accommodation",2026-09-02,2026-09-08T13:30:32+02:00,Pam Golding Properties,20,"[""https://www.property.co.zw/uploadedfiles/9d/41/eb/9d41ebe4-4992-47bd-ae2c-b8abb4434c25_thumbnail695.webp"", ""https://www.property.co.zw/uploadedfiles/b2/9f/03/b29f038e-5172-4ad7-9c51-5db5bd012963_thumbnail695.webp"", ""https://www.property.co.zw/uploadedfiles/ba/b0/50/bab050ea-360b-4c4f-97ae-024d27e2e9aa_thumbnail695.webp"", ""https://www.property.co.zw/uploadedfiles/59/23/15/59231593-f291-4457-b61b-d5f1361899d0_thumbnail695.webp"", ""https://www.property.co.zw/uploadedfiles/2f/3a/9c/2f3a9c9d-e488-4543-a413-a860984739e7_thumbnail695.webp"", ""https://www.property.co.zw/uploadedfiles/21/d8/b1/21d8b107-9d52-4d53-b556-ce8e0e910ad1_thumbnail695.webp"", ""https://www.property.co.zw/uploadedfiles/1b/a5/83/1ba58333-64ff-4669-9810-2f642f6cc90d_thumbnail695.webp"", ""https://www.property.co.zw/uploadedfiles/f2/28/8f/f2288f4e-51de-4012-b8e7-6d8aeb51f0ae_thumbnail695.webp"", ""https://www.property.co.zw/uploadedfiles/f8/42/f2/f842f253-489b-4f33-8382-2967c7484a20_thumbnail695.webp"", ""https://www.property.co.zw/uploadedfiles/1f/79/04/1f7904f6-aa33-4505-8df0-9952ea1f610b_thumbnail695.webp"", ""https://www.property.co.zw/uploadedfiles/6a/b6/c1/6ab6c145-9909-4854-bf1f-085af476f454_thumbnail695.webp"", ""https://www.property.co.zw/uploadedfiles/49/95/64/49956449-7a6f-4907-8c96-fa47dffa916d_thumbnail695.webp"", ""https://www.property.co.zw/uploadedfiles/4c/a8/07/4ca807e6-9d2c-4806-93b8-0d65908fc282_thumbnail695.webp"", ""https://www.property.co.zw/uploadedfiles/1b/7c/80/1b7c80fb-cb20-467a-914c-ddc80aa60728_thumbnail695.webp"", ""https://www.property.co.zw/uploadedfiles/b8/5e/69/b85e69d6-5fd6-4f2d-b367-5154d250f496_thumbnail695.webp"", ""https://www.property.co.zw/uploadedfiles/2e/ba/93/2eba936c-f567-4858-9ba6-e2e42d8ade80_thumbnail695.webp"", ""https://www.property.co.zw/uploadedfiles/60/23/12/6023127b-eaf4-4e55-addd-633d121cae74_thumbnail695.webp"", ""https://www.property.co.zw/uploadedfiles/ba/e3/25/bae325d0-bacc-4248-8ec5-4ebec4f0368b_thumbnail695.webp"", ""https://www.property.co.zw/uploadedfiles/2b/cf/c9/2bcfc999-f884-45d8-8406-2f59b86a45d6_thumbnail695.webp"", ""https://www.property.co.zw/uploadedfiles/81/47/2d/81472d1e-2e5a-49aa-a75a-f64934815ae6_thumbnail695.webp""]",2026-09-23T16:12:18,False,690000.0,,already USD,False,False,True,True,,False,False,False,False,False,False,False,False,False,False,False,False,False,False,False,False,False,False,False,False,False,False,False,False,0
RWS254076,https://www.property.co.zw/for-sale/houses-rws254076,Don't miss this magnificent House in Greendale ,190000.0,USD,Greendale,Harare East,Zimbabwe,"Greendale, Harare East, Harare",4,2.0,280.0,m²,500.0,m²,"Greendale Modern House for Sale.

$190,000 neg| 500sqm | Developer Cession. 

We are pleased to present a contemporary four-bedroom house, featuring a master",2026-08-26,2026-08-26T20:30:38+02:00,Rawson Properties Harare,15,"[""https://www.property.co.zw/uploadedfiles/ae/bf/0d/aebf0d16-577d-4aa1-a63d-df35981ffa88_thumbnail695.webp"", ""https://www.property.co.zw/uploadedfiles/bd/fb/6a/bdfb6a73-a727-4e1d-b34f-3d3c81592da1_thumbnail695.webp"", ""https://www.property.co.zw/uploadedfiles/36/1e/7a/361e7a06-e0ff-4dfb-87ee-5ef75207a028_thumbnail695.webp"", ""https://www.property.co.zw/uploadedfiles/39/e5/1b/39e51bf6-f30b-4f8e-9cc7-8b066cc36943_thumbnail695.webp"", ""https://www.property.co.zw/uploadedfiles/4e/5d/ec/4e5dec86-576b-4bdc-b58e-09a89716eb7a_thumbnail695.webp"", ""https://www.property.co.zw/uploadedfiles/bc/7b/99/bc7b991b-8aa7-4186-802f-858057092fe8_thumbnail695.webp"", ""https://www.property.co.zw/uploadedfiles/a0/1a/46/a01a46d2-4e1f-4023-82f2-5fce1d69fe9c_thumbnail695.webp"", ""https://www.property.co.zw/uploadedfiles/09/cc/1f/09cc1faa-fde8-4127-ba62-ec59707a4a84_thumbnail695.webp"", ""https://www.property.co.zw/uploadedfiles/2f/f9/07/2ff90772-e0ca-4682-9c2b-85dcf853b415_thumbnail695.webp"", ""https://www.property.co.zw/uploadedfiles/ec/0b/b4/ec0bb4cd-a178-4f60-9208-430cd9cff1bc_thumbnail695.webp"", ""https://www.property.co.zw/uploadedfiles/23/8e/08/238e0834-bde3-41ab-acaf-541cbff124c2_thumbnail695.webp"", ""https://www.property.co.zw/uploadedfiles/30/af/a6/30afa6f5-3d40-4409-8709-8360551cfec3_thumbnail695.webp"", ""https://www.property.co.zw/uploadedfiles/e5/49/73/e54973aa-c9bd-4d7b-8603-41cce3617806_thumbnail695.webp"", ""https://www.property.co.zw/uploadedfiles/fe/3d/24/fe3d2449-e879-4c23-a724-ffb7c756c99b_thumbnail695.webp"", ""https://www.property.co.zw/uploadedfiles/19/5f/60/195f600e-91a9-4cc7-be7a-0586e6293e4d_thumbnail695.webp""]",2026-09-23T16:12:23,False,190000.0,,already USD,False,False,True,True,,False,False,False,False,False,False,False,False,False,False,False,False,False,False,False,False,False,False,False,False,False,False,False,True,0
GAT250995,https://www.property.co.zw/for-sale/houses-gat250995,Luxury Landmark Mansion with Private Rooftop Helipad | Hogerty Hill Extension,650000.0,USD,Hogerty Hill,Harare North,Zimbabwe,"Hogerty Hill, Harare North, Harare",5,4.0,500.0,m²,,2500,"Experience exceptional luxury in one of Harare's most prestigious addresses. This architect-designed mansion combines grand-scale living, uncompromising security,",2026-07-09,2026-08-05T09:06:32+02:00,Guest and Tanner Real Estate,23,"[""https://www.property.co.zw/uploadedfiles/34/0c/ee/340cee86-6ec6-4174-9ee2-0828a4428fc5_thumbnail695.webp"", ""https://www.property.co.zw/uploadedfiles/f0/cb/f4/f0cbf41b-037e-4075-8ae6-d74ff2b65402_thumbnail695.webp"", ""https://www.property.co.zw/uploadedfiles/85/1f/24/851f2439-397f-483b-93b3-f62c2a1135c3_thumbnail695.webp"", ""https://www.property.co.zw/uploadedfiles/e3/94/9d/e3949d71-327b-497c-80bb-ef533e094941_thumbnail695.webp"", ""https://www.property.co.zw/uploadedfiles/64/1d/4a/641d4afb-729a-4f63-a208-a4d4abbf48c6_thumbnail695.webp"", ""https://www.property.co.zw/uploadedfiles/bd/fc/31/bdfc31cb-0a62-4cf8-b0a0-f93340b3dc5a_thumbnail695.webp"", ""https://www.property.co.zw/uploadedfiles/b9/7e/9e/b97e9ecc-e08d-44bb-b6d0-8130491f25c9_thumbnail695.webp"", ""https://www.property.co.zw/uploadedfiles/d6/9c/e8/d69ce86b-21f6-4e67-a738-5a14110aac3a_thumbnail695.webp"", ""https://www.property.co.zw/uploadedfiles/42/eb/2e/42eb2ecb-1445-4e7f-9921-5d17ac2f1dc4_thumbnail695.webp"", ""https://www.property.co.zw/uploadedfiles/66/12/72/6612722a-2a5a-4714-90a2-1813890e14a5_thumbnail695.webp"", ""https://www.property.co.zw/uploadedfiles/73/a7/85/73a78541-6a76-483e-8087-3fb1c4ea28ac_thumbnail695.webp"", ""https://www.property.co.zw/uploadedfiles/12/cc/55/12cc550c-4bbe-46db-8810-a2f151f5b145_thumbnail695.webp"", ""https://www.property.co.zw/uploadedfiles/3a/37/2f/3a372f2d-914d-48e0-8c05-8950b5e0160f_thumbnail695.webp"", ""https://www.property.co.zw/uploadedfiles/3a/b7/47/3ab747e9-aac6-4378-b42f-14e429b3fc02_thumbnail695.webp"", ""https://www.property.co.zw/uploadedfiles/6d/7e/e9/6d7ee9e7-7069-401c-9ee8-80bfafb6ea05_thumbnail695.webp"", ""https://www.property.co.zw/uploadedfiles/b1/be/84/b1be84ee-185b-4d5a-9dc8-058e786b722a_thumbnail695.webp"", ""https://www.property.co.zw/uploadedfiles/4b/82/bf/4b82bf75-55a2-4195-bf11-48230d632092_thumbnail695.webp"", ""https://www.property.co.zw/uploadedfiles/bc/92/74/bc92747b-9f71-4a8a-be03-17cd5265c821_thumbnail695.webp"", ""https://www.property.co.zw/uploadedfiles/5a/84/66/5a846627-31ec-4168-aa5a-d2086c4af7ee_thumbnail695.webp"", ""https://www.property.co.zw/uploadedfiles/37/83/4c/37834c24-5e82-4b8c-82be-47911ca89d97_thumbnail695.webp"", ""https://www.property.co.zw/uploadedfiles/dc/1f/69/dc1f69a8-5f55-4aad-b06d-aa0005405cbb_thumbnail695.webp"", ""https://www.property.co.zw/uploadedfiles/8b/85/8f/8b858f63-2cfa-45e0-b8fb-4d00e3f98473_thumbnail695.webp"", ""https://www.property.co.zw/uploadedfiles/b9/ee/3d/b9ee3d68-9228-4e46-9d85-1e62cdfdacb0_thumbnail695.webp""]",2026-09-23T16:12:27,False,650000.0,,already USD,False,True,False,True,,False,False,False,False,False,False,False,False,False,False,False,False,False,False,False,False,False,False,False,False,False,False,False,False,0
TEH215309,https://www.property.co.zw/for-sale/houses-teh215309,"Borrowdale West 370k ,4beds,(2 with ensuite),2 dining rooms,1 lounge,seperate toilet and bath.500",370000.0,USD,Borrowdale West,Harare North,Zimbabwe,"Borrowdale West, Harare North, Harare",4,2.0,300.0,m²,2300.0,m²,"Borrowdale West 370k ,4beds,(2 with ensuite),2 dining rooms,1 lounge,seperate toilet and bath.5000liter water tank,borehole,Walled and gated.On 2300sqm.The price",2025-03-10,2026-04-21T14:18:53+02:00,Tanvel Real Estate Harare North,11,"[""https://www.property.co.zw/uploadedfiles/4b/dc/39/4bdc395e-c7ef-436b-bbc7-ef280bd60fcf_thumbnail695.webp"", ""https://www.property.co.zw/uploadedfiles/48/14/29/4814298c-e32e-4fee-ac46-b6b8b9aff77e_thumbnail695.webp"", ""https://www.property.co.zw/uploadedfiles/1c/5b/2f/1c5b2fa6-4ff3-4319-b01d-9ac8b0a8c3fc_thumbnail695.webp"", ""https://www.property.co.zw/uploadedfiles/b9/4c/0c/b94c0c2f-4397-4980-a678-705a5171c0b9_thumbnail695.webp"", ""https://www.property.co.zw/uploadedfiles/87/2c/0a/872c0a18-325e-4e7f-ad0b-d5529a868754_thumbnail695.webp"", ""https://www.property.co.zw/uploadedfiles/44/41/17/4441178d-0ff4-4e86-9f83-2298d6961f68_thumbnail695.webp"", ""https://www.property.co.zw/uploadedfiles/4c/7e/0e/4c7e0e70-3e94-4c43-b51c-6333255093b6_thumbnail695.webp"", ""https://www.property.co.zw/uploadedfiles/45/4d/91/454d9196-9f20-4cf7-98a1-8ce618689b67_thumbnail695.webp"", ""https://www.property.co.zw/uploadedfiles/82/95/98/82959836-2782-45fc-a459-cccb88ad0f51_thumbnail695.webp"", ""https://www.property.co.zw/uploadedfiles/2b/7a/50/2b7a505c-af5b-49b3-917c-d6197ddaf3ec_thumbnail695.webp"", ""https://www.property.co.zw/uploadedfiles/dc/8e/9f/dc8e9fdd-6477-4eb8-a0e7-17de8c20ef1b_thumbnail695.webp""]",2026-09-23T16:12:31,False,370000.0,,already USD,False,False,True,True,,False,False,False,False,True,False,False,False,False,False,False,False,False,False,True,True,False,False,False,True,False,False,False,False,0
RHR244500,https://www.property.co.zw/for-sale/houses-rhr244500,Walled 4-Bed Home with Lush Garden in New Alexandra Park,580000.0,USD,Alexandra Park,Harare North,Zimbabwe,"Alexandra Park, Harare North, Harare",4,3.0,800.0,m²,2300.0,m²,"Spacious family home in sought-after Alexandra Park, Harare North — 4 bedrooms, 3 bathrooms on a generous 2,300 m² stand with approximately 800 m² of building. The",2026-04-11,2026-06-25T12:16:03+02:00,RightHaus Realty,15,"[""https://www.property.co.zw/uploadedfiles/1c/ea/73/1cea73a3-9f46-4d13-af2b-32ca9b729dcf_thumbnail695.webp"", ""https://www.property.co.zw/uploadedfiles/ea/9e/98/ea9e98a9-62e9-4480-b35a-2356ff859e90_thumbnail695.webp"", ""https://www.property.co.zw/uploadedfiles/38/e2/1b/38e21b65-84a8-4590-b39a-a506cca572c3_thumbnail695.webp"", ""https://www.property.co.zw/uploadedfiles/43/9a/6d/439a6d83-0879-479f-abbe-17fcc48eab46_thumbnail695.webp"", ""https://www.property.co.zw/uploadedfiles/80/2e/88/802e887e-c325-4137-94ab-9ac2c52dc2de_thumbnail695.webp"", ""https://www.property.co.zw/uploadedfiles/64/62/ec/6462ecc8-27cd-49e5-baa9-005ea466982d_thumbnail695.webp"", ""https://www.property.co.zw/uploadedfiles/e2/16/c9/e216c94a-7c20-47c5-b4ec-213db55e71c5_thumbnail695.webp"", ""https://www.property.co.zw/uploadedfiles/90/e5/07/90e507e7-5ff0-4bf9-beb6-89a991c7d6be_thumbnail695.webp"", ""https://www.property.co.zw/uploadedfiles/e9/3a/5b/e93a5b2f-43f9-458e-a2b0-ead19d53527c_thumbnail695.webp"", ""https://www.property.co.zw/uploadedfiles/8a/67/75/8a6775e8-4994-4d12-9c38-e71150f2ea35_thumbnail695.webp"", ""https://www.property.co.zw/uploadedfiles/5b/72/c2/5b72c2a0-113c-42bf-8a65-007769756caf_thumbnail695.webp"", ""https://www.property.co.zw/uploadedfiles/46/38/e0/4638e0e6-d3f4-40b5-be6c-c0a045279c0f_thumbnail695.webp"", ""https://www.property.co.zw/uploadedfiles/06/c2/8f/06c28fbb-9678-4fc1-b15b-45e6ab6e2552_thumbnail695.webp"", ""https://www.property.co.zw/uploadedfiles/61/49/37/6149370e-286e-4a25-90ea-a587cc83a07f_thumbnail695.webp"", ""https://www.property.co.zw/uploadedfiles/89/ca/fb/89cafbd2-b709-4ac2-9923-c9a3f3eaff90_thumbnail695.webp""]",2026-09-23T16:12:36,False,580000.0,,already USD,False,False,True,True,,False,False,False,False,False,False,False,False,False,False,False,False,False,False,False,False,False,False,False,False,False,False,False,False,0
BNJR251229,https://www.property.co.zw/for-sale/houses-bnjr251229,5 Bed Family Home in Quinnington,475000.0,USD,Quinnington,Harare North,Zimbabwe,"Quinnington, Harare North, Harare",5,3.0,400.0,m²,2400.0,m²,"Located in the Quinnington area, this spacious and well-appointed family home offers comfort, modern conveniences and an abundance of space on a generous 2,400m²",2026-07-13,2026-09-17T11:00:52+02:00,The Benjamins Realty,17,"[""https://www.property.co.zw/uploadedfiles/a9/c2/bf/a9c2bf44-6a7b-492c-8b76-3d8dbe61fcfd_thumbnail695.webp"", ""https://www.property.co.zw/uploadedfiles/03/d3/5a/03d35ab8-00aa-4386-9b34-13a544bfcf6d_thumbnail695.webp"", ""https://www.property.co.zw/uploadedfiles/4e/e7/e1/4ee7e11e-5461-418d-8a0d-04bce96fd7d6_thumbnail695.webp"", ""https://www.property.co.zw/uploadedfiles/d7/1d/f0/d71df029-91bb-49f1-9238-938441f13c4c_thumbnail695.webp"", ""https://www.property.co.zw/uploadedfiles/fc/0d/bb/fc0dbbaf-e386-4904-9d2a-9bb6aee964cc_thumbnail695.webp"", ""https://www.property.co.zw/uploadedfiles/03/e7/ed/03e7ed30-3aca-4b11-a961-7ffc3d85f1d7_thumbnail695.webp"", ""https://www.property.co.zw/uploadedfiles/be/d2/3c/bed23c9d-ac61-4716-a819-3fa03eb22ecd_thumbnail695.webp"", ""https://www.property.co.zw/uploadedfiles/6a/c1/ac/6ac1ac49-a072-4212-9dd8-bd64c0f2fefa_thumbnail695.webp"", ""https://www.property.co.zw/uploadedfiles/01/e3/af/01e3af09-67ca-4489-996f-24188b07ff90_thumbnail695.webp"", ""https://www.property.co.zw/uploadedfiles/ad/52/32/ad52327a-9540-482e-ad02-3a81e6316fbc_thumbnail695.webp"", ""https://www.property.co.zw/uploadedfiles/0f/f8/1e/0ff81eef-4d94-4d9b-8237-4a9186ec782a_thumbnail695.webp"", ""https://www.property.co.zw/uploadedfiles/90/d2/b7/90d2b720-b6ce-4c09-bac5-a1ff15d6f38a_thumbnail695.webp"", ""https://www.property.co.zw/uploadedfiles/3e/55/ae/3e55aef1-131b-4d08-89e9-2fad4335ca2b_thumbnail695.webp"", ""https://www.property.co.zw/uploadedfiles/42/fd/36/42fd36e7-e8da-4fe4-95e1-c4c77094c884_thumbnail695.webp"", ""https://www.property.co.zw/uploadedfiles/e3/6b/0c/e36b0c63-4887-40c6-b78f-cd0bd3d62df3_thumbnail695.webp"", ""https://www.property.co.zw/uploadedfiles/f1/de/97/f1de9741-878d-4bae-a558-d5fe0ce1223f_thumbnail695.webp"", ""https://www.property.co.zw/uploadedfiles/dd/05/46/dd0546ef-657c-4871-b22b-b9d28015ba55_thumbnail695.webp""]",2026-09-23T16:12:40,False,475000.0,,already USD,False,False,True,True,,False,False,False,False,False,False,False,False,False,False,False,False,False,False,False,False,False,False,False,False,False,False,False,False,0
GRY245171,https://www.property.co.zw/for-sale/houses-gry245171,"Investment Opportunity: Newly Built 4-Bedroom Home in Secure Gated Estate, Mabvazuva  ",125000.0,USD,Mabvazuva,Ruwa,Zimbabwe,"Mabvazuva, Ruwa, Mashonaland East",4,2.0,160.0,m²,400.0,m²,"
This newly built contemporary home offers excellent potential for capital growth and strong rental returns. Located in a secure, fast-developing gated estate,",2026-04-20,2026-06-06T09:26:21+02:00,Glory Properties,8,"[""https://www.property.co.zw/uploadedfiles/81/95/8e/81958e0e-419b-4306-8d34-2c925adbe6e9_thumbnail695.webp"", ""https://www.property.co.zw/uploadedfiles/b6/cd/f4/b6cdf461-2b33-4f78-8f4b-ef950af42637_thumbnail695.webp"", ""https://www.property.co.zw/uploadedfiles/7e/11/d8/7e11d84d-e980-4de7-9248-2ffdd03f25e3_thumbnail695.webp"", ""https://www.property.co.zw/uploadedfiles/45/2b/68/452b6801-cd68-4a18-98ab-a9faccb0f270_thumbnail695.webp"", ""https://www.property.co.zw/uploadedfiles/1c/7e/9e/1c7e9eec-0e62-4508-a616-0b0efeebad8b_thumbnail695.webp"", ""https://www.property.co.zw/uploadedfiles/fa/0c/c2/fa0cc24d-4e7a-40ce-adfd-dd9381a934f2_thumbnail695.webp"", ""https://www.property.co.zw/uploadedfiles/c0/ba/8a/c0ba8a64-2b10-47d6-a698-3df669f69e62_thumbnail695.webp"", ""https://www.property.co.zw/uploadedfiles/14/5d/30/145d3069-5ff8-493d-b1a5-81cb5e0be410_thumbnail695.webp""]",2026-09-23T16:12:45,False,125000.0,,already USD,False,False,True,True,,False,False,False,False,False,False,False,False,False,False,False,False,False,False,False,False,False,False,False,False,False,False,False,False,0
CLRP246232,https://www.property.co.zw/for-sale/houses-clrp246232,Beautiful And Cosy Family Home!,420000.0,USD,Avondale,Harare North,Zimbabwe,"Avondale, Harare North, Harare",3,2.0,350.0,m²,1930.0,m²,"Set on 1930sqm along Connaught Road, just off the King George Road intersection, this beautiful and cosy family home offers the perfect blend of comfort and style.",2026-05-05,2026-08-04T15:39:17+02:00,Clark Properties,22,"[""https://www.property.co.zw/uploadedfiles/e8/79/e1/e879e117-2cb2-4059-b3a6-630faf089cd3_thumbnail695.webp"", ""https://www.property.co.zw/uploadedfiles/6e/2e/94/6e2e941a-6d78-4ee3-8e5e-3b356e78b51f_thumbnail695.webp"", ""https://www.property.co.zw/uploadedfiles/f4/ff/86/f4ff865a-4768-4e88-8e91-468e80594c05_thumbnail695.webp"", ""https://www.property.co.zw/uploadedfiles/0d/ab/b1/0dabb1dc-2b4c-485b-9c9d-71b1a246c79b_thumbnail695.webp"", ""https://www.property.co.zw/uploadedfiles/4c/36/1b/4c361b56-0675-41cf-a0f8-65a907d49328_thumbnail695.webp"", ""https://www.property.co.zw/uploadedfiles/a9/f3/c3/a9f3c3f8-a2f2-4478-a794-70d09bfa18e6_thumbnail695.webp"", ""https://www.property.co.zw/uploadedfiles/49/8f/ae/498fae7b-2be4-4189-9df0-85ea8ce262f9_thumbnail695.webp"", ""https://www.property.co.zw/uploadedfiles/07/52/63/0752639b-bbc6-47d3-b3f6-6cc5f7f0e09f_thumbnail695.webp"", ""https://www.property.co.zw/uploadedfiles/a2/40/33/a24033f5-6406-49be-a9da-6f7af3338461_thumbnail695.webp"", ""https://www.property.co.zw/uploadedfiles/10/f5/bb/10f5bb5e-1f36-4db9-a398-c0180da02bf9_thumbnail695.webp"", ""https://www.property.co.zw/uploadedfiles/ae/26/d6/ae26d623-6bc4-432b-ac01-9284d399de52_thumbnail695.webp"", ""https://www.property.co.zw/uploadedfiles/ce/8f/ce/ce8fce67-bfa4-4b60-9405-8db23b8137ce_thumbnail695.webp"", ""https://www.property.co.zw/uploadedfiles/71/4a/9c/714a9c2a-58cf-4f65-a307-72f74b8fa69a_thumbnail695.webp"", ""https://www.property.co.zw/uploadedfiles/fa/de/f3/fadef35d-5e26-447d-94c5-ef90488430a2_thumbnail695.webp"", ""https://www.property.co.zw/uploadedfiles/f3/fd/9b/f3fd9b9f-b12c-4ada-b200-ebfb6b8a9d24_thumbnail695.webp"", ""https://www.property.co.zw/uploadedfiles/80/ff/44/80ff440d-e586-4a86-a9ee-73b70d434426_thumbnail695.webp"", ""https://www.property.co.zw/uploadedfiles/03/35/bc/0335bc84-31be-426c-a18a-ab6645947d23_thumbnail695.webp"", ""https://www.property.co.zw/uploadedfiles/2c/d3/16/2cd3164f-c4bd-4119-98a8-5da8a5ec15c2_thumbnail695.webp"", ""https://www.property.co.zw/uploadedfiles/b3/ea/df/b3eadfb5-e784-4109-aba1-2a14ee5c1be7_thumbnail695.webp"", ""https://www.property.co.zw/uploadedfiles/66/17/0d/66170dbd-8f8e-4b04-982d-b3ea56575c29_thumbnail695.webp"", ""https://www.property.co.zw/uploadedfiles/34/da/4f/34da4f8a-fa31-4d89-ba16-3e5394f1e119_thumbnail695.webp"", ""https://www.property.co.zw/uploadedfiles/4a/c6/3c/4ac63c97-f904-47f7-91eb-f6bb0303f8cd_thumbnail695.webp""]",2026-09-23T16:12:50,False,420000.0,,already USD,False,False,True,True,,False,False,False,False,False,False,False,False,False,False,False,False,False,False,False,False,False,False,False,False,False,False,False,False,0
RRT254864,https://www.property.co.zw/for-sale/houses-rrt254864,Prime 8 Bed Pomona House for Sale,395000.0,USD,Pomona,Harare North,Zimbabwe,"Pomona, Harare North, Harare",8,4.0,390.0,m²,2100.0,m²,"A Spacious8 bedroomed house sits on 2000sqm in Prime residential Pomona, Harare. The house consists of 4 ensuite bedrooms, with another 4 bedrooms, where 2 beds",2026-09-09,2026-09-09T13:21:24+02:00,Robert Root,12,"[""https://www.property.co.zw/uploadedfiles/54/da/06/54da0682-ae22-4022-8b62-ba3cb428beb1_thumbnail695.webp"", ""https://www.property.co.zw/uploadedfiles/60/76/07/60760709-f90c-4c86-a37a-13b053bacb94_thumbnail695.webp"", ""https://www.property.co.zw/uploadedfiles/ef/27/f4/ef27f41a-e670-433b-934d-1c4be49f5d60_thumbnail695.webp"", ""https://www.property.co.zw/uploadedfiles/cb/e3/9f/cbe39f57-3721-4198-b108-441a22525575_thumbnail695.webp"", ""https://www.property.co.zw/uploadedfiles/38/66/f6/3866f618-52d0-4dd0-bb92-0fcde1c7705f_thumbnail695.webp"", ""https://www.property.co.zw/uploadedfiles/a7/0d/5a/a70d5a07-bf85-4858-acf2-9af2813061af_thumbnail695.webp"", ""https://www.property.co.zw/uploadedfiles/62/f7/bc/62f7bc1b-dc4d-49d4-a71e-715e26a8b667_thumbnail695.webp"", ""https://www.property.co.zw/uploadedfiles/20/64/da/2064da54-5fbe-4281-b761-2d0984abd27a_thumbnail695.webp"", ""https://www.property.co.zw/uploadedfiles/49/0c/85/490c852d-e22e-42ce-837d-2fc3d00bc811_thumbnail695.webp"", ""https://www.property.co.zw/uploadedfiles/78/e4/f5/78e4f5ec-16c3-4390-ab8d-d8a6eac94116_thumbnail695.webp"", ""https://www.property.co.zw/uploadedfiles/e9/5d/ba/e95dbaa9-e446-46d6-8588-cea45bc7e2fa_thumbnail695.webp"", ""https://www.property.co.zw/uploadedfiles/3f/32/d9/3f32d9c8-58be-48b4-8cfe-fb8abe20cef8_thumbnail695.webp""]",2026-09-23T16:12:54,False,395000.0,,already USD,False,False,True,True,,False,False,False,False,False,False,False,False,False,False,False,False,False,False,False,False,False,False,False,True,False,False,False,False,0
SEF248328,https://www.property.co.zw/for-sale/houses-sef248328,Spacious 4-Bed Zengeza Home,55000.0,USD,Zengeza,Chitungwiza,Zimbabwe,"Zengeza, Chitungwiza, Mashonaland East",4,1.0,110.0,m²,,480,"Smart 4-bedroom family home in Zengeza 5 Chitungwiza — a neat, practical property on a 400 m² stand with a 110 m² footprint, ideal for family living or rental",2026-06-01,2026-09-17T15:32:13+02:00,Seeff Zimbabwe,11,"[""https://www.property.co.zw/uploadedfiles/e9/3e/ed/e93eed39-a50a-46d1-9700-83014ad481ad_thumbnail695.webp"", ""https://www.property.co.zw/uploadedfiles/c5/43/86/c54386dc-1376-4447-beee-4b4c2f874b78_thumbnail695.webp"", ""https://www.property.co.zw/uploadedfiles/09/7e/32/097e32c4-6b53-4987-b6dd-f6bf2232a5e2_thumbnail695.webp"", ""https://www.property.co.zw/uploadedfiles/18/0b/a5/180ba5fb-b779-4d3c-b7e8-9d72dba29097_thumbnail695.webp"", ""https://www.property.co.zw/uploadedfiles/03/a8/ee/03a8ee66-bef7-4f18-967e-8615801637da_thumbnail695.webp"", ""https://www.property.co.zw/uploadedfiles/10/24/cb/1024cb17-3ddd-483d-8a0c-ddf0828fe77d_thumbnail695.webp"", ""https://www.property.co.zw/uploadedfiles/f5/d0/a3/f5d0a3a1-65ee-419b-90b3-d964babbdc0f_thumbnail695.webp"", ""https://www.property.co.zw/uploadedfiles/1f/75/49/1f7549b8-01e4-4e15-af1a-4d4ca7deff7b_thumbnail695.webp"", ""https://www.property.co.zw/uploadedfiles/96/46/f4/9646f4f0-7b5e-47fd-b742-ce53c706c089_thumbnail695.webp"", ""https://www.property.co.zw/uploadedfiles/dd/35/6f/dd356f83-ca63-4ca3-bb55-32f08453b493_thumbnail695.webp"", ""https://www.property.co.zw/uploadedfiles/18/87/b5/1887b563-a54f-4fe9-a2ee-a5b26e6ff459_thumbnail695.webp""]",2026-09-23T16:12:59,False,55000.0,,already USD,False,False,False,True,,False,False,False,False,False,False,False,False,False,False,False,False,False,False,False,False,False,False,False,False,False,False,False,False,0
NST254726,https://www.property.co.zw/for-sale/houses-nst254726,"Modern, excellent location on 2546m2- Rolf Valley!",600000.0,USD,Rolf Valley,Harare North,Zimbabwe,"Rolf Valley, Harare North, Harare",6,4.0,300.0,m²,2546.0,m²,"On 2546m2 this luxuriously renovated property has an unique ‘Townhouse’ feel at a top drawer address! Less than 500m from St John’s College and Prep School, shops",2026-09-07,2026-09-07T12:05:02+02:00,Nest Property,20,"[""https://www.property.co.zw/uploadedfiles/76/6a/75/766a750a-399b-41a3-a817-5b275abb49bf_thumbnail695.webp"", ""https://www.property.co.zw/uploadedfiles/c6/28/01/c6280199-5d0e-4ea8-bd62-3ea925ba8590_thumbnail695.webp"", ""https://www.property.co.zw/uploadedfiles/93/d5/38/93d5384b-7992-4d5d-aaec-7cf2fda8db0b_thumbnail695.webp"", ""https://www.property.co.zw/uploadedfiles/46/73/de/4673def1-b507-4b1d-8b3d-42d7a05cdb67_thumbnail695.webp"", ""https://www.property.co.zw/uploadedfiles/2f/67/6f/2f676fee-5b77-4861-9fe2-566140d2f4d4_thumbnail695.webp"", ""https://www.property.co.zw/uploadedfiles/ea/63/cd/ea63cd37-856a-4dd4-8cf8-165ce2c9fcc4_thumbnail695.webp"", ""https://www.property.co.zw/uploadedfiles/7a/fc/2f/7afc2f05-a0c6-4671-b275-a6e42f018565_thumbnail695.webp"", ""https://www.property.co.zw/uploadedfiles/fd/d7/b6/fdd7b6d1-6ed2-440f-8a33-41926d8e648e_thumbnail695.webp"", ""https://www.property.co.zw/uploadedfiles/2f/35/7a/2f357af4-d123-48a5-97c9-12e03e99a8d9_thumbnail695.webp"", ""https://www.property.co.zw/uploadedfiles/e9/07/4e/e9074e1e-e7e8-46c9-bf58-2b0203ff8b63_thumbnail695.webp"", ""https://www.property.co.zw/uploadedfiles/fd/d2/f2/fdd2f28e-3db5-442d-925d-94dae9c4688b_thumbnail695.webp"", ""https://www.property.co.zw/uploadedfiles/8f/de/22/8fde2252-83d6-48ac-9dcf-89f8f4fd0c55_thumbnail695.webp"", ""https://www.property.co.zw/uploadedfiles/90/de/ec/90deec82-33ae-415a-b503-52b7403bb92f_thumbnail695.webp"", ""https://www.property.co.zw/uploadedfiles/82/50/31/8250318d-48f7-4163-b9ee-eca44006d67f_thumbnail695.webp"", ""https://www.property.co.zw/uploadedfiles/82/b3/d8/82b3d820-577e-410c-bed2-173cc8888210_thumbnail695.webp"", ""https://www.property.co.zw/uploadedfiles/e1/02/51/e102519f-759b-4604-b353-eba200da0b91_thumbnail695.webp"", ""https://www.property.co.zw/uploadedfiles/47/1a/e8/471ae861-d8aa-472d-b432-73fd2d9382d6_thumbnail695.webp"", ""https://www.property.co.zw/uploadedfiles/7a/27/6a/7a276ace-e986-46c1-a6a3-9710edebc791_thumbnail695.webp"", ""https://www.property.co.zw/uploadedfiles/5f/02/79/5f027962-359f-4522-8a7f-c58720683121_thumbnail695.webp"", ""https://www.property.co.zw/uploadedfiles/e8/5d/03/e85d0319-260d-4fd7-8025-674108740b80_thumbnail695.webp""]",2026-09-23T16:13:04,False,600000.0,,already USD,False,False,True,True,,False,False,False,False,False,False,False,False,False,False,False,False,False,False,False,False,False,False,False,False,False,False,False,False,0
BRE186065,https://www.property.co.zw/for-sale/houses-bre186065,Ripe for redevelopment-Mabelreign house for sale,115000.0,USD,Mabelreign,Harare West,Zimbabwe,"Mabelreign, Harare West, Harare",3,1.0,80.0,m²,,1000,"3 beds house for sale in Mabelreign central, dining cum lounge, fitted Kitchen, bathroom, good location, the property comes with a 5 roomed cottage, a separate",2024-03-17,2026-08-17T11:13:25+02:00,Bard Real Estate,7,"[""https://www.property.co.zw/uploadedfiles/6c/98/c4/6c98c468-88d3-422d-bbf4-478632a26b3a_thumbnail695.webp"", ""https://www.property.co.zw/uploadedfiles/dc/69/5f/dc695f3a-ed66-4e3f-978b-75f9895a99ee_thumbnail695.webp"", ""https://www.property.co.zw/uploadedfiles/bf/73/b8/bf73b853-5347-4f16-bf48-722714eb26fd_thumbnail695.webp"", ""https://www.property.co.zw/uploadedfiles/8b/67/a1/8b67a154-3999-4ab7-a163-4b72be8a2f8d_thumbnail695.webp"", ""https://www.property.co.zw/uploadedfiles/9b/20/7a/9b207a9c-ec5d-43ab-87bc-e19d71c758dc_thumbnail695.webp"", ""https://www.property.co.zw/uploadedfiles/fd/4b/77/fd4b77b2-cade-4bba-9b8c-53d8cbc1c19b_thumbnail695.webp"", ""https://www.property.co.zw/uploadedfiles/ad/2e/d4/ad2ed4bc-843a-4d1c-b397-8dd01a47f134_thumbnail695.webp""]",2026-09-23T16:13:09,False,115000.0,,already USD,False,False,False,True,,False,False,False,False,False,False,False,False,False,False,True,False,False,False,False,False,False,False,False,False,False,True,False,False,0
PSP254343,https://www.property.co.zw/for-sale/houses-psp254343,Avondale West Golden Oldie,190000.0,USD,Avondale West,Harare West,Zimbabwe,"Avondale West, Harare West, Harare",3,1.0,120.0,m²,1364.0,m²,"Charming single-storey family home on a generous 1,364 m² stand in sought-after Avondale West — ideal for renovation or immediate occupation. As seen in the",2026-08-31,2026-09-10T14:56:13+02:00,Property Shop,23,"[""https://www.property.co.zw/uploadedfiles/cc/7d/91/cc7d9123-5eee-4103-9454-e257eb98e4c1_thumbnail695.webp"", ""https://www.property.co.zw/uploadedfiles/2c/19/63/2c1963b4-a3b3-4e3a-bf02-86a9a8383ea7_thumbnail695.webp"", ""https://www.property.co.zw/uploadedfiles/d0/7d/97/d07d9745-7d8f-4093-b595-c344a390af7e_thumbnail695.webp"", ""https://www.property.co.zw/uploadedfiles/7a/28/5a/7a285a91-8a53-47bf-857e-86997fa323b6_thumbnail695.webp"", ""https://www.property.co.zw/uploadedfiles/d3/13/3b/d3133b87-a5ff-49f8-a0a0-970e62abd4de_thumbnail695.webp"", ""https://www.property.co.zw/uploadedfiles/e2/37/3f/e2373fae-aeed-48a3-86e2-a469d8e89ea8_thumbnail695.webp"", ""https://www.property.co.zw/uploadedfiles/46/1d/2d/461d2d09-24f5-41f3-9b15-a6d6e0765901_thumbnail695.webp"", ""https://www.property.co.zw/uploadedfiles/d7/b1/2d/d7b12d04-dabc-4f59-905c-f76e12ddbecd_thumbnail695.webp"", ""https://www.property.co.zw/uploadedfiles/37/70/2c/37702ce8-88ce-4b02-93ae-97da7ce7ba4f_thumbnail695.webp"", ""https://www.property.co.zw/uploadedfiles/eb/7a/0e/eb7a0e41-9207-4904-91e2-e333c196fa0c_thumbnail695.webp"", ""https://www.property.co.zw/uploadedfiles/3b/96/29/3b96290e-fe75-4832-9cf8-269eef12ee10_thumbnail695.webp"", ""https://www.property.co.zw/uploadedfiles/09/65/19/096519a9-727c-4e52-bbee-908246116b48_thumbnail695.webp"", ""https://www.property.co.zw/uploadedfiles/8f/5f/10/8f5f1061-b5f4-418b-8da2-48922b7d89cc_thumbnail695.webp"", ""https://www.property.co.zw/uploadedfiles/35/e8/83/35e88330-9c7a-4e14-9abf-da5fcc321d59_thumbnail695.webp"", ""https://www.property.co.zw/uploadedfiles/59/bf/1f/59bf1fec-b200-4eb7-9a9b-70c6c916b6ef_thumbnail695.webp"", ""https://www.property.co.zw/uploadedfiles/d3/66/1c/d3661caa-a2ff-4c40-8379-a7396c9e38d2_thumbnail695.webp"", ""https://www.property.co.zw/uploadedfiles/b8/52/23/b85223b0-a4a6-49a2-ba42-38644f58e62f_thumbnail695.webp"", ""https://www.property.co.zw/uploadedfiles/78/b0/90/78b0902b-abdb-40f9-ad08-c881fd71a55b_thumbnail695.webp"", ""https://www.property.co.zw/uploadedfiles/87/56/8e/87568ecf-27c1-4c37-b37d-405946e80bd0_thumbnail695.webp"", ""https://www.property.co.zw/uploadedfiles/9c/b1/cb/9cb1cb57-59d6-4e34-a8f7-9ddda356f2a5_thumbnail695.webp"", ""https://www.property.co.zw/uploadedfiles/2e/e7/1c/2ee71c60-20cc-44d7-b01f-eb62bf800796_thumbnail695.webp"", ""https://www.property.co.zw/uploadedfiles/97/86/d2/9786d246-51a9-4d84-ae72-770221668de3_thumbnail695.webp"", ""https://www.property.co.zw/uploadedfiles/47/2f/79/472f7923-4a91-4044-9b35-1e7c4b48f0e0_thumbnail695.webp""]",2026-09-23T16:13:14,False,190000.0,,already USD,False,False,True,True,,False,False,False,False,False,False,False,False,False,False,False,False,False,False,False,False,False,False,False,False,False,False,False,False,0
RVL254411,https://www.property.co.zw/for-sale/houses-rvl254411,Walled & Gated 5-Bed Home in Warren Park – Borehole,65000.0,USD,Warren Park,Harare High Density,Zimbabwe,"Warren Park, Harare High Density, Harare",5,2.0,180.0,m²,200.0,m²,"Spacious 5-bedroom, 2-bathroom single-storey family home for sale in Warren Park, Harare High Density. Set on a compact 200 m² stand with 180 m² of built area,",2026-09-01,2026-09-22T08:05:07+02:00,Realtor Ville,26,"[""https://www.property.co.zw/uploadedfiles/dc/b0/67/dcb067b6-ffb6-4a76-b799-e445ca1f7644_thumbnail695.webp"", ""https://www.property.co.zw/uploadedfiles/ee/c6/3e/eec63ec2-bff8-4870-b587-7d39a2a21851_thumbnail695.webp"", ""https://www.property.co.zw/uploadedfiles/d0/65/9e/d0659eac-cd39-4958-ab81-da08e02d7fef_thumbnail695.webp"", ""https://www.property.co.zw/uploadedfiles/ca/47/d2/ca47d2dd-98fb-4762-a015-943afe679c0c_thumbnail695.webp"", ""https://www.property.co.zw/uploadedfiles/41/0a/23/410a23b3-761b-44ea-9455-b1332efb25e6_thumbnail695.webp"", ""https://www.property.co.zw/uploadedfiles/c1/0a/e9/c10ae9e2-ed5d-4e78-b169-bd6f92968a48_thumbnail695.webp"", ""https://www.property.co.zw/uploadedfiles/de/8d/db/de8ddbbd-dd0e-4366-9e03-34aa7a0819a2_thumbnail695.webp"", ""https://www.property.co.zw/uploadedfiles/d4/6e/90/d46e906d-9405-49af-a007-feb4540b9b08_thumbnail695.webp"", ""https://www.property.co.zw/uploadedfiles/c4/dc/94/c4dc94b1-91b7-4460-ab5c-589db1fc22f3_thumbnail695.webp"", ""https://www.property.co.zw/uploadedfiles/71/99/50/719950ce-3e9f-405c-a132-67f3b36e0a09_thumbnail695.webp"", ""https://www.property.co.zw/uploadedfiles/bc/69/52/bc6952b0-8322-4a3f-b55e-c3feaf3c0e19_thumbnail695.webp"", ""https://www.property.co.zw/uploadedfiles/4e/bf/8f/4ebf8fa5-08a8-4e8d-a3df-ccec3210da19_thumbnail695.webp"", ""https://www.property.co.zw/uploadedfiles/ec/77/6c/ec776c02-6af8-41ca-9783-4f9e470d3bf7_thumbnail695.webp"", ""https://www.property.co.zw/uploadedfiles/dd/3c/1d/dd3c1df9-55a9-48d1-b41d-c03299655ca8_thumbnail695.webp"", ""https://www.property.co.zw/uploadedfiles/2d/c3/a6/2dc3a6b6-11d1-4cc1-ad6b-9a314b117154_thumbnail695.webp"", ""https://www.property.co.zw/uploadedfiles/3c/89/17/3c8917f7-85af-482f-b8a9-0bdbcb1a0c7d_thumbnail695.webp"", ""https://www.property.co.zw/uploadedfiles/3a/84/d8/3a84d87d-8b97-4d48-81c4-df0b17ee148b_thumbnail695.webp"", ""https://www.property.co.zw/uploadedfiles/68/cc/ec/68ccec05-73a8-4ce8-95c3-b559218b0732_thumbnail695.webp"", ""https://www.property.co.zw/uploadedfiles/3f/ea/54/3fea544e-9da7-4330-b574-f3436c379db3_thumbnail695.webp"", ""https://www.property.co.zw/uploadedfiles/39/28/1c/39281c66-53a8-41a6-9936-11738016056e_thumbnail695.webp"", ""https://www.property.co.zw/uploadedfiles/2a/04/ee/2a04ee8d-20f4-4930-b688-7948c1e4dcea_thumbnail695.webp"", ""https://www.property.co.zw/uploadedfiles/f2/0c/82/f20c8263-b0be-4334-90e6-bd6672d79ddd_thumbnail695.webp"", ""https://www.property.co.zw/uploadedfiles/49/b5/35/49b535a5-47ce-47ed-aa90-5b1338a2daab_thumbnail695.webp"", ""https://www.property.co.zw/uploadedfiles/cf/d6/5e/cfd65e34-6386-4389-880c-05031aac0937_thumbnail695.webp"", ""https://www.property.co.zw/uploadedfiles/88/f8/00/88f800ab-b7da-4935-a3bd-0346dde79a69_thumbnail695.webp"", ""https://www.property.co.zw/uploadedfiles/55/7d/92/557d9297-3bf0-4e85-8703-c91b5bfc7e93_thumbnail695.webp""]",2026-09-23T16:13:20,False,65000.0,,already USD,False,False,True,True,,False,False,False,False,False,False,False,False,False,False,False,False,False,False,False,False,False,False,False,False,False,False,False,False,0
XDS243942,https://www.property.co.zw/for-sale/houses-xds243942,Houses for sale,130000.0,USD,Mabvazuva,Ruwa,Zimbabwe,"Mabvazuva, Ruwa, Mashonaland East",4,2.0,200.0,m²,400.0,m²,"Spacious 4-bed house in Mabvazuva for $130k! Features: ensuite, separate bathroom & toilet, no built-ins, secure gated & walled.",2026-04-01,2026-06-12T10:16:50+02:00,Exodus and Company,20,"[""https://www.property.co.zw/uploadedfiles/ba/32/dd/ba32dde6-b350-49ec-a27c-21d15f9ed780_thumbnail695.webp"", ""https://www.property.co.zw/uploadedfiles/4d/e7/87/4de78717-1133-4719-be37-5bd04c7f9ab4_thumbnail695.webp"", ""https://www.property.co.zw/uploadedfiles/43/b9/14/43b914bf-c632-417a-9fb5-195115ab89d4_thumbnail695.webp"", ""https://www.property.co.zw/uploadedfiles/2a/11/54/2a115461-1470-4585-9a20-79e3ac67185c_thumbnail695.webp"", ""https://www.property.co.zw/uploadedfiles/4d/1d/13/4d1d13b7-fe40-4cca-850e-901990437c1e_thumbnail695.webp"", ""https://www.property.co.zw/uploadedfiles/0f/43/32/0f4332e6-3cfc-433c-8bcd-5ec2244a565f_thumbnail695.webp"", ""https://www.property.co.zw/uploadedfiles/15/6b/99/156b99e5-5662-4558-9c53-762ec68e1213_thumbnail695.webp"", ""https://www.property.co.zw/uploadedfiles/ec/ee/c7/eceec7bd-7d90-4805-bb9b-564bc0514b36_thumbnail695.webp"", ""https://www.property.co.zw/uploadedfiles/8f/9e/dc/8f9edc44-2b77-4ae3-9d18-abeba5cb5f55_thumbnail695.webp"", ""https://www.property.co.zw/uploadedfiles/c7/3e/f4/c73ef4fa-32b6-4b74-a256-516134d380ef_thumbnail695.webp"", ""https://www.property.co.zw/uploadedfiles/f0/56/d7/f056d71d-c958-47d6-abe0-87f6ff24131f_thumbnail695.webp"", ""https://www.property.co.zw/uploadedfiles/6f/da/99/6fda999d-f77e-4212-ac45-09871d39014d_thumbnail695.webp"", ""https://www.property.co.zw/uploadedfiles/5e/b4/5d/5eb45d1b-7a09-4a24-9de5-99a9c1ab72b9_thumbnail695.webp"", ""https://www.property.co.zw/uploadedfiles/fc/78/35/fc7835f0-75fe-43b7-baa8-f4102b1a8426_thumbnail695.webp"", ""https://www.property.co.zw/uploadedfiles/9c/76/c0/9c76c024-a798-497b-8e83-0477bd8e61b4_thumbnail695.webp"", ""https://www.property.co.zw/uploadedfiles/dd/61/d6/dd61d6c6-5e85-4612-aee1-62f1aa5a8f04_thumbnail695.webp"", ""https://www.property.co.zw/uploadedfiles/09/fc/45/09fc4504-2b53-42a4-bd75-997822885dbe_thumbnail695.webp"", ""https://www.property.co.zw/uploadedfiles/ea/b8/94/eab89467-7888-4654-9b21-628b3e555fd3_thumbnail695.webp"", ""https://www.property.co.zw/uploadedfiles/f6/b6/b9/f6b6b912-0c0c-41e9-b51c-0e476c4171a8_thumbnail695.webp"", ""https://www.property.co.zw/uploadedfiles/9b/7b/38/9b7b38a2-7e01-413a-98c1-76df41740996_thumbnail695.webp""]",2026-09-23T16:13:25,False,130000.0,,already USD,False,False,True,True,,False,False,False,False,True,False,False,False,False,False,False,False,False,False,False,False,False,False,False,True,False,False,False,False,0
SLOANEPD,https://www.property.co.zw/for-sale/houses-mac246983,Great Location,520000.0,USD,Highlands,Harare North,Zimbabwe,"Highlands, Harare North, Harare",5,3.0,340.0,m²,3500.0,m²,"Close to all amenities is this new-on-the-market part-double storey home, just off Glenara Avenue and close to Enterprise Road, HIGHLANDS. This is a home with",2026-05-14,2026-08-06T11:44:14+02:00,Mac Homes,6,"[""https://www.property.co.zw/uploadedfiles/19/b2/93/19b293bc-cb74-4a48-8159-db5a1558899e_thumbnail695.webp"", ""https://www.property.co.zw/uploadedfiles/6a/dd/87/6add8781-6b38-42a9-962c-d31376796d94_thumbnail695.webp"", ""https://www.property.co.zw/uploadedfiles/37/42/8b/37428b89-3b91-4ee3-919d-8132283c40c4_thumbnail695.webp"", ""https://www.property.co.zw/uploadedfiles/e1/1e/e4/e11ee46c-4e76-4a69-a2e2-55f3214aa1eb_thumbnail695.webp"", ""https://www.property.co.zw/uploadedfiles/ec/f5/e4/ecf5e421-cd25-4388-940f-0d8f19805ffc_thumbnail695.webp"", ""https://www.property.co.zw/uploadedfiles/97/44/6e/97446ed9-bbb1-42ee-a199-8cae8560ce34_thumbnail695.webp""]",2026-09-23T16:13:30,False,520000.0,,already USD,False,False,True,True,,False,False,False,False,False,False,False,False,False,False,False,False,False,False,False,False,False,False,False,False,False,False,False,False,0
WDB254865,https://www.property.co.zw/for-sale/houses-wdb254865,The Grange House for sale,480000.0,USD,The Grange,Harare North,Zimbabwe,"The Grange, Harare North, Harare",7,8.0,500.0,m²,2000.0,m²,"Nestled in the serene suburb of The Grange, Harare, this impressive mansion is 80 per cent complete and desiring a home owner who will finish to their magnificent",2026-09-09,2026-09-09T10:47:18+02:00,WoodsBrand Properties,6,"[""https://www.property.co.zw/uploadedfiles/f0/12/a5/f012a54e-4060-4132-b940-cafd1449b35c_thumbnail695.webp"", ""https://www.property.co.zw/uploadedfiles/23/f0/04/23f0046c-e9e9-4078-aeeb-2e5d59d543d1_thumbnail695.webp"", ""https://www.property.co.zw/uploadedfiles/bc/c6/02/bcc60277-e3b5-4973-923f-0c256d56d350_thumbnail695.webp"", ""https://www.property.co.zw/uploadedfiles/1b/71/63/1b71632e-2177-49ce-bfbe-5dba2e02e892_thumbnail695.webp"", ""https://www.property.co.zw/uploadedfiles/a1/72/b6/a172b62c-9d56-4320-88e0-ab38f0b9d8df_thumbnail695.webp"", ""https://www.property.co.zw/uploadedfiles/97/7f/33/977f3365-ea67-4f30-ba95-27d98698dec2_thumbnail695.webp""]",2026-09-23T16:13:34,False,480000.0,,already USD,False,False,True,True,,False,False,False,False,False,False,False,False,False,False,False,False,False,False,False,False,False,False,False,False,False,False,False,False,0
MRNP252453,https://www.property.co.zw/for-sale/houses-mrnp252453,Borrowdale West House for sale,300000.0,USD,Borrowdale West,Harare North,Zimbabwe,"Borrowdale West, Harare North, Harare",4,2.0,100.0,m²,1500.0,m²,"Borrowdale West for sale 

4 bed mes, lounge dinning ,fitted kitchen, all very spacious, toilet, and bathroom ,
2 bed guest wing, big spacious lounge plus own",2026-07-29,2026-08-29T17:59:40+02:00,Murano Properties,10,"[""https://www.property.co.zw/uploadedfiles/73/d9/cb/73d9cb1b-eb45-4a3c-9966-7263f2c8c24a_thumbnail695.webp"", ""https://www.property.co.zw/uploadedfiles/fc/06/f5/fc06f5cf-775e-4e61-8f6e-2dced94c1168_thumbnail695.webp"", ""https://www.property.co.zw/uploadedfiles/8a/42/64/8a426475-e02d-44dd-8038-e085e003d141_thumbnail695.webp"", ""https://www.property.co.zw/uploadedfiles/0f/b5/26/0fb5265f-401d-45c5-9284-e627f57718f8_thumbnail695.webp"", ""https://www.property.co.zw/uploadedfiles/c9/b9/01/c9b9012c-2080-4d95-a2ba-8e6eefcc4d98_thumbnail695.webp"", ""https://www.property.co.zw/uploadedfiles/63/78/94/637894b3-04bd-40ce-9f2d-f103f273f790_thumbnail695.webp"", ""https://www.property.co.zw/uploadedfiles/5e/f6/5d/5ef65d6c-f15d-405b-a541-e2a00aabeb37_thumbnail695.webp"", ""https://www.property.co.zw/uploadedfiles/1b/3a/42/1b3a421c-88dd-4039-afc0-ba508a4aa8d3_thumbnail695.webp"", ""https://www.property.co.zw/uploadedfiles/5f/4e/94/5f4e945c-1256-48ef-b7ed-63dea9230569_thumbnail695.webp"", ""https://www.property.co.zw/uploadedfiles/77/e4/1b/77e41b5b-a4d7-46e3-a7ed-a2827a4d0830_thumbnail695.webp""]",2026-09-23T16:13:39,False,300000.0,,already USD,False,False,True,True,,False,False,False,False,False,False,False,False,False,False,True,False,False,False,False,False,False,False,False,True,False,False,False,False,0
PLZP250577,https://www.property.co.zw/for-sale/houses-plzp250577,Incomplete House for Sale,80000.0,USD,Rockview,Harare East,Zimbabwe,"Rockview, Harare East, Harare",5,2.0,1173.0,m²,280.0,m²," Rockview Phase B

Asking Price: US$80,000

Unlock the potential of this spacious incomplete 5-bedroom family home situated in the sought-after Rockview Phase",2026-07-02,2026-07-02T20:15:53+02:00,Plaza Properties,8,"[""https://www.property.co.zw/uploadedfiles/44/1c/76/441c7631-55e0-46fd-823c-5f130a54b419_thumbnail695.webp"", ""https://www.property.co.zw/uploadedfiles/49/9d/28/499d28a9-ddf7-4628-a90a-31f5612238a3_thumbnail695.webp"", ""https://www.property.co.zw/uploadedfiles/f8/04/12/f804120e-de2c-4908-91b7-f97b65acff35_thumbnail695.webp"", ""https://www.property.co.zw/uploadedfiles/88/64/43/88644322-3073-47b3-b1da-d0bdff60037d_thumbnail695.webp"", ""https://www.property.co.zw/uploadedfiles/f7/d5/a1/f7d5a1bc-7a18-4f0e-a1ff-1a73b8370f2c_thumbnail695.webp"", ""https://www.property.co.zw/uploadedfiles/16/9e/a9/169ea92a-eb16-4858-adb2-aeef2da78e0b_thumbnail695.webp"", ""https://www.property.co.zw/uploadedfiles/60/de/95/60de95ca-a9b6-44bc-aac2-15b95cf831dd_thumbnail695.webp"", ""https://www.property.co.zw/uploadedfiles/27/1a/86/271a8668-cbe1-4827-87d0-ef6aacb04e61_thumbnail695.webp""]",2026-09-23T16:13:44,False,80000.0,,already USD,False,False,True,True,,False,False,False,False,False,False,False,False,False,False,False,False,False,False,False,False,False,False,False,False,False,False,False,False,1
TSK248969,https://www.property.co.zw/for-sale/houses-tsk248969,New Hogerty Hill -Marydown,310000.0,USD,Hogerty Hill,Harare North,Zimbabwe,"Hogerty Hill, Harare North, Harare",5,3.0,2500.0,m²,2500.0,m²,"*MODERN AND LUXURY HOME 

Well built on a generous 2500sqm stand in a fast upcoming low density suburb is a single level modern family home offering not only",2026-06-10,2026-08-05T08:56:34+02:00,Three Skys Properties,20,"[""https://www.property.co.zw/uploadedfiles/90/59/12/90591218-24dc-4f07-8047-da3a21816890_thumbnail695.webp"", ""https://www.property.co.zw/uploadedfiles/52/9d/f1/529df115-8f7a-4cda-884b-6afa63514113_thumbnail695.webp"", ""https://www.property.co.zw/uploadedfiles/06/39/37/0639370f-2eda-4bba-9884-962c8798bac6_thumbnail695.webp"", ""https://www.property.co.zw/uploadedfiles/16/88/9f/16889f35-a2b4-41c8-9a63-91976b445141_thumbnail695.webp"", ""https://www.property.co.zw/uploadedfiles/2a/8a/e9/2a8ae9d3-0566-45a7-8183-d086090e85be_thumbnail695.webp"", ""https://www.property.co.zw/uploadedfiles/19/0d/0d/190d0dac-8b0a-4169-8be7-a60957b5f3fd_thumbnail695.webp"", ""https://www.property.co.zw/uploadedfiles/82/f1/34/82f134fd-554b-4b6e-a81b-2e0d8e78a6fb_thumbnail695.webp"", ""https://www.property.co.zw/uploadedfiles/f4/fc/27/f4fc27e6-ccb0-461f-9199-48f496872bb3_thumbnail695.webp"", ""https://www.property.co.zw/uploadedfiles/e4/69/f5/e469f5d4-187e-43d8-8ff2-99461207e179_thumbnail695.webp"", ""https://www.property.co.zw/uploadedfiles/7d/e0/88/7de08833-846f-45e5-ab97-2efb914be656_thumbnail695.webp"", ""https://www.property.co.zw/uploadedfiles/2d/cc/de/2dccde2b-7d35-464a-b91a-5ddd0dfde05a_thumbnail695.webp"", ""https://www.property.co.zw/uploadedfiles/85/e1/1a/85e11ae0-c001-45b2-9bd9-5dd204b9575d_thumbnail695.webp"", ""https://www.property.co.zw/uploadedfiles/5f/5a/f5/5f5af5b3-f7db-4c37-af80-731dfae10e16_thumbnail695.webp"", ""https://www.property.co.zw/uploadedfiles/04/0a/e5/040ae5bd-3fc4-4d99-987d-c473c06e81a8_thumbnail695.webp"", ""https://www.property.co.zw/uploadedfiles/a7/d3/d2/a7d3d253-f39e-4dfa-81a8-1266eba3c51c_thumbnail695.webp"", ""https://www.property.co.zw/uploadedfiles/17/ab/60/17ab60c4-3b9a-469e-ae06-4484022d0c00_thumbnail695.webp"", ""https://www.property.co.zw/uploadedfiles/10/64/57/106457aa-94c0-40e9-8eb9-12b757a2d6c5_thumbnail695.webp"", ""https://www.property.co.zw/uploadedfiles/7c/d1/70/7cd170be-2e04-4412-a45f-b10578ebac22_thumbnail695.webp"", ""https://www.property.co.zw/uploadedfiles/e0/4e/63/e04e6345-a1ed-4562-a7b4-a4ff44d3d37e_thumbnail695.webp"", ""https://www.property.co.zw/uploadedfiles/67/9d/85/679d8598-1415-448c-ac35-8653556cded1_thumbnail695.webp""]",2026-09-23T16:13:49,False,310000.0,,already USD,False,False,True,True,,False,False,False,False,False,False,False,False,False,False,False,False,False,False,False,False,False,False,False,False,False,False,False,False,0
JSPP220058,https://www.property.co.zw/for-sale/houses-jspp220058,Spacious 4-Bedroom Home in Eastlea with Borehole & Expansive Land!,350000.0,USD,Eastlea,Harare East,Zimbabwe,"Eastlea, Harare East, Harare",4,2.0,300.0,m²,,1700,"Discover your dream home in the heart of Eastlea, Harare East! This stunning 4-bedroom house boasts a generous building area of 300 m² set on a sprawling 1700 m²",2025-05-15,2026-08-24T11:12:08+02:00,Just Property,4,"[""https://www.property.co.zw/uploadedfiles/42/58/e7/4258e7e7-463d-4624-86b3-9a0f1e642ccc_thumbnail695.webp"", ""https://www.property.co.zw/uploadedfiles/68/70/49/68704950-220b-4998-9470-3027009d4b8a_thumbnail695.webp"", ""https://www.property.co.zw/uploadedfiles/44/83/96/44839673-1ed3-42fe-88d8-23bcac537c3d_thumbnail695.webp"", ""https://www.property.co.zw/uploadedfiles/40/ba/f4/40baf4e8-45db-4083-89a8-e5a8493eab5c_thumbnail695.webp""]",2026-09-23T16:13:54,False,350000.0,,already USD,False,False,False,True,,False,False,False,False,False,False,False,False,False,False,False,False,False,False,False,False,False,False,False,False,False,False,False,False,0
LEG253153,https://www.property.co.zw/for-sale/houses-leg253153,Granary Park: 2-Bed Home with Flatlet & Garden,14000.0,USD,Granary Park,Harare High Density,Zimbabwe,"Granary Park, Harare High Density, Harare",2,3.0,80.0,m²,300.0,m²,"Charming and practical 2-bedroom home on a generous 300 m² stand in Granary Park, Harare High Density — ideal for first-time buyers or investors. The compact 80 m²",2026-08-12,2026-08-12T14:36:29+02:00,Legacy Real Estate,13,"[""https://www.property.co.zw/uploadedfiles/1b/7d/89/1b7d896a-5296-434b-a50f-934241125cdd_thumbnail695.webp"", ""https://www.property.co.zw/uploadedfiles/85/27/ac/8527ace3-613c-4026-9174-adc782434552_thumbnail695.webp"", ""https://www.property.co.zw/uploadedfiles/8d/35/6d/8d356d07-a9f8-4f45-a450-bed4d290ae26_thumbnail695.webp"", ""https://www.property.co.zw/uploadedfiles/af/0a/47/af0a4770-a31a-45c9-85ea-c46a8f8561f6_thumbnail695.webp"", ""https://www.property.co.zw/uploadedfiles/06/13/ed/0613ed63-bba1-47fc-af7c-b60b8f8865ec_thumbnail695.webp"", ""https://www.property.co.zw/uploadedfiles/96/03/80/960380e6-f172-428e-be33-c0dfacd23e26_thumbnail695.webp"", ""https://www.property.co.zw/uploadedfiles/b8/1a/c6/b81ac688-fe4c-4352-9631-1c85080c1a82_thumbnail695.webp"", ""https://www.property.co.zw/uploadedfiles/5a/55/a9/5a55a980-7d63-413e-9edd-d4a556158d23_thumbnail695.webp"", ""https://www.property.co.zw/uploadedfiles/27/62/15/27621530-dfd5-416b-b422-729dbbe06b48_thumbnail695.webp"", ""https://www.property.co.zw/uploadedfiles/0d/f3/02/0df302b8-4ab6-4026-b558-406b47bde4f6_thumbnail695.webp"", ""https://www.property.co.zw/uploadedfiles/d9/7b/9d/d97b9d29-97b9-43bc-9390-1e74c868ba0a_thumbnail695.webp"", ""https://www.property.co.zw/uploadedfiles/d2/98/7d/d2987d20-7025-4629-b415-0043e6d66e28_thumbnail695.webp"", ""https://www.property.co.zw/uploadedfiles/bb/4b/d3/bb4bd39c-dd25-4384-918a-56aa9386bfeb_thumbnail695.webp""]",2026-09-23T16:13:59,False,14000.0,,already USD,False,True,True,True,"statistical price outlier within its suburb (log-price, 1.5xIQR rule) -- inspect manually, do not assume error",False,False,False,False,False,False,False,False,False,False,False,False,False,False,False,False,False,False,False,False,False,False,False,False,0
PRCL253419,https://www.property.co.zw/for-sale/houses-prcl253419,For Sale is a House in Granary Park,30000.0,USD,Granary Park,Harare High Density,Zimbabwe,"Granary Park, Harare High Density, Harare",5,4.0,200.0,m²,390.0,m²,"A Solid 5-bedroom, 4-bathroom family home for sale in Granary Park, Harare  sitting on a 390 m²  with a 200 m² building footprint. 

The Property is ideal for a",2026-08-17,2026-08-21T15:24:47+02:00,Property Channel,12,"[""https://www.property.co.zw/uploadedfiles/8d/2b/c5/8d2bc585-0045-4cdf-bad4-c5754b4f3fc1_thumbnail695.webp"", ""https://www.property.co.zw/uploadedfiles/21/78/f2/2178f21b-3671-47b2-8603-36cce2bc2283_thumbnail695.webp"", ""https://www.property.co.zw/uploadedfiles/03/56/14/035614a9-897a-4135-856d-8c603f9a1279_thumbnail695.webp"", ""https://www.property.co.zw/uploadedfiles/46/72/f3/4672f33b-045c-4739-88ff-28ef65912ed2_thumbnail695.webp"", ""https://www.property.co.zw/uploadedfiles/0b/82/32/0b823230-9420-4a50-8960-e6b9e99e7cc3_thumbnail695.webp"", ""https://www.property.co.zw/uploadedfiles/9e/b9/cb/9eb9cbb3-0a0f-4724-9fa2-985cb2c5607e_thumbnail695.webp"", ""https://www.property.co.zw/uploadedfiles/9f/a7/64/9fa76409-2568-4632-922f-371c67af1718_thumbnail695.webp"", ""https://www.property.co.zw/uploadedfiles/11/2c/30/112c304c-fc12-4fec-ba0a-8512d2296f6d_thumbnail695.webp"", ""https://www.property.co.zw/uploadedfiles/0b/ea/b4/0beab413-d0ef-4696-9a45-d320db722aee_thumbnail695.webp"", ""https://www.property.co.zw/uploadedfiles/95/7d/ca/957dca56-5dc9-4536-baf5-13c8ca5410fe_thumbnail695.webp"", ""https://www.property.co.zw/uploadedfiles/ad/08/52/ad085251-262d-4a88-9bc3-b3072ac95088_thumbnail695.webp"", ""https://www.property.co.zw/uploadedfiles/73/93/a7/7393a7c2-e42d-49e0-b2fb-f584af228880_thumbnail695.webp""]",2026-09-23T16:14:03,False,30000.0,,already USD,False,False,True,True,,False,False,False,False,False,False,False,False,False,False,False,False,False,False,False,False,False,False,False,False,False,False,False,False,0
Borrowdale Estate,https://www.property.co.zw/for-sale/houses-mac240702,"Paradise In Quinnington, Incomplete 5 Bed Duplex to compete to your taste",320000.0,USD,Quinnington,Harare North,Zimbabwe,"Quinnington, Harare North, Harare",5,2.0,600.0,m²,2000.0,m²,"Incomplete Quinnington Cluster Home, 1 of 6 in a well Situated Area Bordering and Overlooking the Brooke Estate. 

-Complete Interior to your taste
-5 Bedroom",2026-02-17,2026-06-19T10:59:59+02:00,Mac Homes,12,"[""https://www.property.co.zw/uploadedfiles/ff/d1/5c/ffd15c16-eff3-499f-9128-20142985d7fa_thumbnail695.webp"", ""https://www.property.co.zw/uploadedfiles/70/c6/42/70c64234-8f44-4391-891e-2799eb5a0fd4_thumbnail695.webp"", ""https://www.property.co.zw/uploadedfiles/46/70/17/4670171e-54b0-4dfc-8f7f-839feed83cf7_thumbnail695.webp"", ""https://www.property.co.zw/uploadedfiles/25/77/3a/25773a88-4a9f-4047-9b73-bd693518aa85_thumbnail695.webp"", ""https://www.property.co.zw/uploadedfiles/e5/99/83/e59983fc-1316-4eda-b336-9294b7d0d03d_thumbnail695.webp"", ""https://www.property.co.zw/uploadedfiles/76/ca/a1/76caa12d-6f35-4d1a-af28-7602ef71f8a7_thumbnail695.webp"", ""https://www.property.co.zw/uploadedfiles/e5/12/17/e5121767-b22c-4231-ae76-02618545c63b_thumbnail695.webp"", ""https://www.property.co.zw/uploadedfiles/6e/c1/07/6ec107f4-2d4a-446e-9382-d7f10b15a511_thumbnail695.webp"", ""https://www.property.co.zw/uploadedfiles/98/57/82/985782db-8217-47a0-839d-a8758d12bb12_thumbnail695.webp"", ""https://www.property.co.zw/uploadedfiles/9a/1d/62/9a1d6295-b19b-4ec5-9e1f-712dc4514a71_thumbnail695.webp"", ""https://www.property.co.zw/uploadedfiles/46/1c/fd/461cfd79-ed9e-4b84-bcca-eac3e81fee7e_thumbnail695.webp"", ""https://www.property.co.zw/uploadedfiles/c3/ef/bb/c3efbb83-e50c-400c-9c99-a15ebc190466_thumbnail695.webp""]",2026-09-23T16:14:08,False,320000.0,,already USD,False,False,True,True,,False,False,False,False,False,False,False,False,False,False,False,False,False,False,False,False,False,False,False,False,False,False,False,False,1
MAC234387,https://www.property.co.zw/for-sale/houses-mac234387,"Borrowdale Mansion, Victor Darcy Close",900000.0,USD,Borrowdale,Harare North,Zimbabwe,"Borrowdale, Harare North, Harare",5,3.0,440.0,m²,4100.0,m²,"Borrowdale Mansion, Victor D'arcy Close
Property Details
- Location: Off Borrowdale Road, near Sam Levy Village
- Plot size: 1 acre
- Main house:
    - 5",2025-11-18,2026-08-04T06:35:33+02:00,Mac Homes,20,"[""https://www.property.co.zw/uploadedfiles/21/e1/48/21e14809-989d-4b87-9b83-8f0bfa49d29f_thumbnail695.webp"", ""https://www.property.co.zw/uploadedfiles/3d/b3/16/3db316f5-8c37-486f-81c5-6e77893af65b_thumbnail695.webp"", ""https://www.property.co.zw/uploadedfiles/a3/4e/a6/a34ea66d-6225-4112-860c-66d42ae81e07_thumbnail695.webp"", ""https://www.property.co.zw/uploadedfiles/e2/4f/a7/e24fa7a8-5d5b-4595-b8d4-2ff0a0448476_thumbnail695.webp"", ""https://www.property.co.zw/uploadedfiles/1f/34/e3/1f34e340-846b-4b22-872c-79f1e06064c8_thumbnail695.webp"", ""https://www.property.co.zw/uploadedfiles/9d/ea/f4/9deaf480-78ca-493b-ae99-e6c41b0dfbbd_thumbnail695.webp"", ""https://www.property.co.zw/uploadedfiles/9c/79/fe/9c79fe80-33b1-4101-b4c0-4db419d26fc7_thumbnail695.webp"", ""https://www.property.co.zw/uploadedfiles/aa/d8/87/aad887ee-2385-4b20-b62c-291fb9e396fc_thumbnail695.webp"", ""https://www.property.co.zw/uploadedfiles/17/76/c5/1776c514-80e9-4569-8317-155e928798aa_thumbnail695.webp"", ""https://www.property.co.zw/uploadedfiles/1a/4a/2d/1a4a2d7d-d162-4cad-a5d7-51d9a002c280_thumbnail695.webp"", ""https://www.property.co.zw/uploadedfiles/b8/00/69/b80069e3-4e61-4ce5-bde7-b28d9a8cfe59_thumbnail695.webp"", ""https://www.property.co.zw/uploadedfiles/29/df/4e/29df4e92-5084-4c57-a331-f1c8f89369f2_thumbnail695.webp"", ""https://www.property.co.zw/uploadedfiles/e2/9f/c9/e29fc9c7-1d7e-4cb0-99fd-bb902e00c3bd_thumbnail695.webp"", ""https://www.property.co.zw/uploadedfiles/3e/4f/4f/3e4f4f86-4fe0-41de-b049-1b32e4bc9fe5_thumbnail695.webp"", ""https://www.property.co.zw/uploadedfiles/22/c9/b6/22c9b670-1999-404f-9462-173f766cf675_thumbnail695.webp"", ""https://www.property.co.zw/uploadedfiles/e6/90/b6/e690b6e8-4d0a-44aa-a0fa-27861bfa9867_thumbnail695.webp"", ""https://www.property.co.zw/uploadedfiles/6e/09/1c/6e091cb1-7f46-4c5b-a70c-844767162c15_thumbnail695.webp"", ""https://www.property.co.zw/uploadedfiles/f5/01/b6/f501b629-8cae-4007-b987-8d015b806670_thumbnail695.webp"", ""https://www.property.co.zw/uploadedfiles/17/05/89/170589ea-e148-4e2e-921d-f101e486d895_thumbnail695.webp"", ""https://www.property.co.zw/uploadedfiles/67/58/1e/67581e63-c2b9-4910-b6d2-9642f9531384_thumbnail695.webp""]",2026-09-23T16:14:12,False,900000.0,,already USD,False,False,True,True,,False,False,False,False,False,False,False,False,False,False,False,False,False,False,False,False,False,False,False,False,False,False,False,False,0
RWS248279,https://www.property.co.zw/for-sale/houses-rws248279,Bloomingdale house for sale,100000.0,USD,Bloomingdale,Harare West,Zimbabwe,"Bloomingdale, Harare West, Harare",4,2.0,250.0,m²,440.0,m²,"HOUSE FOR SALE  BLOOMING-DALE
NEAR HARARE DRIVE
$110 000|DEED
4beds with bic space 1 bedroom ensuite. Kitchen with pantry, lounge cum dining area, single lockup",2026-06-01,2026-06-22T10:21:45+02:00,Rawson Properties Harare,4,"[""https://www.property.co.zw/uploadedfiles/f2/40/b0/f240b00c-80bd-40f8-9236-6909e8e06358_thumbnail695.webp"", ""https://www.property.co.zw/uploadedfiles/09/92/57/0992570f-e56a-4cdd-9d6b-1e93a357a8d3_thumbnail695.webp"", ""https://www.property.co.zw/uploadedfiles/48/15/d9/4815d95b-5bf8-4ee4-a0eb-eab17dacc2c1_thumbnail695.webp"", ""https://www.property.co.zw/uploadedfiles/8d/f1/59/8df159a6-33aa-450e-b50d-34490199d281_thumbnail695.webp""]",2026-09-23T16:14:17,False,100000.0,,already USD,False,True,True,True,,False,False,False,False,False,False,False,False,False,False,False,False,False,False,False,False,False,False,False,True,True,False,False,False,0
IPPR249809,https://www.property.co.zw/for-sale/houses-ippr249809," 4-Bed Home in Mainway Meadows, Waterfalls ",120000.0,USD,Mainway Meadows,Harare South,Zimbabwe,"Mainway Meadows, Harare South, Harare",4,2.0,500.0,m²,,,"This well-designed home offers a spacious kitchen fitted with a double-basin sink, a dining area, and a separate toilet for convenience. The property features four",2026-06-22,2026-09-16T09:59:41+02:00,iProperties,10,"[""https://www.property.co.zw/uploadedfiles/72/fd/5a/72fd5afd-29a6-4ba6-80ee-fb4e1583f00b_thumbnail695.webp"", ""https://www.property.co.zw/uploadedfiles/90/dc/19/90dc1980-4e6a-45ad-b9d4-6014e958c684_thumbnail695.webp"", ""https://www.property.co.zw/uploadedfiles/30/86/67/30866705-1998-4d87-808b-edec631a9a25_thumbnail695.webp"", ""https://www.property.co.zw/uploadedfiles/32/b3/6a/32b36a77-dd1f-4c21-88d9-ce2910a6dd27_thumbnail695.webp"", ""https://www.property.co.zw/uploadedfiles/3c/78/9e/3c789e80-78b7-4657-ab98-058c3e6d2877_thumbnail695.webp"", ""https://www.property.co.zw/uploadedfiles/5a/98/41/5a98419f-30eb-4dfc-a796-c1acf4522356_thumbnail695.webp"", ""https://www.property.co.zw/uploadedfiles/f0/11/4c/f0114cfd-ca68-4600-9832-21c1566769ff_thumbnail695.webp"", ""https://www.property.co.zw/uploadedfiles/32/34/50/32345032-faee-4b75-8fcf-d94eac3b384b_thumbnail695.webp"", ""https://www.property.co.zw/uploadedfiles/e2/13/3f/e2133fb1-e920-43ae-bac1-904aee380af6_thumbnail695.webp"", ""https://www.property.co.zw/uploadedfiles/5a/79/6a/5a796ab8-339b-4dbe-bc28-898d2a1357fd_thumbnail695.webp""]",2026-09-23T16:14:22,False,120000.0,,already USD,False,False,False,True,,False,False,False,False,False,False,False,False,False,False,False,False,False,False,False,False,False,False,False,False,False,False,False,False,0
GLRE255103,https://www.property.co.zw/for-sale/houses-glre255103,"Spacious 4-Bed, 5-Bath Home with Borehole & Solar in Nyeredzi Ridge",285000.0,USD,Nyeredzi Ridge,Harare North,Zimbabwe,"Nyeredzi Ridge, Harare North, Harare",4,5.0,270.0,m²,599.0,m²,"Stunning contemporary family home in Nyeredzi Ridge, Harare North — 4 bedrooms, 5 bathrooms on a 599 m² stand with 270 m² of beautifully finished living space. As",2026-09-13,2026-09-13T20:12:30+02:00,GoldenWill Real Estate,16,"[""https://www.property.co.zw/uploadedfiles/2a/2a/40/2a2a4055-6de0-451c-9a57-3df6f0f3bdb6_thumbnail695.webp"", ""https://www.property.co.zw/uploadedfiles/be/35/62/be356255-b919-4b22-9c74-14198c8d6165_thumbnail695.webp"", ""https://www.property.co.zw/uploadedfiles/62/aa/76/62aa7610-62af-44bd-acdf-9636443c9031_thumbnail695.webp"", ""https://www.property.co.zw/uploadedfiles/d5/1a/3f/d51a3f79-e07d-4ba2-a54c-45e53b06df6e_thumbnail695.webp"", ""https://www.property.co.zw/uploadedfiles/37/b6/1b/37b61bdc-7d81-4cf6-bd10-0e9ff57b3563_thumbnail695.webp"", ""https://www.property.co.zw/uploadedfiles/97/e4/a5/97e4a5b9-deaf-4265-bf57-89d79f4ca438_thumbnail695.webp"", ""https://www.property.co.zw/uploadedfiles/7b/5c/a3/7b5ca315-6522-4b03-b172-f2ad03099465_thumbnail695.webp"", ""https://www.property.co.zw/uploadedfiles/9e/10/a3/9e10a3ae-b26c-4c77-9690-0b8b7366ae73_thumbnail695.webp"", ""https://www.property.co.zw/uploadedfiles/2f/26/a8/2f26a891-da35-4ced-bf5a-6709dd66b819_thumbnail695.webp"", ""https://www.property.co.zw/uploadedfiles/b0/df/3a/b0df3a29-76a2-41d6-b29d-e78452d67162_thumbnail695.webp"", ""https://www.property.co.zw/uploadedfiles/c7/9d/d8/c79dd853-bb3d-4fef-bfea-ee382aa647a1_thumbnail695.webp"", ""https://www.property.co.zw/uploadedfiles/83/3d/50/833d50d8-ae2a-44b4-9f7e-5fdddb145f73_thumbnail695.webp"", ""https://www.property.co.zw/uploadedfiles/bb/99/cf/bb99cf6a-8505-4ed5-86c1-07e7df1659bc_thumbnail695.webp"", ""https://www.property.co.zw/uploadedfiles/48/22/60/482260bc-4d8d-4eb2-b6e0-a146dfde7426_thumbnail695.webp"", ""https://www.property.co.zw/uploadedfiles/c5/19/88/c519885a-5471-4614-b335-eaf05b86f649_thumbnail695.webp"", ""https://www.property.co.zw/uploadedfiles/7c/44/d4/7c44d43f-9db2-49c0-9c51-39754d0b25c7_thumbnail695.webp""]",2026-09-23T16:14:26,False,285000.0,,already USD,False,False,True,True,,False,False,False,False,False,False,False,False,False,False,False,False,False,False,False,False,False,False,False,False,False,False,False,False,0
RRT252645,https://www.property.co.zw/for-sale/houses-rrt252645,Rainham park,85000.0,USD,Rainham,Harare West,Zimbabwe,"Rainham, Harare West, Harare",3,2.0,180.0,m²,222.0,m²,"Modern three-bedroom, two-bath home for sale in Rainham, Harare West — perfect for a small family or investor. Built on a neat 222 m² stand with 180 m² under roof,",2026-07-31,2026-07-31T17:38:06+02:00,Robert Root,10,"[""https://www.property.co.zw/uploadedfiles/6f/d5/83/6fd58351-02d2-421b-a8d2-93d6be566cb5_thumbnail695.webp"", ""https://www.property.co.zw/uploadedfiles/24/93/c0/2493c070-c56f-4ec7-be14-f057ff77a605_thumbnail695.webp"", ""https://www.property.co.zw/uploadedfiles/67/f4/52/67f45261-b6a7-403b-871f-19bc77aa4206_thumbnail695.webp"", ""https://www.property.co.zw/uploadedfiles/a3/6f/98/a36f988b-a60a-4a25-b38f-fd72d0878013_thumbnail695.webp"", ""https://www.property.co.zw/uploadedfiles/3c/e1/d6/3ce1d63e-e0af-4920-828d-dacc0c29c264_thumbnail695.webp"", ""https://www.property.co.zw/uploadedfiles/70/71/24/707124ef-ecde-47d8-9091-28ea9514bf0f_thumbnail695.webp"", ""https://www.property.co.zw/uploadedfiles/75/03/19/7503191d-8ad1-42e7-a5c2-40772e0d20e2_thumbnail695.webp"", ""https://www.property.co.zw/uploadedfiles/b4/fe/ae/b4feaeda-cc91-4b35-bfc3-762c401da702_thumbnail695.webp"", ""https://www.property.co.zw/uploadedfiles/fe/ff/5b/feff5bfc-140b-4799-add3-67c6fff12869_thumbnail695.webp"", ""https://www.property.co.zw/uploadedfiles/e6/bb/78/e6bb7822-1a3f-4642-9032-0bb69ede4149_thumbnail695.webp""]",2026-09-23T16:14:31,False,85000.0,,already USD,False,False,True,True,,False,False,False,False,False,False,False,False,False,False,False,False,False,False,False,False,False,False,False,False,False,False,False,False,0
PBOX249411,https://www.property.co.zw/for-sale/houses-pbox249411,Goodhope Incomplete house for sale at 85%!,150000.0,USD,Goodhope,Harare West,Zimbabwe,"Goodhope, Harare West, Harare",4,3.0,240.0,m²,2200.0,m²,"Subdivision Investor delight incomplete solid property with a roof over the superstructure comprises of 4 bedrooms, main bed with ensuite, open plan lounge cum",2026-06-16,2026-08-19T16:19:49+02:00,PropertyBox Real Estate,29,"[""https://www.property.co.zw/uploadedfiles/56/af/06/56af06b2-72ee-4981-8d2f-5a51fe8c5edc_thumbnail695.webp"", ""https://www.property.co.zw/uploadedfiles/b2/39/96/b23996eb-6d2b-4238-adc1-9fabc15e18b1_thumbnail695.webp"", ""https://www.property.co.zw/uploadedfiles/1f/a5/5c/1fa55cf3-6757-4f09-973c-a93a0c68c18a_thumbnail695.webp"", ""https://www.property.co.zw/uploadedfiles/33/e8/6c/33e86c47-08e9-4203-befa-03ae088cfc8c_thumbnail695.webp"", ""https://www.property.co.zw/uploadedfiles/d1/b6/1f/d1b61fd6-6d46-4f06-9429-85d8199416ba_thumbnail695.webp"", ""https://www.property.co.zw/uploadedfiles/8b/77/a2/8b77a200-6d75-423e-9908-a201935d7efe_thumbnail695.webp"", ""https://www.property.co.zw/uploadedfiles/05/f9/dc/05f9dc22-4539-4f62-b414-dca9cea3c703_thumbnail695.webp"", ""https://www.property.co.zw/uploadedfiles/8c/52/db/8c52db68-ad3f-49c1-9e23-a1cc75d6e18a_thumbnail695.webp"", ""https://www.property.co.zw/uploadedfiles/c8/85/19/c885195b-0433-4f52-92a9-62b2b89a7788_thumbnail695.webp"", ""https://www.property.co.zw/uploadedfiles/5c/5d/e9/5c5de950-4e08-49cb-a69a-7cc143a43c24_thumbnail695.webp"", ""https://www.property.co.zw/uploadedfiles/f8/53/fd/f853fd7b-4289-4b1f-9c2d-c851d3217075_thumbnail695.webp"", ""https://www.property.co.zw/uploadedfiles/ef/69/f0/ef69f0ef-7d5a-4d64-ab98-9963efcb150d_thumbnail695.webp"", ""https://www.property.co.zw/uploadedfiles/6c/3f/d0/6c3fd0c7-dbc7-41d9-9f26-ff49dcfd44ca_thumbnail695.webp"", ""https://www.property.co.zw/uploadedfiles/35/51/45/3551457a-8be4-476d-b182-4ebe80583710_thumbnail695.webp"", ""https://www.property.co.zw/uploadedfiles/a1/5f/98/a15f98f8-4947-480f-8000-d14b1810dfca_thumbnail695.webp"", ""https://www.property.co.zw/uploadedfiles/44/ff/75/44ff75b3-4b89-42c0-8e9d-67b681087758_thumbnail695.webp"", ""https://www.property.co.zw/uploadedfiles/ae/76/c8/ae76c850-ffbd-4def-ad9b-cec6433752e6_thumbnail695.webp"", ""https://www.property.co.zw/uploadedfiles/f4/45/2a/f4452a15-e63f-4899-b242-fd84f5beb8a9_thumbnail695.webp"", ""https://www.property.co.zw/uploadedfiles/ba/69/2a/ba692ada-690b-4225-a529-2dfe3e9d0edb_thumbnail695.webp"", ""https://www.property.co.zw/uploadedfiles/c1/71/c1/c171c1d6-4e8b-4588-a1a7-09deb6c59fc2_thumbnail695.webp"", ""https://www.property.co.zw/uploadedfiles/b2/4e/2d/b24e2dd4-aba5-4a8b-8573-32aa7c886275_thumbnail695.webp"", ""https://www.property.co.zw/uploadedfiles/94/6a/a0/946aa007-d6ed-4304-acfc-35896f39c604_thumbnail695.webp"", ""https://www.property.co.zw/uploadedfiles/7a/cc/fc/7accfc41-28da-49af-b1b6-299829f656d4_thumbnail695.webp"", ""https://www.property.co.zw/uploadedfiles/a5/f6/20/a5f62005-1bb1-430a-addb-099f5226bcd6_thumbnail695.webp"", ""https://www.property.co.zw/uploadedfiles/0e/c6/e6/0ec6e6d6-6f19-4894-9e15-d8ef7cf0b1d4_thumbnail695.webp"", ""https://www.property.co.zw/uploadedfiles/3e/d2/15/3ed21565-43c9-4269-9533-99d862dc315d_thumbnail695.webp"", ""https://www.property.co.zw/uploadedfiles/00/fa/96/00fa96cc-06f8-4ed7-a5ee-f643519c2589_thumbnail695.webp"", ""https://www.property.co.zw/uploadedfiles/c3/cb/59/c3cb59c1-6a4d-4383-ae69-50165bc1d8f9_thumbnail695.webp"", ""https://www.property.co.zw/uploadedfiles/37/8c/c5/378cc578-30b1-469c-9953-9349a79583c7_thumbnail695.webp""]",2026-09-23T16:14:35,False,150000.0,,already USD,False,False,True,True,,False,False,False,False,False,False,False,False,False,False,False,False,False,False,False,False,False,False,False,True,False,False,False,False,1
RWS245674,https://www.property.co.zw/for-sale/houses-rws245674,Serious seller ready to transact,45000.0,USD,Manyame Park,Chitungwiza,Zimbabwe,"Manyame Park, Chitungwiza, Mashonaland East",4,1.0,160.0,m²,200.0,m²,"House in Chitungwiza Manyame Park

. 4 bedroom house
. 1 big sitting room
. 1 kitchen room
. 1bathroom
. 1 toilet
. Boundary walled
. Zesa connected
.",2026-04-26,2026-04-26T17:18:52+02:00,Rawson Properties Harare,7,"[""https://www.property.co.zw/uploadedfiles/ca/b8/f4/cab8f453-a8a0-4759-8e33-5aac8c03ea92_thumbnail695.webp"", ""https://www.property.co.zw/uploadedfiles/3c/17/26/3c172695-81e3-4957-8e8b-e701e668f886_thumbnail695.webp"", ""https://www.property.co.zw/uploadedfiles/82/47/c2/8247c277-6526-4134-afd1-3fb1a0fda295_thumbnail695.webp"", ""https://www.property.co.zw/uploadedfiles/c1/87/27/c1872786-5251-4276-ba6c-33bcb009546a_thumbnail695.webp"", ""https://www.property.co.zw/uploadedfiles/55/a3/64/55a3645c-6176-4034-9755-e96feb734be4_thumbnail695.webp"", ""https://www.property.co.zw/uploadedfiles/d6/e3/b7/d6e3b7d2-3ec7-40e7-a1ec-dedcccbf62c5_thumbnail695.webp"", ""https://www.property.co.zw/uploadedfiles/d1/d3/d0/d1d3d06b-291f-4529-b99f-e7d40a260af5_thumbnail695.webp""]",2026-09-23T16:14:40,False,45000.0,,already USD,False,False,True,True,,False,False,False,False,True,False,False,False,False,False,False,False,False,False,False,False,False,False,True,False,False,False,False,False,0
SEF188772,https://www.property.co.zw/for-sale/houses-sef188772,Live the dream in Brookeview Estate's Modern Oasis!,600000.0,USD,Brookview,Harare North,Zimbabwe,"Brookview, Harare North, Harare",7,3.0,500.0,m²,2000.0,m²,This architectural gem in Brookeview Residential Estate offers the perfect blend of luxurious living and functional family space. Nestled on a sprawling 2000,2024-04-25,2026-07-23T14:43:06+02:00,Seeff Zimbabwe,22,"[""https://www.property.co.zw/uploadedfiles/cd/65/52/cd65526d-c229-4a2b-aba7-edd5702188d2_thumbnail695.webp"", ""https://www.property.co.zw/uploadedfiles/4e/8b/c1/4e8bc11d-15c7-409f-a0a3-e277f2874d45_thumbnail695.webp"", ""https://www.property.co.zw/uploadedfiles/1e/5e/58/1e5e58cd-ca96-441c-9814-3f97a2e2f688_thumbnail695.webp"", ""https://www.property.co.zw/uploadedfiles/f7/5b/93/f75b9310-cb6b-46e2-9f92-75ad9ae69c7b_thumbnail695.webp"", ""https://www.property.co.zw/uploadedfiles/f7/da/fb/f7dafb34-ef88-4fd2-879c-3e98e0e3a049_thumbnail695.webp"", ""https://www.property.co.zw/uploadedfiles/50/36/f1/5036f156-7c09-44ca-8a4b-3efd1753f4d8_thumbnail695.webp"", ""https://www.property.co.zw/uploadedfiles/d8/0b/ba/d80bbaa5-4dd1-4820-99e4-7ebec715d5f3_thumbnail695.webp"", ""https://www.property.co.zw/uploadedfiles/5a/f5/07/5af5079d-f986-477a-97da-bb3e7430c06d_thumbnail695.webp"", ""https://www.property.co.zw/uploadedfiles/26/7e/6a/267e6a7c-270c-47c6-b620-196db6e612f0_thumbnail695.webp"", ""https://www.property.co.zw/uploadedfiles/48/b5/2e/48b52e2a-46e3-4289-bcbd-881adb697510_thumbnail695.webp"", ""https://www.property.co.zw/uploadedfiles/55/8d/06/558d06c4-1642-45c3-bf86-813c292511a4_thumbnail695.webp"", ""https://www.property.co.zw/uploadedfiles/0e/52/49/0e5249f1-9e30-41dd-bcca-d043d80fa764_thumbnail695.webp"", ""https://www.property.co.zw/uploadedfiles/95/03/bd/9503bdd7-6b8d-4a01-893d-b48309a9a251_thumbnail695.webp"", ""https://www.property.co.zw/uploadedfiles/c9/b3/ef/c9b3ef7f-a89e-4cce-87a4-c2d68542bc7c_thumbnail695.webp"", ""https://www.property.co.zw/uploadedfiles/8c/4c/29/8c4c29f4-a387-45c3-8abb-2f3279ae3f45_thumbnail695.webp"", ""https://www.property.co.zw/uploadedfiles/8f/ce/54/8fce5407-6378-4b87-9281-520fa9d05ba1_thumbnail695.webp"", ""https://www.property.co.zw/uploadedfiles/85/cc/7c/85cc7c9c-c423-4723-8ced-d1d4b8c9f5f4_thumbnail695.webp"", ""https://www.property.co.zw/uploadedfiles/7d/2e/ba/7d2eba0b-a093-4213-b1fe-ae839b37e430_thumbnail695.webp"", ""https://www.property.co.zw/uploadedfiles/cc/ba/2f/ccba2f68-79d4-4429-a975-d19e4110ff5b_thumbnail695.webp"", ""https://www.property.co.zw/uploadedfiles/33/7b/a9/337ba9bd-7756-4486-9bbb-d69aad1452e6_thumbnail695.webp"", ""https://www.property.co.zw/uploadedfiles/28/95/37/28953796-4875-46f3-968d-aecc024eb487_thumbnail695.webp"", ""https://www.property.co.zw/uploadedfiles/2e/64/12/2e6412c1-fc59-41de-90ed-2e6d36787bb5_thumbnail695.webp""]",2026-09-23T16:14:45,False,600000.0,,already USD,False,False,True,True,,False,False,False,False,False,False,False,False,False,False,False,False,False,False,False,False,False,False,False,False,False,False,False,False,0
TSK252826,https://www.property.co.zw/for-sale/houses-tsk252826,Budiriro 5 ,33000.0,USD,Budiriro,Harare High Density,Zimbabwe,"Budiriro, Harare High Density, Harare",4,2.0,350.0,m²,350.0,m²,"BUDIRIRO 5 
3 ROOMS  WITH MAIN ENSUITE AND 2 BATHS , COUNCIL WATER ,ZESA AND SEWER ,WHICH CAN BE EXTENDED TO 4 BEDROOMED ,LOUNGE ,DINING, KITCHEN,WALLED ON 350SQM",2026-08-05,2026-08-06T14:55:19+02:00,Three Skys Properties,14,"[""https://www.property.co.zw/uploadedfiles/65/e9/8d/65e98de6-2c63-44ed-a5fe-441a1c64fd0a_thumbnail695.webp"", ""https://www.property.co.zw/uploadedfiles/54/41/99/544199db-1601-4f6c-a2f8-8de60c3b7ace_thumbnail695.webp"", ""https://www.property.co.zw/uploadedfiles/4f/d0/fc/4fd0fca8-3240-4481-822c-82a8ba54ecd3_thumbnail695.webp"", ""https://www.property.co.zw/uploadedfiles/92/d5/d7/92d5d78d-1c32-45c6-b59c-1e6493f7733d_thumbnail695.webp"", ""https://www.property.co.zw/uploadedfiles/64/3a/d5/643ad5fd-25f8-43d5-a2ee-5765514a4338_thumbnail695.webp"", ""https://www.property.co.zw/uploadedfiles/1d/96/98/1d9698a5-007c-4282-9924-7861da901aaf_thumbnail695.webp"", ""https://www.property.co.zw/uploadedfiles/35/70/87/3570872c-228b-4382-84fc-293870010b4e_thumbnail695.webp"", ""https://www.property.co.zw/uploadedfiles/17/7a/02/177a02e2-ed9b-455b-9828-085a6a1dde10_thumbnail695.webp"", ""https://www.property.co.zw/uploadedfiles/46/6f/78/466f784e-42cd-454c-a6b8-60d486d9f19f_thumbnail695.webp"", ""https://www.property.co.zw/uploadedfiles/a2/58/eb/a258ebe5-626e-41ee-b1bc-d85043d6fd02_thumbnail695.webp"", ""https://www.property.co.zw/uploadedfiles/9e/58/9b/9e589b29-04cc-4e7b-85fc-eda1e6c12b52_thumbnail695.webp"", ""https://www.property.co.zw/uploadedfiles/25/ae/6d/25ae6df6-46b3-458a-b192-39e26c1d45ea_thumbnail695.webp"", ""https://www.property.co.zw/uploadedfiles/1b/c8/b2/1bc8b2a6-60c6-44c8-a8a9-5a1f9991c61f_thumbnail695.webp"", ""https://www.property.co.zw/uploadedfiles/c0/b4/7e/c0b47e6a-e56a-49d9-a022-c8b324869e0f_thumbnail695.webp""]",2026-09-23T16:14:50,False,33000.0,,already USD,False,True,True,True,,False,False,False,False,True,False,False,False,False,False,False,False,False,False,False,False,False,False,False,True,False,False,False,False,0
PNT253569,https://www.property.co.zw/for-sale/houses-pnt253569,Solid neat family home!!!,320000.0,USD,Borrowdale,Harare North,Zimbabwe,"Borrowdale, Harare North, Harare",4,3.0,,,1862.0,m²,"Borrowdale Pomona 

Off Harare drive is this neat family home comprising of 4 bedrooms with a main en suite, 3 bathrooms, and a spacious fitted",2026-08-19,2026-09-21T12:38:41+02:00,Propertynet Real Estate,11,"[""https://www.property.co.zw/uploadedfiles/13/10/8d/13108d14-8ed4-493d-b48c-62ec4ce49c08_thumbnail695.webp"", ""https://www.property.co.zw/uploadedfiles/92/d3/3c/92d33cca-923a-4be1-bf92-0287dec19ae5_thumbnail695.webp"", ""https://www.property.co.zw/uploadedfiles/00/49/17/00491701-4114-4a1b-99ce-d0c79fccd8e9_thumbnail695.webp"", ""https://www.property.co.zw/uploadedfiles/c4/3f/c6/c43fc66f-49d8-4091-857a-a7d8b17f63c9_thumbnail695.webp"", ""https://www.property.co.zw/uploadedfiles/1f/ba/78/1fba7892-8a5e-4385-8048-6897dbec4ace_thumbnail695.webp"", ""https://www.property.co.zw/uploadedfiles/bf/c3/2a/bfc32a44-0608-4032-b068-799f73d020d6_thumbnail695.webp"", ""https://www.property.co.zw/uploadedfiles/76/37/88/76378840-85ed-46f0-8d15-2639f390c921_thumbnail695.webp"", ""https://www.property.co.zw/uploadedfiles/14/40/1d/14401dc8-7e97-4f15-b662-59966b960023_thumbnail695.webp"", ""https://www.property.co.zw/uploadedfiles/96/4d/7a/964d7a03-7192-4ba1-a271-45056b223f6b_thumbnail695.webp"", ""https://www.property.co.zw/uploadedfiles/4b/a1/9c/4ba19cd9-d1aa-4642-86b9-5b70c160960a_thumbnail695.webp"", ""https://www.property.co.zw/uploadedfiles/a0/fc/e8/a0fce863-c53a-4e07-a476-8f463ab8eae6_thumbnail695.webp""]",2026-09-23T16:14:54,False,320000.0,,already USD,False,False,True,False,,False,False,False,False,False,False,False,False,False,False,False,False,False,False,False,False,False,False,False,True,False,False,False,False,0
RIDDL253528,https://www.property.co.zw/for-sale/houses-riddl253528,Mtpleasant house for Sale ,500000.0,USD,Mount Pleasant,Harare North,Zimbabwe,"Mount Pleasant, Harare North, Harare",4,3.0,200.0,m²,3060.0,m²,"For Sale 
 *Mt pleasant house Manzil Area* 
- 4 bedroomed house
- 2 ensuites , 
- 2 lounges,..
-  dining ,..
- kitchen ,
-  big pantry, 
- seperate",2026-08-19,2026-08-21T15:22:32+02:00,Realty Riddle Real Estate,17,"[""https://www.property.co.zw/uploadedfiles/20/f4/f2/20f4f21e-02c0-4cf6-aff3-1790ec3c2d5a_thumbnail695.webp"", ""https://www.property.co.zw/uploadedfiles/10/f6/d3/10f6d33f-1d27-479b-bf76-4a7868a060fc_thumbnail695.webp"", ""https://www.property.co.zw/uploadedfiles/80/cd/1d/80cd1dbf-3d41-443f-a8d5-2bf4c9ffd782_thumbnail695.webp"", ""https://www.property.co.zw/uploadedfiles/50/b1/13/50b11302-4c0a-40c4-a198-2b9d7343b0c1_thumbnail695.webp"", ""https://www.property.co.zw/uploadedfiles/c2/fb/57/c2fb574b-2502-46e0-b1c7-57303f1b8c60_thumbnail695.webp"", ""https://www.property.co.zw/uploadedfiles/3a/5b/87/3a5b8733-ec92-4156-8079-8c122f932356_thumbnail695.webp"", ""https://www.property.co.zw/uploadedfiles/0f/1b/01/0f1b01cf-6976-4047-992d-94dec45cb70a_thumbnail695.webp"", ""https://www.property.co.zw/uploadedfiles/4a/4f/74/4a4f740f-8719-4214-9060-388c8fbc5e39_thumbnail695.webp"", ""https://www.property.co.zw/uploadedfiles/3b/5e/5b/3b5e5b78-c9d2-4971-a959-d329895cd2b9_thumbnail695.webp"", ""https://www.property.co.zw/uploadedfiles/0d/c5/7f/0dc57f82-5069-47fc-9fe4-39adb0599981_thumbnail695.webp"", ""https://www.property.co.zw/uploadedfiles/53/1e/3d/531e3ddb-956c-4d0a-8fcf-8a2b8bbf7d79_thumbnail695.webp"", ""https://www.property.co.zw/uploadedfiles/11/54/6e/11546e51-e91a-4824-a305-04da5c7fba4a_thumbnail695.webp"", ""https://www.property.co.zw/uploadedfiles/b4/3f/f9/b43ff935-236c-40a6-af3f-aa696fd692be_thumbnail695.webp"", ""https://www.property.co.zw/uploadedfiles/45/36/21/4536213c-a536-45a6-86cf-c3cda0d93a73_thumbnail695.webp"", ""https://www.property.co.zw/uploadedfiles/e1/86/56/e18656da-cad6-40c9-96c4-b09bf42492a5_thumbnail695.webp"", ""https://www.property.co.zw/uploadedfiles/d7/c7/7d/d7c77d11-f324-4378-ba67-9d256f38a00d_thumbnail695.webp"", ""https://www.property.co.zw/uploadedfiles/fa/fd/40/fafd4065-414a-429f-ba4f-af18c953eda3_thumbnail695.webp""]",2026-09-23T16:14:59,False,500000.0,,already USD,False,False,True,True,,False,False,False,False,False,False,False,False,False,False,False,False,False,False,False,False,False,False,False,False,False,False,False,False,0
RHB255305,https://www.property.co.zw/for-sale/houses-rhb255305,"4-Bed Tynwald Home - Walled Garden, Garage & Tiled Floors",115000.0,USD,Tynwald,Harare West,Zimbabwe,"Tynwald, Harare West, Harare",4,2.0,150.0,m²,450.0,m²,"Charming 4-bedroom, 2-bath family home in Tynwald, Harare West — set on a secure 450 m² stand with a comfortable 150 m² of living space. This single-storey",2026-09-16,2026-09-16T20:11:11+02:00,Rehoboth Realty,8,"[""https://www.property.co.zw/uploadedfiles/70/ec/fa/70ecfa3d-3966-43e4-a836-3a94f073474c_thumbnail695.webp"", ""https://www.property.co.zw/uploadedfiles/d8/07/d3/d807d33f-9ff2-4399-ae5e-32e7ed77c9ec_thumbnail695.webp"", ""https://www.property.co.zw/uploadedfiles/5b/c0/9b/5bc09b6b-787b-4f31-b161-e57ce0176248_thumbnail695.webp"", ""https://www.property.co.zw/uploadedfiles/13/a0/ba/13a0ba4e-e614-4b4b-9195-e3dc66eb8b6f_thumbnail695.webp"", ""https://www.property.co.zw/uploadedfiles/53/6a/be/536abe0b-9407-4a3d-b955-25ac60d21175_thumbnail695.webp"", ""https://www.property.co.zw/uploadedfiles/49/45/30/4945307b-51ac-4871-8625-51131cbcf258_thumbnail695.webp"", ""https://www.property.co.zw/uploadedfiles/40/a2/88/40a2885f-f5d7-4c65-af5a-52649572e6a3_thumbnail695.webp"", ""https://www.property.co.zw/uploadedfiles/af/bd/8e/afbd8eb4-c86f-4c71-b05b-e25b7a7a15f9_thumbnail695.webp""]",2026-09-23T16:15:03,False,115000.0,,already USD,False,False,True,True,,False,False,False,False,False,False,False,False,False,False,False,False,False,False,False,False,False,False,False,False,False,False,False,False,0
P43251734,https://www.property.co.zw/for-sale/houses-p43251734,Walled 3-Bed in Chitungwiza with Large Yard,42000.0,USD,Chitungwiza,Chitungwiza,Zimbabwe,"Chitungwiza, Mashonaland East",3,1.0,100.0,m²,2000.0,m²,"Chitungwiza low density  Riverside park stand 2000 sqms , with a 3 beds cottage ,zesa connected , council water available, flat land ,council cession ready for",2026-07-20,2026-07-20T08:03:23+02:00,Test 43,1,"[""https://www.property.co.zw/uploadedfiles/54/a3/f7/54a3f778-66d3-404d-a853-b49a08385cdf_thumbnail695.webp""]",2026-09-23T16:15:08,False,42000.0,,already USD,False,False,True,True,,False,False,False,False,False,False,False,False,False,False,False,False,False,False,False,False,False,False,True,False,False,True,False,True,0
LCRE243367,https://www.property.co.zw/for-sale/houses-lcre243367,The Waterfall Sanctuary,100000.0,USD,Waterfalls,Harare South,Zimbabwe,"Waterfalls, Harare South, Harare",3,2.0,300.0,m²,569.0,m²,"A 3-bedroom home in Waterfalls offers comfortable and modern living, perfect for families or anyone seeking a secure and well-equipped space.

The house features",2026-03-24,2026-07-14T11:31:11+02:00,Lucile Real Estate,12,"[""https://www.property.co.zw/uploadedfiles/f9/cb/ee/f9cbeead-aebf-48fe-83c8-dea49a6935fe_thumbnail695.webp"", ""https://www.property.co.zw/uploadedfiles/59/d5/46/59d5468b-06b6-4e88-ae71-6fdd7fbbe8ff_thumbnail695.webp"", ""https://www.property.co.zw/uploadedfiles/a7/59/e4/a759e498-cbd6-434c-8777-902c25335f55_thumbnail695.webp"", ""https://www.property.co.zw/uploadedfiles/d9/2a/29/d92a2983-a408-4900-803c-05adec71d152_thumbnail695.webp"", ""https://www.property.co.zw/uploadedfiles/87/b7/85/87b78516-411c-411a-9800-4f20860c7285_thumbnail695.webp"", ""https://www.property.co.zw/uploadedfiles/a2/b2/f7/a2b2f75f-6c26-46b3-9825-655b22b31857_thumbnail695.webp"", ""https://www.property.co.zw/uploadedfiles/0e/22/00/0e2200fe-ff8a-4653-ac73-c3132a0f7987_thumbnail695.webp"", ""https://www.property.co.zw/uploadedfiles/d3/34/ca/d334caa0-a464-4a77-8160-24a2fd179e73_thumbnail695.webp"", ""https://www.property.co.zw/uploadedfiles/dd/85/e9/dd85e948-8077-41b9-a7ea-941363e7c10b_thumbnail695.webp"", ""https://www.property.co.zw/uploadedfiles/d5/82/fb/d582fbec-2ca4-4093-866f-2cd52fabd7e5_thumbnail695.webp"", ""https://www.property.co.zw/uploadedfiles/28/2f/ac/282facdf-0ede-4595-8803-29d7adc0dfc4_thumbnail695.webp"", ""https://www.property.co.zw/uploadedfiles/59/b9/b3/59b9b30c-74eb-4366-b7cc-63aaf25d092c_thumbnail695.webp""]",2026-09-23T16:15:12,False,100000.0,,already USD,False,False,True,True,,False,False,False,False,False,False,False,False,False,False,False,False,False,False,False,False,False,False,False,False,False,False,False,False,0
MRPG255065,https://www.property.co.zw/for-sale/houses-mrpg255065,"Glen Lorne 6-Bed Family Home with Pool, Loft & Big Kitchen",650000.0,USD,Glen Lorne,Harare North,Zimbabwe,"Glen Lorne, Harare North, Harare",6,4.0,500.0,m²,,4780,"Main House Features:
1. Elegant lounge perfect for relaxation
2. Spacious dining area ideal for entertaining
3. Unique conversation pit with cozy fireplace
4.",2026-09-11,2026-09-11T15:31:04+02:00,Marias Property Group,9,"[""https://www.property.co.zw/uploadedfiles/cc/d7/1d/ccd71d6f-71b2-4024-8d3a-12a3d7320e17_thumbnail695.webp"", ""https://www.property.co.zw/uploadedfiles/92/37/51/92375199-c4b4-44f9-8126-adcbeb84cfdf_thumbnail695.webp"", ""https://www.property.co.zw/uploadedfiles/b1/82/6b/b1826b4b-d549-480b-86b4-f2f6b9403486_thumbnail695.webp"", ""https://www.property.co.zw/uploadedfiles/d5/b6/11/d5b6111a-f6d3-416f-95ee-4c35037efd4f_thumbnail695.webp"", ""https://www.property.co.zw/uploadedfiles/25/90/8d/25908da7-0b35-441d-9cc0-e7c522e18a92_thumbnail695.webp"", ""https://www.property.co.zw/uploadedfiles/10/55/1d/10551d6b-6801-475b-98c5-6f4b99a04289_thumbnail695.webp"", ""https://www.property.co.zw/uploadedfiles/7e/2f/cb/7e2fcb82-b875-4d06-a725-b3766ead1a2a_thumbnail695.webp"", ""https://www.property.co.zw/uploadedfiles/3a/e4/9e/3ae49e58-d5e8-401b-b12c-2fa64f4ac95b_thumbnail695.webp"", ""https://www.property.co.zw/uploadedfiles/0b/58/c7/0b58c7a5-2f8d-478b-a8f9-468e3db1d741_thumbnail695.webp""]",2026-09-23T16:15:17,False,650000.0,,already USD,False,False,False,True,,False,False,False,False,False,False,False,False,False,False,False,False,False,False,False,False,False,False,False,False,False,False,False,False,0
PRCL248357,https://www.property.co.zw/for-sale/houses-prcl248357,For Sale is a Grand 6-Bed all Ensuite Home in Carrick Creagh [With Title Deeds],400000.0,USD,Carrick Creagh,Harare North,Zimbabwe,"Carrick Creagh, Harare North, Harare",6,6.0,600.0,m²,4046.8564224,Acres,"Stunning family home in Carrick Creagh, Harare North — a generous 600 m² residence set on a full acre of land. As seen in the photos, the elevated, contemporary",2026-06-02,2026-08-03T12:40:46+02:00,Property Channel,9,"[""https://www.property.co.zw/uploadedfiles/54/2c/b8/542cb8cb-dc9b-47d2-b723-2c5c2206bcb0_thumbnail695.webp"", ""https://www.property.co.zw/uploadedfiles/a9/a8/c0/a9a8c0e8-5900-4848-821c-45169950d0ab_thumbnail695.webp"", ""https://www.property.co.zw/uploadedfiles/29/4d/21/294d21da-98af-4acf-b252-06172957d258_thumbnail695.webp"", ""https://www.property.co.zw/uploadedfiles/ab/c3/74/abc374d1-ca52-4fa9-b8b1-0da67dee4a34_thumbnail695.webp"", ""https://www.property.co.zw/uploadedfiles/6f/e6/25/6fe625fd-0ffa-426f-aa46-ee9c7dc7c2fe_thumbnail695.webp"", ""https://www.property.co.zw/uploadedfiles/f4/2d/58/f42d5852-326c-4503-976a-edf8446e9c3a_thumbnail695.webp"", ""https://www.property.co.zw/uploadedfiles/88/8a/17/888a17b9-0b49-4763-a2fb-3b9764577d2b_thumbnail695.webp"", ""https://www.property.co.zw/uploadedfiles/8c/16/8c/8c168c47-0ac9-4ea8-ba0c-0296ee0b6ace_thumbnail695.webp"", ""https://www.property.co.zw/uploadedfiles/a0/80/30/a0803024-71fd-4015-9822-62f65e222716_thumbnail695.webp""]",2026-09-23T16:15:21,False,400000.0,,already USD,False,False,True,True,,False,False,False,False,False,False,False,False,False,False,False,False,False,False,False,False,False,False,False,False,False,False,False,False,0
ACH248158,https://www.property.co.zw/for-sale/houses-ach248158,Sandton ,140000.0,USD,Sandton Park,Harare West,Zimbabwe,"Sandton Park, Harare West, Harare",4,2.0,400.0,m²,1200.0,m²,"Westgate Sandton  4beds mes , lounge  and dinning,  kitchen , double  lockup  Garage  , borehole  on 1200sqm store room walled  and gated.",2026-05-29,2026-05-29T13:21:45+02:00,Access Homes,15,"[""https://www.property.co.zw/uploadedfiles/2c/aa/11/2caa1174-4fa1-4f6c-b69a-b9e257f94e02_thumbnail695.webp"", ""https://www.property.co.zw/uploadedfiles/f6/0c/7c/f60c7ca5-c208-4048-9f26-054623c488e9_thumbnail695.webp"", ""https://www.property.co.zw/uploadedfiles/6a/18/45/6a184538-ea55-47c7-a0c0-261dd0ab4364_thumbnail695.webp"", ""https://www.property.co.zw/uploadedfiles/a0/80/40/a08040bc-3b88-4f5a-81b2-4599ca632928_thumbnail695.webp"", ""https://www.property.co.zw/uploadedfiles/65/2c/6f/652c6fa3-be09-4441-a2d5-4fb5957c6e76_thumbnail695.webp"", ""https://www.property.co.zw/uploadedfiles/5b/b9/84/5bb9847d-053f-4b9c-a560-91bfaa3a52a0_thumbnail695.webp"", ""https://www.property.co.zw/uploadedfiles/98/50/ca/9850ca35-8905-4b2f-a9d5-29e72cd4e538_thumbnail695.webp"", ""https://www.property.co.zw/uploadedfiles/87/25/e9/8725e966-dd9b-4ff0-963a-37659d3ddf16_thumbnail695.webp"", ""https://www.property.co.zw/uploadedfiles/92/4d/33/924d33f3-42fd-44b0-b536-af7353425bf4_thumbnail695.webp"", ""https://www.property.co.zw/uploadedfiles/81/2b/9b/812b9b5a-7889-4527-9158-1ab6a0e2d5e8_thumbnail695.webp"", ""https://www.property.co.zw/uploadedfiles/10/c0/08/10c00888-c2fc-4f6b-910f-ecceaa921ed4_thumbnail695.webp"", ""https://www.property.co.zw/uploadedfiles/ba/c5/8a/bac58acc-6bff-48c7-a13f-8fd3bc9bc3e3_thumbnail695.webp"", ""https://www.property.co.zw/uploadedfiles/70/69/16/7069165e-5e13-40ce-bf4b-2d82242d5ab7_thumbnail695.webp"", ""https://www.property.co.zw/uploadedfiles/0c/ff/43/0cff43ba-715a-41e6-8b8c-7c93e6d1c91f_thumbnail695.webp"", ""https://www.property.co.zw/uploadedfiles/8b/e4/f2/8be4f279-4bae-4021-ad4f-435b73b37c34_thumbnail695.webp""]",2026-09-23T16:15:25,False,140000.0,,already USD,False,False,True,True,,False,False,False,False,True,False,False,False,False,False,False,False,False,False,True,False,False,False,False,True,False,False,False,False,0
PGP185945,https://www.property.co.zw/for-sale/houses-pgp185945,"2 acre Property in Pomona, perfect for development",1000000.0,USD,Pomona,Harare North,Zimbabwe,"Pomona, Harare North, Harare",3,2.0,180.0,m²,8119.0,m²,"Welcome to the perfect base for a promising development in Pomona. Covering 8119 square meters, this property is ready for prospective homeowners with a vision, or",2024-03-14,2026-07-13T08:10:34+02:00,Pam Golding Properties,10,"[""https://www.property.co.zw/uploadedfiles/42/33/da/4233daec-b67f-4795-b8c1-4e898dd9cf54_thumbnail695.webp"", ""https://www.property.co.zw/uploadedfiles/20/e2/59/20e25999-4a71-45fe-93b8-c9e4a5164142_thumbnail695.webp"", ""https://www.property.co.zw/uploadedfiles/33/df/30/33df3021-a567-489d-975d-50ecf3c74c6e_thumbnail695.webp"", ""https://www.property.co.zw/uploadedfiles/48/3d/a5/483da5ac-6a79-4761-b008-cf162e81156b_thumbnail695.webp"", ""https://www.property.co.zw/uploadedfiles/54/e9/0a/54e90a83-e739-44d3-b41e-d58422f4d9fb_thumbnail695.webp"", ""https://www.property.co.zw/uploadedfiles/73/5b/0a/735b0a62-8776-491d-b842-31fae17624b2_thumbnail695.webp"", ""https://www.property.co.zw/uploadedfiles/c7/a4/9a/c7a49acb-4104-4e1a-baec-4c5566954082_thumbnail695.webp"", ""https://www.property.co.zw/uploadedfiles/3e/c7/09/3ec70968-8d76-4be5-a3bf-4f0599e1054b_thumbnail695.webp"", ""https://www.property.co.zw/uploadedfiles/40/3e/02/403e02bf-bc63-41a3-bca9-9d664925e65b_thumbnail695.webp"", ""https://www.property.co.zw/uploadedfiles/fb/61/b8/fb61b89e-dbe1-4847-b190-9ee648584d14_thumbnail695.webp""]",2026-09-23T16:15:29,False,1000000.0,,already USD,False,False,True,True,,False,False,False,False,False,False,False,False,False,False,False,False,False,False,False,False,False,False,False,False,False,False,False,False,0
RWS248144,https://www.property.co.zw/for-sale/houses-rws248144, Stop looking -this is it ,330000.0,USD,Mount Pleasant Heights,Harare North,Zimbabwe,"Mount Pleasant Heights, Harare North, Harare",6,6.0,680.0,m²,2000.0,m²,"Exceptional opportunity in Mount Pleasant Heights — a substantial 6-bedroom, 6-bath family home on a generous 2,000 m² stand with 680 m² of built space. The",2026-05-29,2026-06-29T11:04:42+02:00,Rawson Properties Harare,7,"[""https://www.property.co.zw/uploadedfiles/ed/ab/e2/edabe21a-53a0-4ee6-a6af-813c00031c25_thumbnail695.webp"", ""https://www.property.co.zw/uploadedfiles/76/8a/9c/768a9c9f-570b-4628-bed0-2c237dc624e0_thumbnail695.webp"", ""https://www.property.co.zw/uploadedfiles/49/17/0f/49170ffa-1c44-4b87-979c-a392b80d9200_thumbnail695.webp"", ""https://www.property.co.zw/uploadedfiles/6f/ff/ca/6fffca0b-48e5-4806-a1b6-7ad28fedf3c6_thumbnail695.webp"", ""https://www.property.co.zw/uploadedfiles/7c/b9/9b/7cb99b48-88dc-433a-b2ed-37a7d64e0735_thumbnail695.webp"", ""https://www.property.co.zw/uploadedfiles/31/54/b1/3154b14c-ec41-4550-95b3-dcf0ec93ed03_thumbnail695.webp"", ""https://www.property.co.zw/uploadedfiles/6d/8c/3b/6d8c3b90-e560-440d-a74e-e07fb29af8ee_thumbnail695.webp""]",2026-09-23T16:15:34,False,330000.0,,already USD,False,False,True,True,,False,False,False,False,False,False,False,False,False,False,False,False,False,False,False,False,False,False,False,False,False,False,False,False,0
KNP246031,https://www.property.co.zw/for-sale/houses-knp246031,Sentosa - Serious Sellers - All Offers considered ,235000.0,USD,Sentosa,Harare West,Zimbabwe,"Sentosa, Harare West, Harare",3,2.0,200.0,m²,1000.0,m²,"Excellent family home ~ Ideal starter home ~ Great Investment 

This is a neat solid well built home set in an established part of Sentosa is offering buyers a",2026-04-30,2026-09-18T12:06:15+02:00,Kennan Properties,20,"[""https://www.property.co.zw/uploadedfiles/e6/68/4a/e6684a64-f6ce-4c26-bd5e-0e0a234d01b4_thumbnail695.webp"", ""https://www.property.co.zw/uploadedfiles/9c/28/61/9c286146-f469-43ea-834c-31123b7b7911_thumbnail695.webp"", ""https://www.property.co.zw/uploadedfiles/ef/32/1e/ef321eaf-8439-429c-ab44-1c4252096fcf_thumbnail695.webp"", ""https://www.property.co.zw/uploadedfiles/6b/24/a0/6b24a025-e6f1-4244-be9b-16c8af7c02fb_thumbnail695.webp"", ""https://www.property.co.zw/uploadedfiles/b6/f5/1c/b6f51c90-9783-470a-97a9-6217a81beb45_thumbnail695.webp"", ""https://www.property.co.zw/uploadedfiles/c8/18/e7/c818e731-f3be-43fd-a350-0ee1aee80690_thumbnail695.webp"", ""https://www.property.co.zw/uploadedfiles/cc/58/c7/cc58c7dd-5e0d-45e8-9b4b-3884b9cc2a7b_thumbnail695.webp"", ""https://www.property.co.zw/uploadedfiles/47/77/b3/4777b30e-fbc3-49ee-b096-944647de297c_thumbnail695.webp"", ""https://www.property.co.zw/uploadedfiles/cb/33/87/cb3387e4-7aaf-4c7e-b7ea-434f0208475e_thumbnail695.webp"", ""https://www.property.co.zw/uploadedfiles/98/96/27/989627e2-723b-416c-90d3-1eddab6220c0_thumbnail695.webp"", ""https://www.property.co.zw/uploadedfiles/d6/b9/1b/d6b91bca-053e-48a8-8504-7b97ab7a1840_thumbnail695.webp"", ""https://www.property.co.zw/uploadedfiles/9c/3b/35/9c3b3584-552f-48ac-8f83-ffdc3ec1a315_thumbnail695.webp"", ""https://www.property.co.zw/uploadedfiles/de/12/38/de12384b-c3a8-43e4-9ff0-ad688291ceac_thumbnail695.webp"", ""https://www.property.co.zw/uploadedfiles/06/22/08/062208dd-21d7-40c8-9fc1-f708039991ce_thumbnail695.webp"", ""https://www.property.co.zw/uploadedfiles/2b/bc/f6/2bbcf68d-4bdc-49ac-bcb7-22e4746bff2c_thumbnail695.webp"", ""https://www.property.co.zw/uploadedfiles/7c/27/15/7c27154b-835a-4428-9094-73b2f07c4324_thumbnail695.webp"", ""https://www.property.co.zw/uploadedfiles/92/46/93/924693c9-72d0-49a2-b1d9-b17e23f8e66b_thumbnail695.webp"", ""https://www.property.co.zw/uploadedfiles/75/e5/98/75e598ef-b480-441f-ae75-8b306eb385b3_thumbnail695.webp"", ""https://www.property.co.zw/uploadedfiles/db/41/ce/db41cee2-fbed-40d1-980a-a892f93f9566_thumbnail695.webp"", ""https://www.property.co.zw/uploadedfiles/3b/62/1e/3b621ea5-6700-4af2-8cc9-048c366a9129_thumbnail695.webp""]",2026-09-23T16:15:38,False,235000.0,,already USD,False,False,True,True,,False,False,False,False,False,False,False,False,False,False,False,False,False,False,False,False,False,False,False,False,False,False,False,False,0
BRST255476,https://www.property.co.zw/for-sale/houses-brst255476,"The Sweet Spot, 5 MINUTES from anywhere that matters",650000.0,USD,Gunhill,Harare North,Zimbabwe,"Gunhill, Harare North, Harare",4,4.0,700.0,m²,3103.0,m²,"Not your usual square box ,BUT bare bones east facing luxury home on the main road in Gunhill, easily upgradable into the finest deluxe estate between The Roads (",2026-09-18,2026-09-18T15:09:42+02:00,Bridges Real Estate,20,"[""https://www.property.co.zw/uploadedfiles/65/be/3e/65be3ebc-56c7-4066-bd54-f8cff61ded4f_thumbnail695.webp"", ""https://www.property.co.zw/uploadedfiles/04/12/fc/0412fc9a-d4f0-47d3-a82b-c9c183b5c910_thumbnail695.webp"", ""https://www.property.co.zw/uploadedfiles/21/85/56/218556eb-19eb-431b-9a4b-a30aea17b7b5_thumbnail695.webp"", ""https://www.property.co.zw/uploadedfiles/7f/b6/50/7fb650eb-0a58-4a5b-8951-af88d8c1460d_thumbnail695.webp"", ""https://www.property.co.zw/uploadedfiles/e4/d5/bf/e4d5bfb3-3283-40c7-895b-43e698c557d0_thumbnail695.webp"", ""https://www.property.co.zw/uploadedfiles/de/87/c5/de87c5b4-a315-4eba-965c-89e3c53ea72a_thumbnail695.webp"", ""https://www.property.co.zw/uploadedfiles/7f/42/26/7f4226a4-48f8-4d86-8feb-a69079582f20_thumbnail695.webp"", ""https://www.property.co.zw/uploadedfiles/3b/78/2e/3b782e50-29d8-480c-84a2-81d6597360e0_thumbnail695.webp"", ""https://www.property.co.zw/uploadedfiles/85/2e/43/852e43bb-39e9-4f73-a66f-ca021b4d9470_thumbnail695.webp"", ""https://www.property.co.zw/uploadedfiles/5c/ad/10/5cad10e9-956a-41e0-b595-90fc995c0e80_thumbnail695.webp"", ""https://www.property.co.zw/uploadedfiles/21/99/ab/2199ab7f-85e7-4bdf-885b-bf6f48140fad_thumbnail695.webp"", ""https://www.property.co.zw/uploadedfiles/72/d5/4b/72d54be1-8957-42c3-b741-00ec28ef6a2c_thumbnail695.webp"", ""https://www.property.co.zw/uploadedfiles/b8/e3/f1/b8e3f164-422f-44c2-ad9e-e557659deb0b_thumbnail695.webp"", ""https://www.property.co.zw/uploadedfiles/bb/4c/b2/bb4cb24d-1db6-4ade-9604-90bbb8a2f0c2_thumbnail695.webp"", ""https://www.property.co.zw/uploadedfiles/55/71/dd/5571dd48-ac5a-49bc-93ce-3e0b7c841776_thumbnail695.webp"", ""https://www.property.co.zw/uploadedfiles/75/34/da/7534da90-a83d-45f2-bb90-0b715adb8b8f_thumbnail695.webp"", ""https://www.property.co.zw/uploadedfiles/02/9b/db/029bdbf0-05fd-4ee5-be55-cebe62d1454c_thumbnail695.webp"", ""https://www.property.co.zw/uploadedfiles/78/f8/0e/78f80eec-a177-4c33-ad0c-4fe93f5264cf_thumbnail695.webp"", ""https://www.property.co.zw/uploadedfiles/31/62/d1/3162d197-f471-495d-a96b-cc7be7b0c0ae_thumbnail695.webp"", ""https://www.property.co.zw/uploadedfiles/82/6c/80/826c80f6-f4d9-4629-b789-5941e82a7833_thumbnail695.webp""]",2026-09-23T16:15:42,False,650000.0,,already USD,False,False,True,True,,False,False,False,False,False,False,False,False,False,False,False,False,False,False,False,False,False,False,False,False,False,False,False,False,0
RRT254999,https://www.property.co.zw/for-sale/houses-rrt254999,"Marlborough East 3-Bed Home on 4,832m² ",327000.0,USD,Marlborough,Harare West,Zimbabwe,"Marlborough, Harare West, Harare",3,1.0,180.0,m²,4832.0,m²,"Charming 3-bedroom, 1-bathroom home sitting on 4382sqm in Marlborough, Harare West. The comfortable home is ideal for a growing family, small business or",2026-09-10,2026-09-10T23:13:01+02:00,Robert Root,16,"[""https://www.property.co.zw/uploadedfiles/48/71/01/487101fa-af7b-46e7-b930-1a4cccb4ff3d_thumbnail695.webp"", ""https://www.property.co.zw/uploadedfiles/79/3e/d7/793ed7d8-4692-4d8f-83c9-d936609d0a4b_thumbnail695.webp"", ""https://www.property.co.zw/uploadedfiles/7b/ae/1e/7bae1ef3-4eef-427d-b0d4-cf776592ce14_thumbnail695.webp"", ""https://www.property.co.zw/uploadedfiles/a5/f3/e2/a5f3e243-66c0-4355-9fc0-6c32d3cfcb31_thumbnail695.webp"", ""https://www.property.co.zw/uploadedfiles/12/b1/43/12b1435a-bfef-499e-adfe-5ac7635cf407_thumbnail695.webp"", ""https://www.property.co.zw/uploadedfiles/14/d8/51/14d8514e-1b10-435e-8317-b2825973e3a4_thumbnail695.webp"", ""https://www.property.co.zw/uploadedfiles/5d/bc/d6/5dbcd637-8f05-4188-a16d-5faaf58d17ce_thumbnail695.webp"", ""https://www.property.co.zw/uploadedfiles/5f/e3/48/5fe348f3-1c5d-4938-bb62-6e848d2bec0c_thumbnail695.webp"", ""https://www.property.co.zw/uploadedfiles/b0/05/fa/b005faa4-112b-4daf-893e-2ddff8f87d5d_thumbnail695.webp"", ""https://www.property.co.zw/uploadedfiles/1e/8a/d8/1e8ad824-8e27-4325-a170-bfa7e6998eb2_thumbnail695.webp"", ""https://www.property.co.zw/uploadedfiles/08/40/51/084051a8-5176-4eb9-a878-b50b0a1a069f_thumbnail695.webp"", ""https://www.property.co.zw/uploadedfiles/f7/d4/82/f7d482f1-488e-4295-8872-0549c46f7a79_thumbnail695.webp"", ""https://www.property.co.zw/uploadedfiles/e8/c3/bb/e8c3bbf1-fdb3-4089-869f-8a685f8de54e_thumbnail695.webp"", ""https://www.property.co.zw/uploadedfiles/e9/57/1a/e9571a2e-a762-4fcc-99c8-1e4ec5e5ab7d_thumbnail695.webp"", ""https://www.property.co.zw/uploadedfiles/10/79/10/107910e1-bf8f-48b2-ba27-0cc708ea5813_thumbnail695.webp"", ""https://www.property.co.zw/uploadedfiles/30/a4/c4/30a4c495-835d-41b9-9939-c30e3a93e6b1_thumbnail695.webp""]",2026-09-23T16:15:47,False,327000.0,,already USD,False,False,True,True,,False,False,False,False,False,False,False,False,False,False,False,False,False,False,False,False,False,False,False,False,False,False,False,False,0
VEPR242000,https://www.property.co.zw/for-sale/houses-vepr242000,6 Bedroom House for Sale in Helensvale,600000.0,USD,Borrowdale,Harare North,Zimbabwe,"Borrowdale, Harare North, Harare",6,6.0,600.0,m²,2600.0,m²,"In the heart of one of Harare’s most exciting new private, secure estates lies this exceptionally spacious and distinguished manor residence — a home designed to",2026-03-05,2026-06-08T13:14:09+02:00,Vesta Properties,16,"[""https://www.property.co.zw/uploadedfiles/a8/dd/ff/a8ddff58-c911-4dcc-8c89-1d86198676e9_thumbnail695.webp"", ""https://www.property.co.zw/uploadedfiles/72/66/b4/7266b4dd-b026-4b8d-8166-ed6be316ff56_thumbnail695.webp"", ""https://www.property.co.zw/uploadedfiles/d0/b3/a6/d0b3a6d4-5c09-4dce-8514-e2bb6373c359_thumbnail695.webp"", ""https://www.property.co.zw/uploadedfiles/75/b4/78/75b478a4-1ba0-4eee-98a2-9fbd41214727_thumbnail695.webp"", ""https://www.property.co.zw/uploadedfiles/6a/d7/ec/6ad7ec21-a9cc-4a36-bb9e-352dc6d5c740_thumbnail695.webp"", ""https://www.property.co.zw/uploadedfiles/58/07/6d/58076dd0-56e0-4ff2-baa1-28c725c2e845_thumbnail695.webp"", ""https://www.property.co.zw/uploadedfiles/59/4f/e7/594fe721-6cb1-4b27-9d44-5cdad71b1426_thumbnail695.webp"", ""https://www.property.co.zw/uploadedfiles/e7/6a/df/e76adfc5-3301-4cbd-aaf5-e2fdb6a40ee7_thumbnail695.webp"", ""https://www.property.co.zw/uploadedfiles/a3/87/25/a387251f-4e8f-4a0a-8f1b-490ef63e62c4_thumbnail695.webp"", ""https://www.property.co.zw/uploadedfiles/16/95/33/16953365-5ebc-4a2f-9802-fb3b51f7cacf_thumbnail695.webp"", ""https://www.property.co.zw/uploadedfiles/5e/c3/d9/5ec3d9c4-0e09-4a6e-b8c1-18425ff19a5f_thumbnail695.webp"", ""https://www.property.co.zw/uploadedfiles/68/27/9a/68279afc-d38e-4245-bfec-ab40bbef72d6_thumbnail695.webp"", ""https://www.property.co.zw/uploadedfiles/be/ad/4e/bead4eb1-c2c9-4e39-bec2-288c77f9a3af_thumbnail695.webp"", ""https://www.property.co.zw/uploadedfiles/ea/70/4c/ea704c86-2194-481d-b068-f927c7c7a076_thumbnail695.webp"", ""https://www.property.co.zw/uploadedfiles/ac/7d/c1/ac7dc118-0dbe-4810-9b3e-c8422cbc730d_thumbnail695.webp"", ""https://www.property.co.zw/uploadedfiles/ea/0a/4d/ea0a4d46-85f6-4ec2-969b-12f86550b623_thumbnail695.webp""]",2026-09-23T16:15:52,False,600000.0,,already USD,False,False,True,True,,False,False,False,False,False,False,False,False,False,False,False,False,False,False,False,False,False,False,False,False,False,False,False,False,0
IACH246334,https://www.property.co.zw/for-sale/houses-iach246334,Quick sale!!! Beautiful and Unique house in Borrowdale West,350000.0,USD,Borrowdale West,Harare North,Zimbabwe,"Borrowdale West, Harare North, Harare",4,2.0,400.0,m²,1500.0,m²,"Charming family home on a generous 1,500 m² stand in sought-after Borrowdale West, Harare North. This solid 400 m² house offers four bedrooms and a layout brimming",2026-05-06,2026-07-24T13:42:39+02:00,Wariach Properties,15,"[""https://www.property.co.zw/uploadedfiles/d3/5f/2c/d35f2cba-240f-46b0-a64d-5e6870175bb1_thumbnail695.webp"", ""https://www.property.co.zw/uploadedfiles/8f/cf/67/8fcf6756-a719-47ce-bfe6-777af4fa2fc7_thumbnail695.webp"", ""https://www.property.co.zw/uploadedfiles/bb/6c/d9/bb6cd962-67dd-4e03-87b9-9ff53bea40e2_thumbnail695.webp"", ""https://www.property.co.zw/uploadedfiles/98/05/b0/9805b056-cf2b-4740-b784-1a544aa56c3c_thumbnail695.webp"", ""https://www.property.co.zw/uploadedfiles/45/49/29/45492975-1f6e-4206-b1b6-8d74078a7b80_thumbnail695.webp"", ""https://www.property.co.zw/uploadedfiles/34/26/a9/3426a93f-ed9d-4bd7-9e44-6a42d52cb416_thumbnail695.webp"", ""https://www.property.co.zw/uploadedfiles/ba/2c/2b/ba2c2bdf-f6d3-4810-b948-b813b10e0d16_thumbnail695.webp"", ""https://www.property.co.zw/uploadedfiles/d3/66/07/d366073d-f9c2-483f-88f6-2e6f3f009196_thumbnail695.webp"", ""https://www.property.co.zw/uploadedfiles/f5/5b/6f/f55b6fcc-9224-4593-9d94-5a89fbd2ddf3_thumbnail695.webp"", ""https://www.property.co.zw/uploadedfiles/dd/c8/c2/ddc8c218-2a1e-4dbb-8e36-a38413fdfaac_thumbnail695.webp"", ""https://www.property.co.zw/uploadedfiles/46/0a/6f/460a6fc1-01d2-4b81-82e8-cc9b479ec4ab_thumbnail695.webp"", ""https://www.property.co.zw/uploadedfiles/12/8d/21/128d21c4-4966-4bab-8e9e-6ea0a51ff6c7_thumbnail695.webp"", ""https://www.property.co.zw/uploadedfiles/4c/55/7d/4c557d70-6424-4b40-a7a6-0e935e49dc1c_thumbnail695.webp"", ""https://www.property.co.zw/uploadedfiles/23/d9/6b/23d96bef-bcae-43e9-8e4f-5ee7888c6565_thumbnail695.webp"", ""https://www.property.co.zw/uploadedfiles/f7/04/a9/f704a99f-a6b2-4440-8929-0f33b1d690a2_thumbnail695.webp""]",2026-09-23T16:15:56,False,350000.0,,already USD,False,True,True,True,,False,False,False,False,False,False,False,False,False,False,False,False,False,False,False,False,False,False,False,False,False,False,False,False,0
LEG252714,https://www.property.co.zw/for-sale/houses-leg252714,"Imagine The Possibilities,Then Make Them Reality,Add The Finishing Touches And Watch The Value Grow",120000.0,USD,Waterfalls,Harare South,Zimbabwe,"Waterfalls, Harare South, Harare",5,2.0,300.0,m²,1800.0,m²,"Unlock the potential of this spacious property in Grobbie Park, Waterfalls, set on a generous 1,800sqm stand. The property features an 80% complete five-bedroom",2026-08-03,2026-08-26T14:14:49+02:00,Legacy Real Estate,16,"[""https://www.property.co.zw/uploadedfiles/99/25/8d/99258d87-b229-4be8-b6e2-c14775872999_thumbnail695.webp"", ""https://www.property.co.zw/uploadedfiles/98/a6/96/98a696ef-80f8-477a-a4c9-e3079a29c02a_thumbnail695.webp"", ""https://www.property.co.zw/uploadedfiles/04/3c/ff/043cff47-38dc-403c-90df-c4922135254f_thumbnail695.webp"", ""https://www.property.co.zw/uploadedfiles/07/27/5f/07275f28-b4c5-45fd-b7b3-bfe1f2c46f3a_thumbnail695.webp"", ""https://www.property.co.zw/uploadedfiles/74/39/98/743998ff-b2ac-42ae-b36b-dac47044b881_thumbnail695.webp"", ""https://www.property.co.zw/uploadedfiles/57/2d/94/572d94c4-cf51-40c3-bb50-07679c19d2a4_thumbnail695.webp"", ""https://www.property.co.zw/uploadedfiles/48/d0/8d/48d08d1e-36e6-4234-9fcb-92d2f8b835da_thumbnail695.webp"", ""https://www.property.co.zw/uploadedfiles/12/21/81/1221813f-cc31-482a-b5a9-21e528949114_thumbnail695.webp"", ""https://www.property.co.zw/uploadedfiles/17/c5/b0/17c5b0ad-0970-4acd-81e9-b9c80ea8bfc9_thumbnail695.webp"", ""https://www.property.co.zw/uploadedfiles/a8/42/06/a84206f1-aa04-4e49-94a4-b8c19b3bc584_thumbnail695.webp"", ""https://www.property.co.zw/uploadedfiles/dd/17/5f/dd175f27-2d7c-4432-af93-c23d1ec291e7_thumbnail695.webp"", ""https://www.property.co.zw/uploadedfiles/47/74/7a/47747ad8-342e-4c94-98d4-3241b66af500_thumbnail695.webp"", ""https://www.property.co.zw/uploadedfiles/66/87/2b/66872b75-b1a7-461c-b2c0-7fbb1ac6bfb8_thumbnail695.webp"", ""https://www.property.co.zw/uploadedfiles/1b/1a/e8/1b1ae8a1-e266-498e-ad8e-7392bb3b0b47_thumbnail695.webp"", ""https://www.property.co.zw/uploadedfiles/24/4e/b0/244eb00a-87d7-444d-8f31-7a799bceed8d_thumbnail695.webp"", ""https://www.property.co.zw/uploadedfiles/3c/9a/5c/3c9a5cbe-13d7-4853-ae69-049476ea284b_thumbnail695.webp""]",2026-09-23T16:16:01,False,120000.0,,already USD,False,False,True,True,,False,False,False,False,False,False,False,False,False,False,False,False,False,False,False,False,False,False,False,False,False,False,False,False,0
RWS255538,https://www.property.co.zw/for-sale/houses-rws255538,Superb opportunity in Madokero Estate ,120000.0,USD,Madokero,Harare West,Zimbabwe,"Madokero, Harare West, Harare",4,3.0,,,400.0,m²,"?? MADOKERO Estate 
A 4-bedroom home in a prime location, conveniently close to all amenities.
? Property Features: • 4 bedrooms, 2 ensuite
• Open-plan lounge &",2026-09-21,2026-09-21T09:16:13+02:00,Rawson Properties Harare,13,"[""https://www.property.co.zw/uploadedfiles/93/ce/67/93ce675f-a226-4580-820a-61bb4d4a8686_thumbnail695.webp"", ""https://www.property.co.zw/uploadedfiles/36/16/1f/36161f41-4893-4eb0-bef1-30e831550dbc_thumbnail695.webp"", ""https://www.property.co.zw/uploadedfiles/28/38/8c/28388cd4-c69a-4404-b569-209590bff15e_thumbnail695.webp"", ""https://www.property.co.zw/uploadedfiles/47/be/ca/47becac3-1825-4197-8eec-7e76c187d129_thumbnail695.webp"", ""https://www.property.co.zw/uploadedfiles/e4/c4/8b/e4c48bfe-9b64-462e-b5f9-c8456d5319aa_thumbnail695.webp"", ""https://www.property.co.zw/uploadedfiles/d7/a4/58/d7a4588d-4727-4733-9320-bcdc2c88c7f4_thumbnail695.webp"", ""https://www.property.co.zw/uploadedfiles/9f/41/6f/9f416fe1-f3a4-4d5c-a169-fe58a93a8c50_thumbnail695.webp"", ""https://www.property.co.zw/uploadedfiles/50/1e/1b/501e1bc6-25e3-497c-9c76-126b7358a664_thumbnail695.webp"", ""https://www.property.co.zw/uploadedfiles/6c/f3/44/6cf34449-58a5-4227-ad4e-90ff9f87c86b_thumbnail695.webp"", ""https://www.property.co.zw/uploadedfiles/09/08/00/0908001b-3fbb-4d3f-9645-b546f7bbd003_thumbnail695.webp"", ""https://www.property.co.zw/uploadedfiles/74/bd/69/74bd6991-c1bc-42f5-aece-72972908b43e_thumbnail695.webp"", ""https://www.property.co.zw/uploadedfiles/cf/4a/1e/cf4a1eb4-3ae2-4c63-a520-2a1269ea4372_thumbnail695.webp"", ""https://www.property.co.zw/uploadedfiles/e4/fb/2c/e4fb2cfd-5e84-47d3-a50d-22ce741d5aa0_thumbnail695.webp""]",2026-09-23T16:16:05,False,120000.0,,already USD,False,False,True,False,"statistical price outlier within its suburb (log-price, 1.5xIQR rule) -- inspect manually, do not assume error",False,False,False,False,False,False,False,False,False,False,False,False,False,False,False,False,False,False,False,True,False,False,False,False,0
ZANE251512,https://www.property.co.zw/for-sale/houses-zane251512,3 bedroom house for sale in Stoneridge ,30000.0,USD,Stoneridge,Harare South,Zimbabwe,"Stoneridge, Harare South, Harare",3,2.0,200.0,m²,300.0,m²,"Charming three-bedroom home for sale in Stoneridge, Harare South — a solid single-storey property on a 300 m² stand with approximately 200 m² of building area. As",2026-07-16,2026-09-21T06:49:04+02:00,Zaneta Real Estate,7,"[""https://www.property.co.zw/uploadedfiles/2f/4d/f3/2f4df3ca-85e4-41a0-9f90-bae84914e205_thumbnail695.webp"", ""https://www.property.co.zw/uploadedfiles/46/cb/7a/46cb7a2e-203f-45dd-9206-b87cd253240a_thumbnail695.webp"", ""https://www.property.co.zw/uploadedfiles/2b/0d/ff/2b0dffa1-2fbb-4ddc-b664-ccc26c00b3d2_thumbnail695.webp"", ""https://www.property.co.zw/uploadedfiles/d5/98/21/d5982142-6735-414d-bbc8-6be66bffa1d5_thumbnail695.webp"", ""https://www.property.co.zw/uploadedfiles/7e/9b/c9/7e9bc94b-33c6-4eea-8426-14611ace3810_thumbnail695.webp"", ""https://www.property.co.zw/uploadedfiles/5b/cd/04/5bcd0414-24af-4f1e-97a0-3b4509a8b26c_thumbnail695.webp"", ""https://www.property.co.zw/uploadedfiles/24/ab/5f/24ab5f14-dd48-4b3f-b2f6-15d6b54bf4eb_thumbnail695.webp""]",2026-09-23T16:16:10,False,30000.0,,already USD,False,True,True,True,,False,False,False,False,False,False,False,False,False,False,False,False,False,False,False,False,False,False,False,False,False,False,False,False,0
SSPS238513,https://www.property.co.zw/for-sale/houses-ssps238513,"Spacious 2-Bed cottage on 4,387m² in Bluff Hill",199000.0,USD,Bluff Hill,Harare West,Zimbabwe,"Bluff Hill, Harare West, Harare",2,1.0,250.0,m²,4387.0,m²,"Own a spacious 4,387m² stand with a 2-bedroom cottage, kitchen, dining area, and bathroom — perfectly located in a quiet and secure neighborhood of Bluffhill.",2026-01-21,2026-09-11T12:52:07+02:00,Sisonke Properties,9,"[""https://www.property.co.zw/uploadedfiles/d9/0a/11/d90a1181-0741-4ef5-94a8-2268e8321a3f_thumbnail695.webp"", ""https://www.property.co.zw/uploadedfiles/86/d0/56/86d056fe-0f09-48f1-bfd9-c1f71118bf2e_thumbnail695.webp"", ""https://www.property.co.zw/uploadedfiles/9f/04/30/9f04308a-c62a-4224-860d-5349671851c0_thumbnail695.webp"", ""https://www.property.co.zw/uploadedfiles/a3/72/2a/a3722a57-a85b-4e18-9909-ed01f7c27d19_thumbnail695.webp"", ""https://www.property.co.zw/uploadedfiles/da/1a/5a/da1a5aff-d5e0-455c-8c56-923417ef29e4_thumbnail695.webp"", ""https://www.property.co.zw/uploadedfiles/c7/de/72/c7de7202-09ad-4ed1-a80f-10d3c5768652_thumbnail695.webp"", ""https://www.property.co.zw/uploadedfiles/ca/b5/10/cab510a3-b1f7-40d7-b5d2-0f7485ef8870_thumbnail695.webp"", ""https://www.property.co.zw/uploadedfiles/5d/e2/83/5de283d1-3099-4bf7-bdac-2dd14baed2ba_thumbnail695.webp"", ""https://www.property.co.zw/uploadedfiles/64/f1/d4/64f1d44f-20f1-4613-893f-e464262ea33c_thumbnail695.webp""]",2026-09-23T16:16:14,False,199000.0,,already USD,False,False,True,True,,False,False,False,False,False,False,False,False,False,False,False,False,False,False,False,False,False,False,False,False,False,True,False,False,0
LAW228516,https://www.property.co.zw/for-sale/houses-law228516,Incomplete House For Sale in Sandton Park ,130000.0,USD,Sandton Park,Harare West,Zimbabwe,"Sandton Park, Harare West, Harare",5,4.0,400.0,m²,1000.0,m²,"This spacious property is currently under construction for customization. Key Features Include:
5 bedrooms with 3 featuring en-suite bathrooms en-suite bathrooms",2025-09-03,2026-08-24T15:10:02+02:00,Laws,1,"[""https://www.property.co.zw/uploadedfiles/ff/00/d5/ff00d5ce-046d-404c-ab04-8a5a4f67f952_thumbnail695.webp""]",2026-09-23T16:16:19,False,130000.0,,already USD,False,False,True,True,,False,False,False,False,False,False,False,False,False,False,False,False,False,False,False,False,False,False,False,True,False,False,False,False,0
HOS252763,https://www.property.co.zw/for-sale/houses-hos252763,Luxurious Family Home – Folyjon Glen Lorne Sale,1000000.0,USD,Glen Lorne,Harare North,Zimbabwe,"Glen Lorne, Harare North, Harare",5,5.0,1500.0,m²,,1.4,"An exceptional double-storey residence located in one of the most sought-after neighborhoods on Folyjon Crescent. This elegant home offers space, comfort, and",2026-08-04,2026-08-04T09:21:16+02:00,HSP Realty,20,"[""https://www.property.co.zw/uploadedfiles/4f/d5/4b/4fd54b3a-6da8-4fdb-85c2-dd985731e36d_thumbnail695.webp"", ""https://www.property.co.zw/uploadedfiles/9a/76/60/9a7660dd-e62e-4ecf-9151-7c1d466a0e19_thumbnail695.webp"", ""https://www.property.co.zw/uploadedfiles/22/e3/d2/22e3d28a-addd-4b7e-bb82-d827319363ac_thumbnail695.webp"", ""https://www.property.co.zw/uploadedfiles/d7/77/76/d777769a-68e8-458d-81e6-5cbc4a494cee_thumbnail695.webp"", ""https://www.property.co.zw/uploadedfiles/8b/77/86/8b7786d4-bb8f-46d7-a1bc-47c01b13b963_thumbnail695.webp"", ""https://www.property.co.zw/uploadedfiles/bb/d8/48/bbd848dc-660d-4de4-86b1-e906e35fca89_thumbnail695.webp"", ""https://www.property.co.zw/uploadedfiles/2f/3e/2e/2f3e2e57-d376-4ba6-a167-193404c39c44_thumbnail695.webp"", ""https://www.property.co.zw/uploadedfiles/a7/67/8b/a7678b59-6bb8-4b9b-bd9c-0da6da9530c2_thumbnail695.webp"", ""https://www.property.co.zw/uploadedfiles/89/3e/0f/893e0f6c-d9ec-4494-8206-5515ac2cfde7_thumbnail695.webp"", ""https://www.property.co.zw/uploadedfiles/f8/89/d4/f889d437-7e28-409b-ad56-0d65c80cb7fe_thumbnail695.webp"", ""https://www.property.co.zw/uploadedfiles/ff/cb/6b/ffcb6bff-edc7-4902-89bc-f786fb3ffc48_thumbnail695.webp"", ""https://www.property.co.zw/uploadedfiles/c6/99/70/c69970bb-f59c-4720-8a74-f07db4ba7650_thumbnail695.webp"", ""https://www.property.co.zw/uploadedfiles/5c/81/1c/5c811c62-37b6-461b-ae00-21e6c2fe3f5c_thumbnail695.webp"", ""https://www.property.co.zw/uploadedfiles/26/9f/92/269f925c-b42a-4b1f-ac8e-c6b6090feafb_thumbnail695.webp"", ""https://www.property.co.zw/uploadedfiles/ce/3b/82/ce3b822b-306f-4eb4-98b9-4f13403217d1_thumbnail695.webp"", ""https://www.property.co.zw/uploadedfiles/a7/31/a8/a731a80b-4927-44ef-a36d-d21d67205d55_thumbnail695.webp"", ""https://www.property.co.zw/uploadedfiles/ad/02/56/ad0256de-cfdf-4ccd-9b58-8f53d316092e_thumbnail695.webp"", ""https://www.property.co.zw/uploadedfiles/e1/80/ed/e180ed12-e203-4d39-900c-af685fd94fa6_thumbnail695.webp"", ""https://www.property.co.zw/uploadedfiles/e8/d4/f6/e8d4f6e2-2508-4451-bcf1-0ec1435ca0f4_thumbnail695.webp"", ""https://www.property.co.zw/uploadedfiles/51/ed/b1/51edb197-3e99-4aea-a009-5d8bfc0c1ed6_thumbnail695.webp""]",2026-09-23T16:16:23,False,1000000.0,,already USD,False,False,False,True,,False,False,False,False,False,False,False,False,False,False,False,False,False,False,False,False,False,False,False,False,False,False,False,False,0
ICP239403,https://www.property.co.zw/for-sale/houses-icp239403,Manyame Low density stand with cottage for sale-2010m²,40000.0,USD,Manyame Park,Chitungwiza,Zimbabwe,"Manyame Park, Chitungwiza, Mashonaland East",2,1.0,80.0,m²,2010.0,m²,"For sale in a quiet neighbourhood in Manyame Chitungwiza, is this large stand with a solid 2 bedroom cottage on site. The stand measures 2010sqm, presenting great",2026-01-31,2026-04-29T10:48:12+02:00,Income Properties,8,"[""https://www.property.co.zw/uploadedfiles/f9/3c/c1/f93cc118-26f4-47b4-a7f2-62d224f68bbe_thumbnail695.webp"", ""https://www.property.co.zw/uploadedfiles/ac/de/db/acdedb10-ac77-46d3-8910-bcee89e184d8_thumbnail695.webp"", ""https://www.property.co.zw/uploadedfiles/d3/42/94/d34294dd-539c-4f58-968a-6943c3ca55c6_thumbnail695.webp"", ""https://www.property.co.zw/uploadedfiles/a7/46/aa/a746aa98-65e0-4a7c-b271-de7282f0967d_thumbnail695.webp"", ""https://www.property.co.zw/uploadedfiles/0d/b3/be/0db3be3c-f0f4-4e1d-b24a-c75817d47e2a_thumbnail695.webp"", ""https://www.property.co.zw/uploadedfiles/30/d4/31/30d4313d-b0c7-4c2b-977f-8411587462a1_thumbnail695.webp"", ""https://www.property.co.zw/uploadedfiles/e9/e1/74/e9e174bb-ad42-444a-a3ef-313ad89cece7_thumbnail695.webp"", ""https://www.property.co.zw/uploadedfiles/17/1a/23/171a2308-7b5e-4c94-b4d8-21c84091e1ec_thumbnail695.webp""]",2026-09-23T16:16:27,False,40000.0,,already USD,False,False,True,True,,False,False,False,False,False,False,False,False,False,False,False,False,False,False,False,False,False,False,False,False,False,True,False,False,0
P43251731,https://www.property.co.zw/for-sale/houses-p43251731,Chitungwiza 2-Bed Home on 200m² Plot — For Sale,25000.0,USD,Chitungwiza,Chitungwiza,Zimbabwe,"Chitungwiza, Mashonaland East",2,1.0,100.0,m²,200.0,m²,"Chitungwiza  unit C core house , 2 beds ,on 200 sqms  tittle deeds , USD 25k",2026-07-20,2026-07-20T09:11:38+02:00,Test 43,4,"[""https://www.property.co.zw/uploadedfiles/3f/a0/fc/3fa0fc29-b9fa-4dca-b624-43daf2ddbe80_thumbnail695.webp"", ""https://www.property.co.zw/uploadedfiles/83/72/3d/83723db0-80b2-400a-a286-84615d92f708_thumbnail695.webp"", ""https://www.property.co.zw/uploadedfiles/42/2b/ec/422becf3-1200-4693-94f3-980afce669d2_thumbnail695.webp"", ""https://www.property.co.zw/uploadedfiles/76/52/d8/7652d8eb-d0d8-4858-b9ba-d24b56b22d07_thumbnail695.webp""]",2026-09-23T16:16:32,False,25000.0,,already USD,False,False,True,True,,False,False,False,False,False,False,False,False,False,False,False,False,False,False,False,False,False,False,False,False,False,False,False,False,0
KNP217157,https://www.property.co.zw/for-sale/houses-knp217157,"House for Sale in Helensvale sitting on 2,5 acres",650000.0,USD,Helensvale,Harare North,Zimbabwe,"Helensvale, Harare North, Harare",2,2.0,10500.0,m²,10500.0,m²,"Located less than a 5 minute drive from the Borrowdale Country Club, sitting on 2.5 acres, surrounded by lovely trees and a tranquil atmosphere, this property is",2025-04-03,2026-09-10T15:16:30+02:00,Kennan Properties,14,"[""https://www.property.co.zw/uploadedfiles/15/35/30/153530b1-355f-420f-a05b-3896ecf4aca6_thumbnail695.webp"", ""https://www.property.co.zw/uploadedfiles/26/56/70/26567090-3702-4413-a72a-8789f9342b69_thumbnail695.webp"", ""https://www.property.co.zw/uploadedfiles/44/67/a0/4467a0b8-04a0-4ecb-8bb3-aa01aa00a84b_thumbnail695.webp"", ""https://www.property.co.zw/uploadedfiles/65/9a/29/659a2907-8997-449d-8cf8-70b496c1af58_thumbnail695.webp"", ""https://www.property.co.zw/uploadedfiles/06/52/3f/06523f48-c6b4-48ac-81e8-7ab9d1aef059_thumbnail695.webp"", ""https://www.property.co.zw/uploadedfiles/12/89/43/128943aa-8f62-4b7c-9438-619be53329d1_thumbnail695.webp"", ""https://www.property.co.zw/uploadedfiles/91/62/30/916230aa-fc56-434b-8e49-2fd1d3b30980_thumbnail695.webp"", ""https://www.property.co.zw/uploadedfiles/40/8b/51/408b51ab-ee79-445e-adcb-bf01c0363147_thumbnail695.webp"", ""https://www.property.co.zw/uploadedfiles/43/62/7c/43627ce2-3eef-442d-b20c-1897b5867dda_thumbnail695.webp"", ""https://www.property.co.zw/uploadedfiles/db/74/fa/db74fa6e-62af-47b9-9c1b-2f09e13bafea_thumbnail695.webp"", ""https://www.property.co.zw/uploadedfiles/0f/1d/62/0f1d6200-e3a4-44ed-a941-cc7af5f89f2d_thumbnail695.webp"", ""https://www.property.co.zw/uploadedfiles/d4/7b/c1/d47bc1c2-7bfa-4f4a-b95c-c59831fcfaa6_thumbnail695.webp"", ""https://www.property.co.zw/uploadedfiles/07/ce/2e/07ce2ed5-a032-42bd-9a72-64261d8969d1_thumbnail695.webp"", ""https://www.property.co.zw/uploadedfiles/b8/31/31/b83131a0-fa66-4c95-92f2-e4243a17c543_thumbnail695.webp""]",2026-09-23T16:16:36,False,650000.0,,already USD,False,False,True,True,,False,False,False,False,False,False,False,False,False,False,False,False,False,False,False,False,False,False,False,False,False,False,False,False,0
PGP254344,https://www.property.co.zw/for-sale/houses-pgp254344,6 Bedroom House For Sale In Mount Pleasent Heights,590000.0,USD,Mount Pleasant Heights,Harare North,Zimbabwe,"Mount Pleasant Heights, Harare North, Harare",6,5.0,847.0,m²,2100.0,m²,"Pam Golding Properties presents this impressive double-storey family home for sale in Mount Pleasent Heights. The ground floor features two spacious lounges,a",2026-08-31,2026-09-03T22:05:08+02:00,Pam Golding Properties,24,"[""https://www.property.co.zw/uploadedfiles/b2/7a/37/b27a3761-5390-4868-a893-414d262172a0_thumbnail695.webp"", ""https://www.property.co.zw/uploadedfiles/85/25/f7/8525f768-1576-40d0-a689-08f4f7766a3f_thumbnail695.webp"", ""https://www.property.co.zw/uploadedfiles/81/85/fc/8185fcbe-30bb-48fc-aedc-2d86da808505_thumbnail695.webp"", ""https://www.property.co.zw/uploadedfiles/f9/05/9d/f9059d39-eaab-4ca3-86c5-644191c44c87_thumbnail695.webp"", ""https://www.property.co.zw/uploadedfiles/83/b5/8a/83b58ac3-d47c-4f89-b475-d639bc0219ce_thumbnail695.webp"", ""https://www.property.co.zw/uploadedfiles/ab/91/43/ab91431d-4fdf-44d3-8579-208eed1951ec_thumbnail695.webp"", ""https://www.property.co.zw/uploadedfiles/39/a6/f6/39a6f670-2302-4ae5-8ac0-6bd7a5ab9d04_thumbnail695.webp"", ""https://www.property.co.zw/uploadedfiles/87/1e/6c/871e6c63-185a-45ab-8077-049f3828d9cc_thumbnail695.webp"", ""https://www.property.co.zw/uploadedfiles/c3/dd/4e/c3dd4e48-d980-4781-ab30-35fcd57f10e2_thumbnail695.webp"", ""https://www.property.co.zw/uploadedfiles/90/66/65/906665d7-d637-4a94-8a65-a88d02d96d25_thumbnail695.webp"", ""https://www.property.co.zw/uploadedfiles/6b/aa/f9/6baaf961-3cc2-4a74-8164-5e6c18e4375a_thumbnail695.webp"", ""https://www.property.co.zw/uploadedfiles/66/03/ff/6603ff01-b3aa-4cd4-b2d4-c77687518e04_thumbnail695.webp"", ""https://www.property.co.zw/uploadedfiles/cd/80/47/cd804780-519d-4b8e-9e09-dc87a2bffb04_thumbnail695.webp"", ""https://www.property.co.zw/uploadedfiles/c8/1a/7e/c81a7e97-c642-45e2-a13f-c3d297109e5a_thumbnail695.webp"", ""https://www.property.co.zw/uploadedfiles/f4/99/9e/f4999e51-0c0c-4560-b0c3-7535a79a0df3_thumbnail695.webp"", ""https://www.property.co.zw/uploadedfiles/48/2f/20/482f20e6-cf5a-4bf2-a4b6-f15b0877722a_thumbnail695.webp"", ""https://www.property.co.zw/uploadedfiles/e8/77/2e/e8772e1e-187f-42db-968e-88c1b3a7e766_thumbnail695.webp"", ""https://www.property.co.zw/uploadedfiles/9c/10/0c/9c100cd4-78dc-4d42-bcf7-aab69e54fe26_thumbnail695.webp"", ""https://www.property.co.zw/uploadedfiles/61/d5/d4/61d5d4f9-469c-4472-b50b-1a6a6c568efa_thumbnail695.webp"", ""https://www.property.co.zw/uploadedfiles/ee/f6/7c/eef67cfe-f8b5-4237-a7b8-67a0ad544f2e_thumbnail695.webp"", ""https://www.property.co.zw/uploadedfiles/f2/5d/6d/f25d6da3-b8e0-41c1-9845-5d4663d3ab2c_thumbnail695.webp"", ""https://www.property.co.zw/uploadedfiles/3e/9e/d4/3e9ed42b-c0ee-43a3-84cf-df89be6f2320_thumbnail695.webp"", ""https://www.property.co.zw/uploadedfiles/35/e3/55/35e355ac-70e1-4953-b4d1-bedd605710d8_thumbnail695.webp"", ""https://www.property.co.zw/uploadedfiles/26/b4/2f/26b42f58-4858-42b6-8b32-d789332c947f_thumbnail695.webp""]",2026-09-23T16:16:40,False,590000.0,,already USD,False,False,True,True,"statistical price outlier within its suburb (log-price, 1.5xIQR rule) -- inspect manually, do not assume error",False,False,False,False,False,False,False,False,False,False,False,False,False,False,False,False,False,False,False,False,False,False,False,False,0
PTK251456,https://www.property.co.zw/for-sale/houses-ptk251456,Newly built home!,115000.0,USD,Whitecliff,Harare West,Zimbabwe,"Whitecliff, Harare West, Harare",4,3.0,487.0,m²,2379.0,m²,"An executive 4beds home main en-suite, spacious kitchen, open plan lounge & dining, double lockup garage, 2 beds guest wing on 2379 square meters",2026-07-16,2026-07-16T00:54:36+02:00,Property track,17,"[""https://www.property.co.zw/uploadedfiles/a7/6e/b8/a76eb882-991e-42db-831e-8ee5fb6dc0c6_thumbnail695.webp"", ""https://www.property.co.zw/uploadedfiles/82/2d/d6/822dd690-763a-4dc0-84a8-3a31d46281b0_thumbnail695.webp"", ""https://www.property.co.zw/uploadedfiles/bf/fe/30/bffe30c0-aca5-426b-91b4-e7b6c84202e9_thumbnail695.webp"", ""https://www.property.co.zw/uploadedfiles/0f/a8/db/0fa8db8a-b6de-46e1-b0d9-bb5d99cebbb6_thumbnail695.webp"", ""https://www.property.co.zw/uploadedfiles/bc/dd/8a/bcdd8a9d-0e91-4836-a0e5-aa90cbbefd87_thumbnail695.webp"", ""https://www.property.co.zw/uploadedfiles/68/1d/85/681d85d6-542d-49cf-92ae-3ce4d8b6a1cf_thumbnail695.webp"", ""https://www.property.co.zw/uploadedfiles/58/80/94/58809416-ce53-46a7-98dd-c8eed22299a3_thumbnail695.webp"", ""https://www.property.co.zw/uploadedfiles/5d/52/b5/5d52b543-d008-46d6-adb4-7b2c0953d465_thumbnail695.webp"", ""https://www.property.co.zw/uploadedfiles/1f/42/18/1f421897-44cf-455e-baf3-8676e9de8f23_thumbnail695.webp"", ""https://www.property.co.zw/uploadedfiles/c8/75/a0/c875a040-c592-44fe-8687-7c17ae5905af_thumbnail695.webp"", ""https://www.property.co.zw/uploadedfiles/36/7b/4a/367b4a11-61db-4832-ba91-675f5930c80b_thumbnail695.webp"", ""https://www.property.co.zw/uploadedfiles/a0/bb/de/a0bbde19-d3e8-4f21-9706-9d527d8c78bc_thumbnail695.webp"", ""https://www.property.co.zw/uploadedfiles/61/be/98/61be982f-a8ef-4fff-9abc-75993cde4b1a_thumbnail695.webp"", ""https://www.property.co.zw/uploadedfiles/0b/62/ae/0b62aebe-a377-4416-a4bb-13ca8d9c138e_thumbnail695.webp"", ""https://www.property.co.zw/uploadedfiles/ea/50/3e/ea503e77-b12e-4fd0-88b3-f858f342f99f_thumbnail695.webp"", ""https://www.property.co.zw/uploadedfiles/16/f9/75/16f97599-e573-4523-b401-d5dcda45bbd4_thumbnail695.webp"", ""https://www.property.co.zw/uploadedfiles/6b/44/27/6b442777-36bc-49dc-8798-f6c353da0b23_thumbnail695.webp""]",2026-09-23T16:16:45,False,115000.0,,already USD,False,False,True,True,,False,False,False,False,False,False,False,False,False,False,False,False,False,False,False,False,False,False,False,True,False,False,False,False,0
RWS226343,https://www.property.co.zw/for-sale/houses-rws226343,Bloomingdale House for Sale. Reduced Price ,115000.0,USD,Bloomingdale,Harare West,Zimbabwe,"Bloomingdale, Harare West, Harare",4,2.0,150.0,m²,425.0,m²,"Bloomingdale House for sale. Reduced price 
425 square meters 

Solid 3 beds, main ensuite, dinning, lounge, study room, fitted kitchen, pantry,  separate",2025-08-01,2026-09-09T05:34:10+02:00,Rawson Properties Harare,7,"[""https://www.property.co.zw/uploadedfiles/df/52/53/df525347-ab1b-486b-b950-d36c3d77eef6_thumbnail695.webp"", ""https://www.property.co.zw/uploadedfiles/01/75/33/01753373-f114-4a28-9bb2-96db9639efae_thumbnail695.webp"", ""https://www.property.co.zw/uploadedfiles/85/44/ae/8544ae24-6925-4408-97e9-5ca3e5e00bd9_thumbnail695.webp"", ""https://www.property.co.zw/uploadedfiles/ae/e4/72/aee47298-4068-4b57-ad43-8fdb368a7077_thumbnail695.webp"", ""https://www.property.co.zw/uploadedfiles/87/71/57/877157b6-0658-4cbe-866a-b09953bfc45f_thumbnail695.webp"", ""https://www.property.co.zw/uploadedfiles/78/a6/8b/78a68b5b-5a2c-420f-aaea-147f39d81f5d_thumbnail695.webp"", ""https://www.property.co.zw/uploadedfiles/52/80/14/528014e5-cf0e-4179-ad6a-ee958a80fea0_thumbnail695.webp""]",2026-09-23T16:16:49,False,115000.0,,already USD,False,False,True,True,,False,False,False,False,False,False,False,False,False,False,True,False,False,False,False,False,False,False,False,True,False,False,False,False,0
ACH255340,https://www.property.co.zw/for-sale/houses-ach255340,Hatfield House for sale ,150000.0,USD,Hatfield,Harare South,Zimbabwe,"Hatfield, Harare South, Harare",5,2.0,300.0,m²,2000.0,m²,"A neat solid 5 beds main ensuite,dinning,lounge,bathroom and toilet,walled and gated,Title deeds available. ",2026-09-17,2026-09-17T10:55:29+02:00,Access Homes,19,"[""https://www.property.co.zw/uploadedfiles/f2/e7/c0/f2e7c05d-51d6-4ba1-bc37-9599b13a2939_thumbnail695.webp"", ""https://www.property.co.zw/uploadedfiles/56/99/7d/56997d5b-0d7a-404d-af82-ee98ee0cfe9f_thumbnail695.webp"", ""https://www.property.co.zw/uploadedfiles/a6/87/c3/a687c38d-b274-402c-911b-11d9d168852d_thumbnail695.webp"", ""https://www.property.co.zw/uploadedfiles/c8/42/a9/c842a96b-2c57-4602-80b2-b6e2c4e05186_thumbnail695.webp"", ""https://www.property.co.zw/uploadedfiles/9b/9c/10/9b9c1029-22ac-4bd4-a1f5-7a0db2800139_thumbnail695.webp"", ""https://www.property.co.zw/uploadedfiles/a2/b0/bc/a2b0bcaf-5a3a-4e99-8150-03a93d581c70_thumbnail695.webp"", ""https://www.property.co.zw/uploadedfiles/a0/5c/1c/a05c1c78-8ffb-40c8-8938-883f8f6bea84_thumbnail695.webp"", ""https://www.property.co.zw/uploadedfiles/8e/46/05/8e4605f6-30be-49b9-9f02-8fa797e3d1d1_thumbnail695.webp"", ""https://www.property.co.zw/uploadedfiles/c6/fd/4b/c6fd4b7a-a87d-4352-b2d8-d6a402d16b19_thumbnail695.webp"", ""https://www.property.co.zw/uploadedfiles/52/3f/52/523f525c-b361-4e31-87b0-85438deba977_thumbnail695.webp"", ""https://www.property.co.zw/uploadedfiles/8d/fe/a7/8dfea745-8c0d-4c17-8293-23a4ec2cc909_thumbnail695.webp"", ""https://www.property.co.zw/uploadedfiles/20/9d/0f/209d0f4c-8f32-4e32-a1cf-913c51b34a00_thumbnail695.webp"", ""https://www.property.co.zw/uploadedfiles/cb/70/2d/cb702dea-918e-4bed-96c2-1c1c92c00a40_thumbnail695.webp"", ""https://www.property.co.zw/uploadedfiles/b8/53/ed/b853edb2-e5db-41f5-a035-2671e8dbd765_thumbnail695.webp"", ""https://www.property.co.zw/uploadedfiles/cf/fe/7c/cffe7c2a-0e9c-45f8-a743-8b85b76dccbe_thumbnail695.webp"", ""https://www.property.co.zw/uploadedfiles/db/b8/31/dbb8317a-052c-41cf-adbb-4a3b2a247752_thumbnail695.webp"", ""https://www.property.co.zw/uploadedfiles/95/7d/09/957d09a6-b2ca-40ff-99e5-108d51ab5da9_thumbnail695.webp"", ""https://www.property.co.zw/uploadedfiles/7d/35/6c/7d356c33-4605-4eb5-939d-f9035198e53f_thumbnail695.webp"", ""https://www.property.co.zw/uploadedfiles/e7/ab/e4/e7abe484-07b7-4de2-9bc1-54e5458a3027_thumbnail695.webp""]",2026-09-23T16:16:53,False,150000.0,,already USD,False,True,True,True,,False,False,False,False,True,False,False,False,False,False,False,False,False,False,False,False,False,False,False,True,False,False,True,False,0
PRCL197488,https://www.property.co.zw/for-sale/houses-prcl197488,Borrowdale Philadelphia: 9-Bed Spacious Home with Borehole & Balcony,450000.0,USD,Borrowdale,Harare North,Zimbabwe,"Borrowdale, Harare North, Harare",9,9.0,1500.0,m²,4000.0,m²,"Spacious 9-bedroom, 9-bathroom residence in coveted Borrowdale, Harare North — set on a generous 4,000 m² stand with 1,500 m² of thoughtfully laid out living",2024-08-26,2026-04-22T10:46:50+02:00,Property Channel,20,"[""https://www.property.co.zw/uploadedfiles/02/32/f5/0232f5f8-5855-4dba-9eb4-ef29c968a02b_thumbnail695.webp"", ""https://www.property.co.zw/uploadedfiles/96/16/1f/96161f29-2234-465e-8131-1d83afa5ad54_thumbnail695.webp"", ""https://www.property.co.zw/uploadedfiles/39/62/b3/3962b32d-449f-440f-87ba-0cb3f8cc75ef_thumbnail695.webp"", ""https://www.property.co.zw/uploadedfiles/5f/92/6d/5f926d04-9dad-41a6-ab88-220e7e1ff79f_thumbnail695.webp"", ""https://www.property.co.zw/uploadedfiles/93/75/5b/93755b82-0645-4ae3-964d-14760a59c0bb_thumbnail695.webp"", ""https://www.property.co.zw/uploadedfiles/66/e2/3f/66e23f32-16b2-41f4-b19d-d3bd3d831e66_thumbnail695.webp"", ""https://www.property.co.zw/uploadedfiles/61/b3/63/61b3637e-4e36-4ea8-a5a2-60b6a9c821be_thumbnail695.webp"", ""https://www.property.co.zw/uploadedfiles/8d/ed/02/8ded028f-cc4b-43a2-90ec-9432a68f4ccf_thumbnail695.webp"", ""https://www.property.co.zw/uploadedfiles/6c/78/9e/6c789e96-2757-44ce-9d6c-9e51df0cf4b3_thumbnail695.webp"", ""https://www.property.co.zw/uploadedfiles/b9/8d/59/b98d5909-8a7d-437e-8b5a-0d69438dfe6e_thumbnail695.webp"", ""https://www.property.co.zw/uploadedfiles/6a/be/a8/6abea831-27a7-4e2e-bccd-942a94528e21_thumbnail695.webp"", ""https://www.property.co.zw/uploadedfiles/67/99/c4/6799c476-2132-4397-a32a-31d76d31461f_thumbnail695.webp"", ""https://www.property.co.zw/uploadedfiles/ab/55/5d/ab555db0-ae9b-4138-a48e-dd4fb7dcf857_thumbnail695.webp"", ""https://www.property.co.zw/uploadedfiles/4e/78/02/4e78020b-438f-49c5-9683-c8fe24140e0b_thumbnail695.webp"", ""https://www.property.co.zw/uploadedfiles/63/4e/74/634e743a-6a20-48e6-86e3-464a8a1de196_thumbnail695.webp"", ""https://www.property.co.zw/uploadedfiles/9b/21/c8/9b21c8f0-6e85-4ab5-80d8-dcc7b0a5c037_thumbnail695.webp"", ""https://www.property.co.zw/uploadedfiles/72/f1/d6/72f1d652-90cb-4341-aa80-cf75d60562bf_thumbnail695.webp"", ""https://www.property.co.zw/uploadedfiles/fd/55/26/fd5526a6-a451-4bf0-9514-e17d3f265369_thumbnail695.webp"", ""https://www.property.co.zw/uploadedfiles/01/39/0d/01390d16-51bd-4fd3-9fab-2a806f4f9cb7_thumbnail695.webp"", ""https://www.property.co.zw/uploadedfiles/38/83/83/38838314-722a-435f-8e1f-7b84c4b78308_thumbnail695.webp""]",2026-09-23T16:16:58,False,450000.0,,already USD,False,False,True,True,,False,False,False,False,False,False,False,False,False,False,False,False,False,False,False,False,False,False,False,False,False,False,False,False,0
GRM254405,https://www.property.co.zw/for-sale/houses-grm254405,Bloomingdale house for sale,140000.0,USD,Bloomingdale,Harare West,Zimbabwe,"Bloomingdale, Harare West, Harare",4,2.0,250.0,m²,450.0,m²,"Bloomingdale 4 beds
Main bed with ensuite 
Separate toilet and bath, dining and lounge 
Single lock-up garage
Durawalled and gated
450m2
Title deeds",2026-09-01,2026-09-01T14:10:15+02:00,Graham and Douglas Real Estate,9,"[""https://www.property.co.zw/uploadedfiles/b7/2b/6f/b72b6f4e-9b4a-46d3-be9e-bc7a9ab43787_thumbnail695.webp"", ""https://www.property.co.zw/uploadedfiles/59/b8/41/59b84121-ce39-47df-a807-d08784da94a1_thumbnail695.webp"", ""https://www.property.co.zw/uploadedfiles/a6/17/e4/a617e439-19c6-4208-9458-ab16633f8729_thumbnail695.webp"", ""https://www.property.co.zw/uploadedfiles/99/e5/12/99e51221-e74c-4f39-93d0-b7632423aff3_thumbnail695.webp"", ""https://www.property.co.zw/uploadedfiles/97/df/f2/97dff2e3-3b88-42b2-960b-98a01c128f3c_thumbnail695.webp"", ""https://www.property.co.zw/uploadedfiles/fc/a4/8a/fca48aff-6ea8-41ff-8a67-fcdabb031482_thumbnail695.webp"", ""https://www.property.co.zw/uploadedfiles/9b/41/98/9b41986b-21ed-43b4-b214-7edd292a51ee_thumbnail695.webp"", ""https://www.property.co.zw/uploadedfiles/ba/75/62/ba7562ec-2f59-4e82-99c5-047ddc83b624_thumbnail695.webp"", ""https://www.property.co.zw/uploadedfiles/ea/02/20/ea022044-a7c2-4623-92d3-930f7068d681_thumbnail695.webp""]",2026-09-23T16:17:02,False,140000.0,,already USD,False,False,True,True,,False,False,False,False,True,False,False,False,False,False,False,False,False,False,False,False,False,False,False,True,False,False,True,False,0
TEH241335,https://www.property.co.zw/for-sale/houses-teh241335,The property is 14 169 square meters in extent. It’s located  100 meters from the blue roof. ,2200000.0,USD,Borrowdale,Harare North,Zimbabwe,"Borrowdale, Harare North, Harare",12,9.0,1000.0,m²,14163.0,m²,"The property is 14 169 square meters in extent. It’s located approximately 100 meters from the blue roof. The seller intended to construct 9 clusters, permit to",2026-02-25,2026-04-21T14:18:53+02:00,Tanvel Real Estate Harare North,6,"[""https://www.property.co.zw/uploadedfiles/fc/11/86/fc1186b9-4bea-48b8-a219-5227be43ed09_thumbnail695.webp"", ""https://www.property.co.zw/uploadedfiles/73/2c/f7/732cf772-6a9a-4111-8baf-7e3f482eed6b_thumbnail695.webp"", ""https://www.property.co.zw/uploadedfiles/40/a4/f7/40a4f7a8-de6d-48c1-b955-27f6a32ec128_thumbnail695.webp"", ""https://www.property.co.zw/uploadedfiles/1f/6b/0e/1f6b0ec1-fc9f-4131-b14a-87993d63d41c_thumbnail695.webp"", ""https://www.property.co.zw/uploadedfiles/35/66/d8/3566d8dc-f942-4955-99d2-84da942c76d3_thumbnail695.webp"", ""https://www.property.co.zw/uploadedfiles/ba/94/45/ba9445c4-eebd-44dc-8c54-39342108f292_thumbnail695.webp""]",2026-09-23T16:17:06,False,2200000.0,,already USD,False,False,True,True,"statistical price outlier within its suburb (log-price, 1.5xIQR rule) -- inspect manually, do not assume error",False,False,False,False,False,False,False,False,False,False,False,False,False,False,False,False,False,False,False,False,False,False,False,False,0
LCRE226263,https://www.property.co.zw/for-sale/houses-lcre226263,Borrowdale 7-Bed Double-Storey Villa ,690000.0,USD,Borrowdale,Harare North,Zimbabwe,"Borrowdale, Harare North, Harare",7,5.0,,,4000.0,m²,"Luxurious Double-Storey Estate in Prestigious Borrowdale

Presenting an unparalleled opportunity: This magnificent double-storey residence, set on a sprawling",2025-07-31,2026-09-07T09:50:42+02:00,Lucile Real Estate,31,"[""https://www.property.co.zw/uploadedfiles/31/d7/07/31d707ff-c41f-4108-aff4-d1348c39d4dc_thumbnail695.webp"", ""https://www.property.co.zw/uploadedfiles/3a/dc/7a/3adc7ac0-fa10-469d-a02a-ea7ae5791d5d_thumbnail695.webp"", ""https://www.property.co.zw/uploadedfiles/9d/c0/df/9dc0df47-2014-42d6-824e-387b6b50ed2c_thumbnail695.webp"", ""https://www.property.co.zw/uploadedfiles/f8/68/eb/f868eb30-793c-4dad-85d6-3365c237a80d_thumbnail695.webp"", ""https://www.property.co.zw/uploadedfiles/f1/55/63/f15563fc-5971-46ed-b62c-6fc669ee313f_thumbnail695.webp"", ""https://www.property.co.zw/uploadedfiles/0f/6e/fe/0f6efe96-49d5-49b6-a06c-e9121eed8837_thumbnail695.webp"", ""https://www.property.co.zw/uploadedfiles/38/5b/36/385b3601-7e43-4d68-bba9-469df1466fa0_thumbnail695.webp"", ""https://www.property.co.zw/uploadedfiles/fc/bc/9e/fcbc9ee3-0321-4332-89ef-11071a81776e_thumbnail695.webp"", ""https://www.property.co.zw/uploadedfiles/0a/d6/aa/0ad6aad2-3353-4d6e-95de-f6fedf958b11_thumbnail695.webp"", ""https://www.property.co.zw/uploadedfiles/dc/03/9e/dc039edf-e4ce-40f4-9537-20248d9594c3_thumbnail695.webp"", ""https://www.property.co.zw/uploadedfiles/ad/0f/3a/ad0f3a26-20be-4484-b927-2f4d29e3f4b5_thumbnail695.webp"", ""https://www.property.co.zw/uploadedfiles/38/73/73/38737369-e4e5-425f-a61a-beb98c656b94_thumbnail695.webp"", ""https://www.property.co.zw/uploadedfiles/c7/8f/90/c78f904f-9509-4b6d-91db-f879e862c6e1_thumbnail695.webp"", ""https://www.property.co.zw/uploadedfiles/84/66/4f/84664f00-4d50-4642-8473-8d3718479d83_thumbnail695.webp"", ""https://www.property.co.zw/uploadedfiles/d9/ab/cd/d9abcd0e-29e9-4345-904c-b255aca54f6e_thumbnail695.webp"", ""https://www.property.co.zw/uploadedfiles/5f/5a/d4/5f5ad4f6-b725-4fa3-aad8-4bffa3b2147c_thumbnail695.webp"", ""https://www.property.co.zw/uploadedfiles/22/ff/9e/22ff9e71-298a-4f2f-b93d-bee3847cc47f_thumbnail695.webp"", ""https://www.property.co.zw/uploadedfiles/e2/0e/39/e20e397f-e501-4eb0-ae4d-fd546463d69c_thumbnail695.webp"", ""https://www.property.co.zw/uploadedfiles/af/da/6b/afda6bf7-baa5-461d-a6c8-1f95a510526e_thumbnail695.webp"", ""https://www.property.co.zw/uploadedfiles/aa/66/4b/aa664bcd-8aee-471b-9e2f-52c37f6c8b3d_thumbnail695.webp"", ""https://www.property.co.zw/uploadedfiles/0c/ab/7d/0cab7d66-de05-46de-84e7-3cbcf1f26f1b_thumbnail695.webp"", ""https://www.property.co.zw/uploadedfiles/fd/e8/f9/fde8f9e7-0283-43af-a502-14265754b4e0_thumbnail695.webp"", ""https://www.property.co.zw/uploadedfiles/b6/89/1d/b6891d51-97fe-41ac-876a-3a935cacf53f_thumbnail695.webp"", ""https://www.property.co.zw/uploadedfiles/72/54/41/72544135-1998-4010-9fcb-4e971f5f4836_thumbnail695.webp"", ""https://www.property.co.zw/uploadedfiles/3f/0c/ce/3f0cce1a-59d7-43c6-9e79-fe1deed99e2d_thumbnail695.webp"", ""https://www.property.co.zw/uploadedfiles/da/ad/66/daad669e-1f60-4513-8c15-19dfc41959b3_thumbnail695.webp"", ""https://www.property.co.zw/uploadedfiles/96/45/91/9645915e-8103-4ebf-9d1d-101e2cb2afa7_thumbnail695.webp"", ""https://www.property.co.zw/uploadedfiles/17/5a/53/175a5375-023c-4dfc-aaba-44d35fa897a8_thumbnail695.webp"", ""https://www.property.co.zw/uploadedfiles/5d/81/38/5d8138ba-b27d-49e5-ad22-5a11310d94e4_thumbnail695.webp"", ""https://www.property.co.zw/uploadedfiles/65/70/20/6570200f-43ed-43b1-9496-2a9fbb40f3b1_thumbnail695.webp"", ""https://www.property.co.zw/uploadedfiles/57/68/fe/5768fe48-4b65-4634-bf14-99c610af3ead_thumbnail695.webp""]",2026-09-23T16:17:11,False,690000.0,,already USD,False,True,True,False,,False,False,False,False,False,False,False,False,False,False,False,False,False,False,False,False,False,False,False,False,False,False,False,False,0
GAT234487,https://www.property.co.zw/for-sale/houses-gat234487,Quick Sale! Affordable 8-Room House for Sale in Mufakose near Harare - Council Cession,38000.0,USD,Mufakose,Harare High Density,Zimbabwe,"Mufakose, Harare High Density, Harare",6,2.0,110.0,m²,,250,"Discover this spacious 8-roomed home in the heart of Mufakose, ideal for families seeking comfort and convenience. The property features a large lounge, functional",2025-11-19,2026-09-22T12:15:09+02:00,Guest and Tanner Real Estate,17,"[""https://www.property.co.zw/uploadedfiles/4d/78/35/4d78357a-ce9e-4aff-8ca2-bb58bda8b8d9_thumbnail695.webp"", ""https://www.property.co.zw/uploadedfiles/9b/85/40/9b854077-71e2-46b5-ac74-595d0d35fcd3_thumbnail695.webp"", ""https://www.property.co.zw/uploadedfiles/aa/58/4d/aa584dcc-c54e-4318-9166-5bd02584101a_thumbnail695.webp"", ""https://www.property.co.zw/uploadedfiles/40/7f/0d/407f0dee-4717-4a06-8647-8590b76e962e_thumbnail695.webp"", ""https://www.property.co.zw/uploadedfiles/a8/36/b4/a836b42c-f0e9-4dde-81cd-5c26bdbbd8f7_thumbnail695.webp"", ""https://www.property.co.zw/uploadedfiles/e1/19/cd/e119cda2-cab0-4b0c-8e5a-67c3d2e182fe_thumbnail695.webp"", ""https://www.property.co.zw/uploadedfiles/51/b9/2e/51b92e55-e5e4-426c-80a9-6c81187afc2c_thumbnail695.webp"", ""https://www.property.co.zw/uploadedfiles/5b/0c/25/5b0c2565-f13e-4519-8a74-6f9c632ea29e_thumbnail695.webp"", ""https://www.property.co.zw/uploadedfiles/98/70/f6/9870f6e6-a9d6-4b2d-b884-8c9e9ed1e2b6_thumbnail695.webp"", ""https://www.property.co.zw/uploadedfiles/01/d0/b4/01d0b4f1-52b6-40cb-bcc8-4bf8fb2091b8_thumbnail695.webp"", ""https://www.property.co.zw/uploadedfiles/0c/3b/cb/0c3bcbf0-ee23-4e4a-9741-59b8d9905e42_thumbnail695.webp"", ""https://www.property.co.zw/uploadedfiles/35/44/9b/35449b0d-c196-4316-95bf-5f1217fc5614_thumbnail695.webp"", ""https://www.property.co.zw/uploadedfiles/ef/7c/e8/ef7ce8b3-dd05-4b02-9f38-4c1a089302c9_thumbnail695.webp"", ""https://www.property.co.zw/uploadedfiles/9d/d9/5f/9dd95fb9-e034-4144-a9f2-a4ef8ec1e6b7_thumbnail695.webp"", ""https://www.property.co.zw/uploadedfiles/41/0b/78/410b78fc-ef16-4526-8663-1ca03343196b_thumbnail695.webp"", ""https://www.property.co.zw/uploadedfiles/3a/fc/f3/3afcf38d-4084-4de7-a74d-e048b6f0f5f9_thumbnail695.webp"", ""https://www.property.co.zw/uploadedfiles/05/b4/b9/05b4b91b-6dda-4c28-b417-3049eb4e7a9f_thumbnail695.webp""]",2026-09-23T16:17:16,False,38000.0,,already USD,False,False,False,True,,False,False,False,False,False,False,False,False,False,False,False,False,False,False,False,False,False,False,False,False,False,False,False,False,0
SEF222518,https://www.property.co.zw/for-sale/houses-sef222518,"Spacious  Incomplete 5-Bedroom House with Borehole in Rydale Ridge Park, Harare",68000.0,USD,Rydale Ridge Park,Harare West,Zimbabwe,"Rydale Ridge Park, Harare West, Harare",3,2.0,785.0,m²,2000.0,m²,"A home to finish to your own taste in Rydale Ridge Park, Harare West! This incomplete 5-bedroom house has a lot of extras. The property comes with a 3 bedroomed",2025-06-15,2026-07-13T11:54:34+02:00,Seeff Zimbabwe,20,"[""https://www.property.co.zw/uploadedfiles/2e/39/e7/2e39e721-33a2-4303-aa1f-315d088f8ebb_thumbnail695.webp"", ""https://www.property.co.zw/uploadedfiles/a0/c7/19/a0c7191d-60bb-430b-bc9b-d50c0edb7836_thumbnail695.webp"", ""https://www.property.co.zw/uploadedfiles/1f/54/4d/1f544d2a-8b12-4621-9624-2dc3d7ddb91c_thumbnail695.webp"", ""https://www.property.co.zw/uploadedfiles/aa/cd/8d/aacd8de1-fb17-43fc-9a98-1273b84f8884_thumbnail695.webp"", ""https://www.property.co.zw/uploadedfiles/24/fc/6d/24fc6dcb-cc37-4a5c-bfe0-6714a89bd02c_thumbnail695.webp"", ""https://www.property.co.zw/uploadedfiles/63/bf/66/63bf66bb-f890-4ca8-bd2f-a718c80cec9f_thumbnail695.webp"", ""https://www.property.co.zw/uploadedfiles/30/0e/9f/300e9f80-b27a-4817-a5eb-5d2edbd91eec_thumbnail695.webp"", ""https://www.property.co.zw/uploadedfiles/3a/2e/65/3a2e6532-8dff-4630-9e15-f55c02218aba_thumbnail695.webp"", ""https://www.property.co.zw/uploadedfiles/9c/78/d1/9c78d15b-2fe0-4e40-aa49-29b635edabd9_thumbnail695.webp"", ""https://www.property.co.zw/uploadedfiles/46/25/66/4625666d-b2f0-4a1c-9439-19f18acf3df4_thumbnail695.webp"", ""https://www.property.co.zw/uploadedfiles/79/4e/ef/794eef9a-4034-4e81-b5ea-a6cf5c95a656_thumbnail695.webp"", ""https://www.property.co.zw/uploadedfiles/24/b3/02/24b3029d-ae6a-4dea-91f3-f4a4f3defb58_thumbnail695.webp"", ""https://www.property.co.zw/uploadedfiles/ce/06/d7/ce06d786-a399-4ac0-ba84-700b7c6f91cc_thumbnail695.webp"", ""https://www.property.co.zw/uploadedfiles/b5/49/43/b5494339-ec3e-41f3-9915-e56bc8016b58_thumbnail695.webp"", ""https://www.property.co.zw/uploadedfiles/b2/fc/fa/b2fcfa07-3e45-438b-aa93-e9d525dabb13_thumbnail695.webp"", ""https://www.property.co.zw/uploadedfiles/da/5b/52/da5b52c9-6470-4d14-bd44-2fed06dcf932_thumbnail695.webp"", ""https://www.property.co.zw/uploadedfiles/b9/db/f3/b9dbf347-8543-43a3-9270-a40e7c5e40a0_thumbnail695.webp"", ""https://www.property.co.zw/uploadedfiles/11/6f/96/116f9697-f643-4160-b7a5-88f08c7e6ed3_thumbnail695.webp"", ""https://www.property.co.zw/uploadedfiles/83/a8/d2/83a8d278-8f5e-472e-9252-b95ed5726a49_thumbnail695.webp"", ""https://www.property.co.zw/uploadedfiles/f4/5d/39/f45d390c-59bd-456d-bee7-526671a954c2_thumbnail695.webp""]",2026-09-23T16:17:20,False,68000.0,,already USD,False,False,True,True,,True,False,False,False,False,False,False,False,False,False,False,False,False,False,False,False,False,False,False,False,False,False,False,False,2
TWP253607,https://www.property.co.zw/for-sale/houses-twp253607,Magnificent 5-Bedroom Executive Family Home,375000.0,USD,Goodhope,Harare West,Zimbabwe,"Goodhope, Harare West, Harare",5,5.0,1000.0,m²,2580.0,m²,"Discover luxury, space, and ultimate privacy in the highly sought after surburb of Goodhope with this exceptional single-storey executive family residence.",2026-08-19,2026-09-16T12:46:44+02:00,Twincent Properties,10,"[""https://www.property.co.zw/uploadedfiles/3d/97/c2/3d97c23b-9deb-448c-8d34-ac43b032866b_thumbnail695.webp"", ""https://www.property.co.zw/uploadedfiles/80/cd/7d/80cd7ddc-78cd-458b-8f44-f366ddbbd7d0_thumbnail695.webp"", ""https://www.property.co.zw/uploadedfiles/ea/23/9a/ea239ada-639e-427c-a308-fc3fd7451bac_thumbnail695.webp"", ""https://www.property.co.zw/uploadedfiles/6c/08/95/6c08951c-78bd-46eb-a0c3-41c03f393e38_thumbnail695.webp"", ""https://www.property.co.zw/uploadedfiles/3b/59/ff/3b59ff58-1d41-44a4-88fe-6bea3769db45_thumbnail695.webp"", ""https://www.property.co.zw/uploadedfiles/35/60/a6/3560a633-5de7-4c9a-9556-cca48f777ca7_thumbnail695.webp"", ""https://www.property.co.zw/uploadedfiles/df/b1/27/dfb1273f-3558-4b6d-8be8-9198055441ef_thumbnail695.webp"", ""https://www.property.co.zw/uploadedfiles/2f/39/d5/2f39d556-d754-4300-90cc-add272df10d9_thumbnail695.webp"", ""https://www.property.co.zw/uploadedfiles/f2/5e/c2/f25ec257-66f3-45f2-8ca7-46aed4d43dc1_thumbnail695.webp"", ""https://www.property.co.zw/uploadedfiles/e1/f9/8f/e1f98ff8-f590-401b-97e9-3e42d4bb98da_thumbnail695.webp""]",2026-09-23T16:17:24,False,375000.0,,already USD,False,False,True,True,"statistical price outlier within its suburb (log-price, 1.5xIQR rule) -- inspect manually, do not assume error",False,False,False,False,False,False,False,False,False,False,False,False,False,False,False,False,False,False,False,False,False,False,False,False,0
RWS210803,https://www.property.co.zw/for-sale/houses-rws210803,Needs only your finishing touches,300000.0,USD,Fairview,Harare West,Zimbabwe,"Fairview, Harare West, Harare",7,7.0,700.0,m²,1226.0,m²,"
New Listing: Westgate Fairview Incomplete Double Storey
- 7 bedrooms:
    - Downstairs: 4 beds (2 ensuites), 2 separate bathrooms, lounge, dining, kitchen with",2025-01-15,2026-03-29T07:59:14+02:00,Rawson Properties Harare,11,"[""https://www.property.co.zw/uploadedfiles/79/60/53/796053d3-70fb-4bf7-85bb-4615d5a4afc4_thumbnail695.webp"", ""https://www.property.co.zw/uploadedfiles/31/f8/8c/31f88c0b-9a40-4b7f-a3f7-8d08d5a89471_thumbnail695.webp"", ""https://www.property.co.zw/uploadedfiles/ab/ea/81/abea8172-fa26-4121-9eca-bcf78134c718_thumbnail695.webp"", ""https://www.property.co.zw/uploadedfiles/ad/b7/c3/adb7c36c-9933-42f2-89b7-487752176489_thumbnail695.webp"", ""https://www.property.co.zw/uploadedfiles/a0/51/ea/a051ea5f-59ef-442b-b9ce-44a5d6627839_thumbnail695.webp"", ""https://www.property.co.zw/uploadedfiles/54/18/c1/5418c1ae-48f7-41a3-afb2-121c025e0266_thumbnail695.webp"", ""https://www.property.co.zw/uploadedfiles/fd/66/2e/fd662e4f-471e-4326-aeaf-6cd32a0d5c5a_thumbnail695.webp"", ""https://www.property.co.zw/uploadedfiles/c8/2c/31/c82c3172-eab4-48f8-931e-27408fc4a44f_thumbnail695.webp"", ""https://www.property.co.zw/uploadedfiles/96/cf/06/96cf0696-ab53-4694-8b29-d0f9c77b750e_thumbnail695.webp"", ""https://www.property.co.zw/uploadedfiles/09/da/6b/09da6b54-4ead-451d-b211-4f4c05c47489_thumbnail695.webp"", ""https://www.property.co.zw/uploadedfiles/1d/39/20/1d3920d5-36cb-4a4a-9ec9-479914c2426f_thumbnail695.webp""]",2026-09-23T16:17:29,False,300000.0,,already USD,False,False,True,True,,False,False,False,False,False,False,False,False,False,False,False,False,False,False,False,False,False,False,False,False,False,False,False,False,1
TEH252209,https://www.property.co.zw/for-sale/houses-teh252209,Captivating Mount Pleasant Heights property in a prime location:Deeds,350000.0,USD,Mount Pleasant Heights,Harare North,Zimbabwe,"Mount Pleasant Heights, Harare North, Harare",4,2.0,250.0,m²,1200.0,m²,"Nestled in the serene and prestigious suburb of Mt Pleasant Heights, this beautiful single-storey home offers comfort, space, and excellent investment value.

",2026-07-25,2026-07-25T11:00:47+02:00,Tanvel Real Estate Harare North,7,"[""https://www.property.co.zw/uploadedfiles/89/e0/82/89e082ab-c136-4615-ab84-214c972fa596_thumbnail695.webp"", ""https://www.property.co.zw/uploadedfiles/b3/2d/3c/b32d3cf9-0da3-4538-9faa-90368dfd6ee7_thumbnail695.webp"", ""https://www.property.co.zw/uploadedfiles/c3/64/e6/c364e6c7-575f-4495-bd0f-7478500184f0_thumbnail695.webp"", ""https://www.property.co.zw/uploadedfiles/12/a6/c9/12a6c915-8c4b-4314-a43b-1c6bc2db7c72_thumbnail695.webp"", ""https://www.property.co.zw/uploadedfiles/df/45/f4/df45f427-caa1-467a-8dbf-c686950c9727_thumbnail695.webp"", ""https://www.property.co.zw/uploadedfiles/78/e4/77/78e4777b-7a91-4712-9267-ef8414f36a63_thumbnail695.webp"", ""https://www.property.co.zw/uploadedfiles/03/8d/6b/038d6b4d-ae0a-41e0-b164-29d3d11fe7c5_thumbnail695.webp""]",2026-09-23T16:17:33,False,350000.0,,already USD,False,False,True,True,,False,False,False,False,False,False,False,False,False,False,False,False,False,False,False,False,False,False,False,False,False,False,False,False,0
TPR254651,https://www.property.co.zw/for-sale/houses-tpr254651,Aspindale Park 4-Bed: Bright Tiled Lounge & Fitted Kitchen,88000.0,USD,Aspindale Park,Harare West,Zimbabwe,"Aspindale Park, Harare West, Harare",4,2.0,130.0,m²,200.0,m²,"Solid family home in Aspindale Park, Harare West — 4 bedrooms, 2 bathrooms (main en suite) on a secure 200 m² stand with 130 m² under roof. The bright",2026-09-04,2026-09-04T14:41:50+02:00,Trumpet Properties,7,"[""https://www.property.co.zw/uploadedfiles/5e/f8/c8/5ef8c8d6-2bfe-4c13-840d-028640524cc8_thumbnail695.webp"", ""https://www.property.co.zw/uploadedfiles/53/9f/75/539f75f1-e609-480c-8166-45fa7a577f16_thumbnail695.webp"", ""https://www.property.co.zw/uploadedfiles/fe/bb/d9/febbd9f8-13aa-4807-acb4-4d4c09708a95_thumbnail695.webp"", ""https://www.property.co.zw/uploadedfiles/e9/21/b7/e921b7d0-8071-4892-9de5-262e30675491_thumbnail695.webp"", ""https://www.property.co.zw/uploadedfiles/f3/c5/7e/f3c57e1b-41df-454a-bf6a-434d5d2b4da3_thumbnail695.webp"", ""https://www.property.co.zw/uploadedfiles/c5/7e/75/c57e7541-29f1-4208-828a-2c6e5464b805_thumbnail695.webp"", ""https://www.property.co.zw/uploadedfiles/02/b0/1b/02b01bcf-4467-4a2a-946a-2497be262319_thumbnail695.webp""]",2026-09-23T16:17:37,False,88000.0,,already USD,False,False,True,True,,False,False,False,False,False,False,False,False,False,False,False,False,False,False,False,False,False,False,False,True,False,False,False,False,0
MCT253391,https://www.property.co.zw/for-sale/houses-mct253391,Great value for money!,450000.0,USD,Alexandra Park,Harare North,Zimbabwe,"Alexandra Park, Harare North, Harare",3,1.0,150.0,m²,,2848,"Lounge and separate dining room, 3 bedrooms, study, 2 bathrooms (main en suite), separate toilet, fitted kitchen & walk-in pantry, laundry, covered veranda,",2026-08-17,2026-09-10T09:43:02+02:00,Merctrust,20,"[""https://www.property.co.zw/uploadedfiles/da/7e/be/da7ebea9-7323-4764-8e78-b064e1501d82_thumbnail695.webp"", ""https://www.property.co.zw/uploadedfiles/8c/37/d8/8c37d81e-8618-4224-969a-e6b1bc868bc9_thumbnail695.webp"", ""https://www.property.co.zw/uploadedfiles/77/b9/be/77b9be71-faba-459c-a74c-3f12425dc498_thumbnail695.webp"", ""https://www.property.co.zw/uploadedfiles/3a/7f/d5/3a7fd56b-ba33-4d99-a1a9-3be1accd9ba8_thumbnail695.webp"", ""https://www.property.co.zw/uploadedfiles/1b/b2/91/1bb2910b-50f6-4b72-86a9-7017bfa2dea5_thumbnail695.webp"", ""https://www.property.co.zw/uploadedfiles/e6/bb/82/e6bb8236-051b-4eb5-a29c-05429c057f7c_thumbnail695.webp"", ""https://www.property.co.zw/uploadedfiles/23/23/7c/23237c39-a549-4fad-a9fe-6d820699aa2d_thumbnail695.webp"", ""https://www.property.co.zw/uploadedfiles/77/c4/d3/77c4d332-d58e-4b7a-b8c1-cdd64d193d54_thumbnail695.webp"", ""https://www.property.co.zw/uploadedfiles/42/bf/16/42bf16e7-ebdf-4491-ae88-01e112b9cbc6_thumbnail695.webp"", ""https://www.property.co.zw/uploadedfiles/8b/e1/6b/8be16b38-d44f-4e6c-ae1e-40a9cbe91fad_thumbnail695.webp"", ""https://www.property.co.zw/uploadedfiles/9e/9a/6d/9e9a6d2b-62d9-4cb0-ab53-2f8a801adca1_thumbnail695.webp"", ""https://www.property.co.zw/uploadedfiles/54/cd/6a/54cd6a74-d0ef-49c7-99d6-c9c9565e6611_thumbnail695.webp"", ""https://www.property.co.zw/uploadedfiles/df/1c/31/df1c31e7-535f-47b2-8969-3f99858cb2f5_thumbnail695.webp"", ""https://www.property.co.zw/uploadedfiles/2f/9a/6b/2f9a6b66-494f-4ee2-a6cc-da089fb80b0d_thumbnail695.webp"", ""https://www.property.co.zw/uploadedfiles/ea/83/85/ea8385c8-17a2-45b0-ab7c-55b9268e2c66_thumbnail695.webp"", ""https://www.property.co.zw/uploadedfiles/85/04/5c/85045ca5-16a4-4029-898b-3a51e899654c_thumbnail695.webp"", ""https://www.property.co.zw/uploadedfiles/9d/26/fb/9d26fb4e-29c1-4162-911f-c7b11fd19b85_thumbnail695.webp"", ""https://www.property.co.zw/uploadedfiles/7f/36/70/7f36709a-3109-4ee8-9f5c-d450d878bba6_thumbnail695.webp"", ""https://www.property.co.zw/uploadedfiles/f4/5d/e0/f45de086-c98c-4b6b-aa8b-84e06b27fc19_thumbnail695.webp"", ""https://www.property.co.zw/uploadedfiles/ea/d8/85/ead8859f-e46d-46c2-bf5c-6063fb5005f5_thumbnail695.webp""]",2026-09-23T16:17:42,False,450000.0,,already USD,False,False,False,True,,False,False,False,False,False,False,False,False,False,False,True,False,False,False,False,False,False,False,False,True,False,False,False,False,0
SMY253477,https://www.property.co.zw/for-sale/houses-smy253477,Spacious 3-Bed Home on 1800m² with Borehole — Mabelreign,250000.0,USD,Mabelreign,Harare West,Zimbabwe,"Mabelreign, Harare West, Harare",3,2.0,900.0,m²,1800.0,m²,"MABELREIGN HOUSE FOR SALE

Perfect for investment.

- Stand Size - 1800sqm+
- ?Behind Alfred Belt School


Main house - 3 beds No ensuite:
   *. Dining",2026-08-18,2026-08-27T15:42:19+02:00,Sermony Properties,4,"[""https://www.property.co.zw/uploadedfiles/4e/4c/94/4e4c9462-3aaf-4684-bcd9-0c33c8d3ac8f_thumbnail695.webp"", ""https://www.property.co.zw/uploadedfiles/ac/d9/e5/acd9e5e9-551c-4696-8429-4a9900fb6936_thumbnail695.webp"", ""https://www.property.co.zw/uploadedfiles/c2/32/a6/c232a6c3-faf0-4953-b49e-f43f4ec38e35_thumbnail695.webp"", ""https://www.property.co.zw/uploadedfiles/c8/f6/e3/c8f6e3dd-6731-409d-9ec2-89462d6b4356_thumbnail695.webp""]",2026-09-23T16:17:46,False,250000.0,,already USD,False,False,True,True,,False,False,False,False,False,False,False,False,False,False,False,False,False,False,False,False,False,False,False,True,False,False,False,False,0
PGP242011,https://www.property.co.zw/for-sale/houses-pgp242011,A strategic address. A high-impact location,685000.0,USD,Chisipite,Harare North,Zimbabwe,"Chisipite, Harare North, Harare",4,2.0,600.0,m²,4000.0,m²,"Positioned in one of Harare’s most sought-after commercial corridors, this exceptional 4,000sqm property commands premium frontage along ED Mnangagwa (formerly",2026-03-05,2026-08-26T11:18:43+02:00,Pam Golding Properties,9,"[""https://www.property.co.zw/uploadedfiles/01/09/57/0109578b-0aad-4257-9c09-001a932366f0_thumbnail695.webp"", ""https://www.property.co.zw/uploadedfiles/01/7d/34/017d3447-d9d7-48ae-8e4e-855bcc0f44b1_thumbnail695.webp"", ""https://www.property.co.zw/uploadedfiles/9a/93/ab/9a93abf1-fad4-4e6b-8a3a-f8921ff994b7_thumbnail695.webp"", ""https://www.property.co.zw/uploadedfiles/a2/4c/ec/a24cec90-550d-44f3-9dcf-f7a9bda12d64_thumbnail695.webp"", ""https://www.property.co.zw/uploadedfiles/2d/9f/c7/2d9fc7ab-988d-4f22-827e-2c3180355388_thumbnail695.webp"", ""https://www.property.co.zw/uploadedfiles/94/36/83/9436832d-4741-4328-b812-cf33ba9a0fa2_thumbnail695.webp"", ""https://www.property.co.zw/uploadedfiles/30/0a/33/300a3313-0078-4f48-a297-5229ace9c246_thumbnail695.webp"", ""https://www.property.co.zw/uploadedfiles/db/e7/4d/dbe74d26-81b9-4d8c-b816-45cd3a0a62fb_thumbnail695.webp"", ""https://www.property.co.zw/uploadedfiles/8f/cc/41/8fcc410b-f47d-4fea-9bd7-a741b2f21fec_thumbnail695.webp""]",2026-09-23T16:17:51,False,685000.0,,already USD,False,False,True,True,,False,False,False,False,False,False,False,False,False,False,False,False,False,False,False,False,False,False,False,False,False,False,False,False,0
SEF254898,https://www.property.co.zw/for-sale/houses-sef254898,7-Roomed Family Home For Sale – Sunningdale,75000.0,USD,Sunningdale,Harare High Density,Zimbabwe,"Sunningdale, Harare High Density, Harare",4,2.0,100.0,m²,416.0,m²,"?? Sunningdale, Harare | ?? Great Value Investment

A solid, fully developed 7-roomed family residence offering maximum space, full municipal utility",2026-09-09,2026-09-09T14:48:52+02:00,Seeff Zimbabwe,6,"[""https://www.property.co.zw/uploadedfiles/65/1e/75/651e7580-da5b-4e1d-87fb-1af0bf253704_thumbnail695.webp"", ""https://www.property.co.zw/uploadedfiles/38/8b/3d/388b3ded-d64f-4671-87f7-a650e7c43e97_thumbnail695.webp"", ""https://www.property.co.zw/uploadedfiles/54/2e/1b/542e1bac-43e1-4480-b7b6-139cd297d4c6_thumbnail695.webp"", ""https://www.property.co.zw/uploadedfiles/a5/09/4d/a5094de0-d70c-489d-a49d-c7838d21b5f1_thumbnail695.webp"", ""https://www.property.co.zw/uploadedfiles/eb/91/44/eb91442c-cdba-40b7-9301-4c9e60fdae00_thumbnail695.webp"", ""https://www.property.co.zw/uploadedfiles/ca/74/fd/ca74fdc9-1f28-418e-bea7-0266a56f732a_thumbnail695.webp""]",2026-09-23T16:17:55,False,75000.0,,already USD,False,False,True,True,,False,False,False,False,False,False,False,False,False,False,False,False,False,False,False,False,False,False,False,False,False,False,False,False,0
P16255196,https://www.property.co.zw/for-sale/houses-p16255196,Incomplete Double Storey,300000.0,USD,Rydale Ridge,Harare High Density,Zimbabwe,"Rydale Ridge, Harare High Density, Harare",7,4.0,642.0,m²,6802.0,m²,"Property enjoys beautiful scenery , a calm and peaceful environment. It comprises of 7 Bedrooms, 3 ensuites, 2 big lounges, big dining room, big kitchen, scullery",2026-09-15,2026-09-15T18:55:47+02:00,Test42,10,"[""https://www.property.co.zw/uploadedfiles/3e/21/e2/3e21e2d7-92d4-455d-850c-ab08ff5bad71_thumbnail695.webp"", ""https://www.property.co.zw/uploadedfiles/82/56/01/82560151-aa48-4e27-b995-f3f414ad88ce_thumbnail695.webp"", ""https://www.property.co.zw/uploadedfiles/ed/06/6a/ed066aeb-2b2f-43e0-81cc-9cae9da446d5_thumbnail695.webp"", ""https://www.property.co.zw/uploadedfiles/cf/57/0a/cf570aa5-4f3c-44d5-af0a-7e7ea9368b4f_thumbnail695.webp"", ""https://www.property.co.zw/uploadedfiles/61/3a/2a/613a2a2a-3e43-4e67-8e44-2a11283625ec_thumbnail695.webp"", ""https://www.property.co.zw/uploadedfiles/24/f1/d4/24f1d462-dd2f-44d6-998b-493b536d382e_thumbnail695.webp"", ""https://www.property.co.zw/uploadedfiles/49/f6/e8/49f6e830-4d61-4115-938b-367807a72465_thumbnail695.webp"", ""https://www.property.co.zw/uploadedfiles/86/fb/5e/86fb5ee3-ea83-4f1a-a1f4-0a52de25fe45_thumbnail695.webp"", ""https://www.property.co.zw/uploadedfiles/bc/ba/f7/bcbaf735-fe1f-4249-9536-203ab0b3a33b_thumbnail695.webp"", ""https://www.property.co.zw/uploadedfiles/36/ae/09/36ae0968-55bc-4453-8734-6760c463b85a_thumbnail695.webp""]",2026-09-23T16:18:00,False,300000.0,,already USD,False,False,True,True,,False,False,False,False,False,False,False,False,False,False,False,False,False,False,False,False,False,False,False,False,False,False,False,False,0
FAC251844,https://www.property.co.zw/for-sale/houses-fac251844,"Modern Family Living in Pomona, Harare North",300000.0,USD,Pomona,Harare North,Zimbabwe,"Pomona, Harare North, Harare",4,3.0,1800.0,m²,1800.0,m²,"A beautifully appointed single-level sanctuary set on a lush, flat 1,800 m² stand in one of Harare North’s most desirable suburbs. Framed by manicured lawns and",2026-07-20,2026-07-20T23:32:43+02:00,Fine and Country (Bulawayo),13,"[""https://www.property.co.zw/uploadedfiles/64/8a/1a/648a1ae0-744e-40d9-9f65-4e21394a00f5_thumbnail695.webp"", ""https://www.property.co.zw/uploadedfiles/b5/5b/63/b55b63ee-ccb1-4952-ae7c-b827e0255f5b_thumbnail695.webp"", ""https://www.property.co.zw/uploadedfiles/3b/dc/6d/3bdc6d9b-3d7d-481e-b9c3-34758a1642ee_thumbnail695.webp"", ""https://www.property.co.zw/uploadedfiles/ee/22/58/ee225826-0ee0-418c-bfbf-5068ed066cb4_thumbnail695.webp"", ""https://www.property.co.zw/uploadedfiles/68/cc/7b/68cc7b6a-fc9d-442e-ac02-3e162b4f6325_thumbnail695.webp"", ""https://www.property.co.zw/uploadedfiles/a6/5c/c0/a65cc046-43ec-4a3f-a122-be17bc0439f1_thumbnail695.webp"", ""https://www.property.co.zw/uploadedfiles/0a/9c/23/0a9c2332-5925-4726-99e3-eaa127a53a71_thumbnail695.webp"", ""https://www.property.co.zw/uploadedfiles/52/54/7e/52547e37-deeb-4d71-b8d9-daaacf40005a_thumbnail695.webp"", ""https://www.property.co.zw/uploadedfiles/06/3a/96/063a96d2-b0e6-4ef5-8d61-50380a55e547_thumbnail695.webp"", ""https://www.property.co.zw/uploadedfiles/ee/7e/54/ee7e5474-8a8f-43ff-ad5b-3e3824df7fd9_thumbnail695.webp"", ""https://www.property.co.zw/uploadedfiles/91/0c/59/910c5984-f963-4871-823b-390cc023c166_thumbnail695.webp"", ""https://www.property.co.zw/uploadedfiles/43/44/fd/4344fde7-ffe6-4d94-809e-498b3992fe80_thumbnail695.webp"", ""https://www.property.co.zw/uploadedfiles/53/50/02/53500261-913b-47ce-a845-76aa268a62ae_thumbnail695.webp""]",2026-09-23T16:18:04,False,300000.0,,already USD,False,False,True,True,,False,False,False,False,False,False,False,False,False,False,False,False,False,False,False,False,False,False,False,False,False,False,False,False,0
JSPP229294,https://www.property.co.zw/for-sale/houses-jspp229294,"**Stunning 5-Bedroom Home in Quinnington, Harare North!**",350000.0,USD,Quinnington,Harare North,Zimbabwe,"Quinnington, Harare North, Harare",5,2.0,300.0,m²,1200.0,m²,"**Stunning 5-Bedroom House for Sale in Quinnington, Harare North**

Discover your dream home in the prestigious suburb of Quinnington, Harare North! This",2025-09-12,2026-08-24T11:14:43+02:00,Just Property,18,"[""https://www.property.co.zw/uploadedfiles/1c/d0/46/1cd046c5-426f-42ba-9614-ac59106815cd_thumbnail695.webp"", ""https://www.property.co.zw/uploadedfiles/43/dd/ce/43ddce9d-13a6-4dae-89b7-e511786885c5_thumbnail695.webp"", ""https://www.property.co.zw/uploadedfiles/bd/7f/63/bd7f63a5-d438-4175-ad97-0eb2d4d84ab3_thumbnail695.webp"", ""https://www.property.co.zw/uploadedfiles/b7/2d/5f/b72d5f69-6373-4f6d-b82c-f682c194e011_thumbnail695.webp"", ""https://www.property.co.zw/uploadedfiles/d8/4b/3d/d84b3dd6-20f3-4d46-bd8d-91837a0da192_thumbnail695.webp"", ""https://www.property.co.zw/uploadedfiles/36/78/7d/36787ddc-f307-4535-9bb9-a54e373472f1_thumbnail695.webp"", ""https://www.property.co.zw/uploadedfiles/16/ac/a3/16aca313-0904-4a12-9d15-99208fae8363_thumbnail695.webp"", ""https://www.property.co.zw/uploadedfiles/3e/61/ad/3e61ade3-5c32-4193-b8d4-445c06c9b820_thumbnail695.webp"", ""https://www.property.co.zw/uploadedfiles/93/9c/96/939c962d-90ea-4dc0-963f-6e0a17b30406_thumbnail695.webp"", ""https://www.property.co.zw/uploadedfiles/34/cc/54/34cc547d-9038-4188-889e-9a5fe9e3c18b_thumbnail695.webp"", ""https://www.property.co.zw/uploadedfiles/4d/b6/e7/4db6e71e-a758-4b2e-9e06-0020c9ab69e2_thumbnail695.webp"", ""https://www.property.co.zw/uploadedfiles/df/27/c6/df27c629-d50f-4589-ad0a-1d6a3cb9cb03_thumbnail695.webp"", ""https://www.property.co.zw/uploadedfiles/4e/d1/a2/4ed1a223-318f-4f03-a6bc-8fd166eff8f3_thumbnail695.webp"", ""https://www.property.co.zw/uploadedfiles/f2/2b/2b/f22b2b01-558d-4394-9044-f650d61baf14_thumbnail695.webp"", ""https://www.property.co.zw/uploadedfiles/ac/a4/55/aca455cc-6f06-465d-97e7-92247be94cb2_thumbnail695.webp"", ""https://www.property.co.zw/uploadedfiles/d7/b2/ef/d7b2efe7-5751-4c56-88b3-8585a344e838_thumbnail695.webp"", ""https://www.property.co.zw/uploadedfiles/3e/ea/f3/3eeaf38e-d958-42ad-9d43-02537cd105d3_thumbnail695.webp"", ""https://www.property.co.zw/uploadedfiles/fa/b9/05/fab905df-f579-40ec-a8e8-2ff1db11f6ef_thumbnail695.webp""]",2026-09-23T16:18:09,False,350000.0,,already USD,False,False,True,True,,False,False,False,False,False,False,False,False,False,False,False,False,False,False,False,False,False,False,False,False,False,False,False,False,0
RWS250823,https://www.property.co.zw/for-sale/houses-rws250823,Finish it to your own taste ,48000.0,USD,Erasmus Park,Ruwa,Zimbabwe,"Erasmus Park, Ruwa, Mashonaland East",4,2.0,250.0,m²,488.0,m²,"Erasmus Park Incomplete House Forsale 

$48 000 | 488sqm | Developer Cession 

Available is a 4 bedroom house on slab level.  Borehole and 5000ltr water tank.",2026-07-07,2026-07-07T10:58:34+02:00,Rawson Properties Harare,10,"[""https://www.property.co.zw/uploadedfiles/20/4d/13/204d13d2-d679-49fd-aced-6f4045398401_thumbnail695.webp"", ""https://www.property.co.zw/uploadedfiles/72/c2/a5/72c2a5f5-8ba3-4f67-b417-aa34db3443c4_thumbnail695.webp"", ""https://www.property.co.zw/uploadedfiles/56/07/29/5607292d-07c8-4136-8be7-e60ddabe6f08_thumbnail695.webp"", ""https://www.property.co.zw/uploadedfiles/5c/93/c2/5c93c237-e1bc-48b4-81e4-7cf08a0fbd2f_thumbnail695.webp"", ""https://www.property.co.zw/uploadedfiles/62/3f/e8/623fe8ec-cc58-4cfd-a8c3-4a52b827aeea_thumbnail695.webp"", ""https://www.property.co.zw/uploadedfiles/da/bb/a8/dabba80e-8606-42ba-8835-110ba5f8e505_thumbnail695.webp"", ""https://www.property.co.zw/uploadedfiles/30/19/20/30192086-1d8a-499a-b2e1-a6da057c853d_thumbnail695.webp"", ""https://www.property.co.zw/uploadedfiles/ef/63/b6/ef63b656-db8f-4ebf-b3a7-8426851c1172_thumbnail695.webp"", ""https://www.property.co.zw/uploadedfiles/ae/72/bb/ae72bb98-fcd1-4b9c-8d4a-7af5ca4b78d7_thumbnail695.webp"", ""https://www.property.co.zw/uploadedfiles/bb/a6/36/bba636b4-f105-48d7-b0e0-553fd35fca6e_thumbnail695.webp""]",2026-09-23T16:18:13,False,48000.0,,already USD,False,False,True,True,,False,False,False,False,False,False,False,False,False,False,False,False,False,False,True,True,False,False,False,False,False,False,False,True,1
CRO252075,https://www.property.co.zw/for-sale/houses-cro252075,House For Sale,220000.0,USD,Arlington,Harare South,Zimbabwe,"Arlington, Harare South, Harare",6,3.0,,,2030.0,m²,"House for Sale — ArlingtonEstate. 
Set on a generous 2,030 m² stand, this property is a developer’s and growing family’s dream: an impressive double-storey shell",2026-07-23,2026-09-16T15:38:54+02:00,Crowne Properties,20,"[""https://www.property.co.zw/uploadedfiles/90/b3/a4/90b3a4cc-7e0d-44f8-8629-4b0ba8d3e949_thumbnail695.webp"", ""https://www.property.co.zw/uploadedfiles/cf/14/20/cf14207d-9010-4416-84e7-bf3207d82d6f_thumbnail695.webp"", ""https://www.property.co.zw/uploadedfiles/43/88/0e/43880e9d-e1c6-40b2-8eca-b55997587cee_thumbnail695.webp"", ""https://www.property.co.zw/uploadedfiles/a0/ef/05/a0ef057c-f94c-491e-8757-14f14731a147_thumbnail695.webp"", ""https://www.property.co.zw/uploadedfiles/e9/6b/cd/e96bcd29-cb13-4ffc-9947-3bddda817e19_thumbnail695.webp"", ""https://www.property.co.zw/uploadedfiles/13/f7/08/13f708d6-9dc5-4598-a4ad-b83e9bb9b23a_thumbnail695.webp"", ""https://www.property.co.zw/uploadedfiles/8c/4c/41/8c4c41d2-60ad-4aef-aa5f-0b823cf6c264_thumbnail695.webp"", ""https://www.property.co.zw/uploadedfiles/fc/b7/94/fcb79430-16a1-41d4-a4ee-e56dfbba8126_thumbnail695.webp"", ""https://www.property.co.zw/uploadedfiles/7e/e2/d6/7ee2d6db-ab36-4f85-822b-fcdf2e7e4730_thumbnail695.webp"", ""https://www.property.co.zw/uploadedfiles/d0/c2/2a/d0c22add-6291-4a9f-ad76-a6c33a0a4434_thumbnail695.webp"", ""https://www.property.co.zw/uploadedfiles/81/39/5b/81395b18-ca38-4cc2-9b98-cf3e7342d448_thumbnail695.webp"", ""https://www.property.co.zw/uploadedfiles/89/af/89/89af896a-4d4a-419d-b3b7-4926c938d0db_thumbnail695.webp"", ""https://www.property.co.zw/uploadedfiles/02/e1/40/02e140b2-23a8-4a7f-8e4e-b398d233c8be_thumbnail695.webp"", ""https://www.property.co.zw/uploadedfiles/d8/dc/6e/d8dc6e73-97f0-4bc9-9056-a9441a69192b_thumbnail695.webp"", ""https://www.property.co.zw/uploadedfiles/0c/e1/06/0ce1069a-2793-4c1b-9435-3ccc9311e8f4_thumbnail695.webp"", ""https://www.property.co.zw/uploadedfiles/b0/87/c4/b087c4eb-04bc-44a4-93f4-af9721381124_thumbnail695.webp"", ""https://www.property.co.zw/uploadedfiles/ed/ab/d6/edabd628-7da1-4779-895a-166800ff02bd_thumbnail695.webp"", ""https://www.property.co.zw/uploadedfiles/5b/d9/ae/5bd9ae4c-1505-4b55-88ac-a70023b4ebb3_thumbnail695.webp"", ""https://www.property.co.zw/uploadedfiles/cd/b9/6d/cdb96d6a-7de9-4b76-aef8-348c5a035275_thumbnail695.webp"", ""https://www.property.co.zw/uploadedfiles/78/f2/7a/78f27aa8-874e-41b4-a95f-e84d1255f656_thumbnail695.webp""]",2026-09-23T16:18:18,False,220000.0,,already USD,False,False,True,False,,False,False,False,False,False,False,False,False,False,False,False,False,False,False,False,False,False,False,False,False,False,False,False,False,1
SMY240796,https://www.property.co.zw/for-sale/houses-smy240796,Incomplete Residential house for sale,75000.0,USD,Norton,Norton,Zimbabwe,"Norton, Mashonaland West",4,2.0,400.0,m²,2255.0,m²,"For Sale – Incomplete House in Norton Township

Situated on a spacious 2,255sqm stand in Norton Township, this property offers a solid incomplete",2026-02-18,2026-08-17T10:53:16+02:00,Sermony Properties,1,"[""https://www.property.co.zw/uploadedfiles/88/bc/76/88bc76ac-38e6-4359-8449-c9329742c02a_thumbnail695.webp""]",2026-09-23T16:18:22,False,75000.0,,already USD,False,False,True,True,,False,False,False,False,False,False,False,False,False,False,False,False,False,False,False,False,False,False,False,False,False,False,False,False,1
XDS243180,https://www.property.co.zw/for-sale/houses-xds243180,House for Sale: Avondale West (close to Suffolk),250000.0,USD,Avondale West,Harare West,Zimbabwe,"Avondale West, Harare West, Harare",3,2.0,300.0,m²,793.0,m²,"A house sitting on 793 square meters comprising of 3 Bedrooms (main ensuite with walking closet + neat tub), open-plan dining, lounge & modern fitted kitchen,",2026-03-20,2026-09-07T16:23:51+02:00,Exodus and Company,13,"[""https://www.property.co.zw/uploadedfiles/a3/14/f2/a314f24e-beb9-4e8b-90d0-c44930e37c9c_thumbnail695.webp"", ""https://www.property.co.zw/uploadedfiles/db/e3/8b/dbe38b67-b943-47d0-8cab-5f8b3a96ef00_thumbnail695.webp"", ""https://www.property.co.zw/uploadedfiles/ed/26/9f/ed269f7f-5819-49d3-9bea-826cccc9cff4_thumbnail695.webp"", ""https://www.property.co.zw/uploadedfiles/1b/81/3b/1b813be8-0069-49b5-ba0e-c479aa80e00f_thumbnail695.webp"", ""https://www.property.co.zw/uploadedfiles/b8/12/d2/b812d2f5-be20-4048-88ec-57970957b112_thumbnail695.webp"", ""https://www.property.co.zw/uploadedfiles/1d/ae/c7/1daec77a-7edf-418f-bd3d-308af0c8dee3_thumbnail695.webp"", ""https://www.property.co.zw/uploadedfiles/db/b7/33/dbb733f3-3bf9-43b5-bd5d-98bc9a907aa5_thumbnail695.webp"", ""https://www.property.co.zw/uploadedfiles/82/47/e6/8247e6a1-421b-4637-b7af-ea5e99b71f5a_thumbnail695.webp"", ""https://www.property.co.zw/uploadedfiles/e6/33/8e/e6338e7a-9841-4645-917d-091fd5ee42e2_thumbnail695.webp"", ""https://www.property.co.zw/uploadedfiles/c9/e3/b7/c9e3b7ca-cf63-4979-85d8-cf81c807c59d_thumbnail695.webp"", ""https://www.property.co.zw/uploadedfiles/45/e7/cc/45e7ccc1-16cf-4b1a-b0c4-36ea42cc738b_thumbnail695.webp"", ""https://www.property.co.zw/uploadedfiles/8d/2c/d3/8d2cd31a-8de3-46fb-8d35-2f7d3430d8fc_thumbnail695.webp"", ""https://www.property.co.zw/uploadedfiles/a1/28/18/a1281821-c91e-4d57-92d5-8f57c4c48a4d_thumbnail695.webp""]",2026-09-23T16:18:27,False,250000.0,,already USD,False,False,True,True,,False,False,False,False,False,False,False,False,False,False,True,False,False,False,False,False,False,False,False,True,False,False,False,False,0
Quinnington ,https://www.property.co.zw/for-sale/houses-riddl253634,Family Home,500000.0,USD,Borrowdale,Harare North,Zimbabwe,"Borrowdale, Harare North, Harare",5,2.0,1000.0,m²,2400.0,m²,"Quinnington Home 
Comprises of 5 beds ,2 main en suites ,walk in closet ,dressing area ,and 1 separate bath and toilet ,spacious fitted kitchen ,pantry ,2 lounges",2026-08-20,2026-09-22T06:29:33+02:00,Realty Riddle Real Estate,24,"[""https://www.property.co.zw/uploadedfiles/31/cd/8e/31cd8ebd-b637-40a0-bd11-3c01c6b9579b_thumbnail695.webp"", ""https://www.property.co.zw/uploadedfiles/1f/60/b3/1f60b332-4316-421e-9436-22722a9b699c_thumbnail695.webp"", ""https://www.property.co.zw/uploadedfiles/d0/8a/29/d08a2989-72e5-4467-8150-7ce6f0f70e22_thumbnail695.webp"", ""https://www.property.co.zw/uploadedfiles/d7/cf/15/d7cf1555-7742-43a7-8da9-4940c75866df_thumbnail695.webp"", ""https://www.property.co.zw/uploadedfiles/c4/57/70/c4577046-886d-4fa8-b6c7-9254a1fb41d7_thumbnail695.webp"", ""https://www.property.co.zw/uploadedfiles/5c/84/7f/5c847fd2-d60f-4d92-98cc-7461f0473729_thumbnail695.webp"", ""https://www.property.co.zw/uploadedfiles/8e/41/f3/8e41f38b-e0e1-4168-9c21-fe98d2ae6e00_thumbnail695.webp"", ""https://www.property.co.zw/uploadedfiles/fa/49/1d/fa491db2-1bf5-454d-aab2-7eabfbc7ac37_thumbnail695.webp"", ""https://www.property.co.zw/uploadedfiles/ef/0e/c5/ef0ec560-6cc5-41af-8ae6-444f5703886e_thumbnail695.webp"", ""https://www.property.co.zw/uploadedfiles/12/4d/3b/124d3b84-a6e8-4a5b-b2cb-05e9db8aca35_thumbnail695.webp"", ""https://www.property.co.zw/uploadedfiles/39/5e/0a/395e0aa9-9987-4a53-a985-c752350a360a_thumbnail695.webp"", ""https://www.property.co.zw/uploadedfiles/2d/de/72/2dde7264-bc78-415a-8703-a94f1a3b9f9d_thumbnail695.webp"", ""https://www.property.co.zw/uploadedfiles/a6/03/df/a603df08-819d-4f27-85ad-dd4f967e85bd_thumbnail695.webp"", ""https://www.property.co.zw/uploadedfiles/da/00/b8/da00b860-1caf-4170-a38c-a3a7597f9d47_thumbnail695.webp"", ""https://www.property.co.zw/uploadedfiles/57/f8/42/57f842d9-a011-4d62-a75d-50545dd7f338_thumbnail695.webp"", ""https://www.property.co.zw/uploadedfiles/77/44/00/774400e3-9d78-4ac6-a9d5-342a33c6ef23_thumbnail695.webp"", ""https://www.property.co.zw/uploadedfiles/17/e7/79/17e77930-7eff-4d48-8022-282a1beb743d_thumbnail695.webp"", ""https://www.property.co.zw/uploadedfiles/a6/44/7f/a6447fc9-b3bd-4e48-8a9e-6469939f9043_thumbnail695.webp"", ""https://www.property.co.zw/uploadedfiles/24/c3/e9/24c3e935-0751-4b19-82bc-a0326527c12c_thumbnail695.webp"", ""https://www.property.co.zw/uploadedfiles/d9/ef/eb/d9efeb94-0af4-4897-b093-e6730bb3749a_thumbnail695.webp"", ""https://www.property.co.zw/uploadedfiles/f2/65/e3/f265e309-b3d1-4956-a1cb-2a39b31a6c8c_thumbnail695.webp"", ""https://www.property.co.zw/uploadedfiles/b6/7f/e6/b67fe686-194d-4c96-93b7-6a31a281dd64_thumbnail695.webp"", ""https://www.property.co.zw/uploadedfiles/84/45/6c/84456c32-d266-4aca-838d-bf38cbd195e4_thumbnail695.webp"", ""https://www.property.co.zw/uploadedfiles/04/3d/1d/043d1d4d-c01d-4d76-9206-acb4d2aa2eb3_thumbnail695.webp""]",2026-09-23T16:18:31,False,500000.0,,already USD,False,False,True,True,,False,False,False,False,False,False,False,False,False,False,True,False,False,False,False,False,False,False,False,False,False,False,False,False,0
RWS240664,https://www.property.co.zw/for-sale/houses-rws240664,Finish to your taste!!,90000.0,USD,Haydon Park,Harare West,Zimbabwe,"Haydon Park, Harare West, Harare",3,2.0,200.0,m²,861.0,m²,"Incomplete family house situated in upcoming medium density of Harare West.The house comprised of spacious 3 bedrooms, en-suite, lounge separate dining, kitchen,",2026-02-17,2026-06-21T21:28:53+02:00,Rawson Properties Harare,7,"[""https://www.property.co.zw/uploadedfiles/0d/98/28/0d982870-b2fb-4f1a-b028-d8868c831db0_thumbnail695.webp"", ""https://www.property.co.zw/uploadedfiles/4c/d2/a9/4cd2a965-c324-4a0a-ae67-fcadb8f98844_thumbnail695.webp"", ""https://www.property.co.zw/uploadedfiles/e4/80/17/e48017ff-dbf9-4712-a591-f3eae7304c98_thumbnail695.webp"", ""https://www.property.co.zw/uploadedfiles/9d/f7/df/9df7dff7-714a-4d40-a965-2b1316ab2414_thumbnail695.webp"", ""https://www.property.co.zw/uploadedfiles/03/33/a6/0333a616-d345-4937-ba93-eaa2a4f5abeb_thumbnail695.webp"", ""https://www.property.co.zw/uploadedfiles/e6/7f/66/e67f6662-6f56-49b8-88fc-ed8deaa3f050_thumbnail695.webp"", ""https://www.property.co.zw/uploadedfiles/a8/9b/12/a89b12ef-19fd-4b83-b64a-c0636a0e29a1_thumbnail695.webp""]",2026-09-23T16:18:36,False,90000.0,,already USD,False,False,True,True,,False,False,False,False,False,False,False,False,False,False,False,False,False,False,False,False,False,False,False,True,False,False,False,False,1
PGP246870,https://www.property.co.zw/for-sale/houses-pgp246870,Investment Opportunity in Prime Avondale West Location,195000.0,USD,Avondale West,Harare West,Zimbabwe,"Avondale West, Harare West, Harare",3,2.0,500.0,m²,950.0,m²,"Positioned in the highly sought-after suburb of Avondale West, this 950sqm property presents an excellent opportunity for investors, developers, or buyers looking",2026-05-13,2026-09-01T09:00:18+02:00,Pam Golding Properties,5,"[""https://www.property.co.zw/uploadedfiles/68/80/35/6880357f-6a3b-4fc3-b144-f87745890a3a_thumbnail695.webp"", ""https://www.property.co.zw/uploadedfiles/54/20/47/542047cb-0b07-475d-99ab-3b18e81fe33c_thumbnail695.webp"", ""https://www.property.co.zw/uploadedfiles/08/9c/df/089cdf8f-e437-4593-8adc-041bda8c8eda_thumbnail695.webp"", ""https://www.property.co.zw/uploadedfiles/6e/17/52/6e175235-76de-4601-bfd2-27e51407c4f7_thumbnail695.webp"", ""https://www.property.co.zw/uploadedfiles/d6/43/5d/d6435d8b-d09f-401e-b288-1c0f60fb8d90_thumbnail695.webp""]",2026-09-23T16:18:40,False,195000.0,,already USD,False,True,True,True,,False,False,False,False,False,False,False,False,False,False,False,False,False,False,False,False,False,False,False,False,False,False,False,False,0
CAC238525,https://www.property.co.zw/for-sale/houses-cac238525,Strategically positioned Oldie house for sale ,185000.0,USD,Hatfield,Harare South,Zimbabwe,"Hatfield, Harare South, Harare",3,2.0,800.0,m²,42.0,m²,"HATFIELD HOUSE for Sale 
Strategically located An oldie 3 bedroomed house,simple  fitted kitchen, separate spacious lounge and dining 2 en-suites double lock up",2026-01-21,2026-09-22T10:42:35+02:00,Carson & Carson Real Estate,12,"[""https://www.property.co.zw/uploadedfiles/9b/33/f8/9b33f862-19f6-4adf-bd58-7eaf2b6a0348_thumbnail695.webp"", ""https://www.property.co.zw/uploadedfiles/15/73/e5/1573e582-d7a6-476d-830a-1b24ce45e4ca_thumbnail695.webp"", ""https://www.property.co.zw/uploadedfiles/58/36/ce/5836ce96-d2cb-4f94-8cbc-3c706761994e_thumbnail695.webp"", ""https://www.property.co.zw/uploadedfiles/1e/76/c1/1e76c1da-986a-4342-a9c3-95b93b965e2e_thumbnail695.webp"", ""https://www.property.co.zw/uploadedfiles/07/32/7e/07327e45-37d6-4bd2-9349-4fa80d5aead7_thumbnail695.webp"", ""https://www.property.co.zw/uploadedfiles/a1/59/85/a1598511-aa29-4b41-8474-e2ca76b67445_thumbnail695.webp"", ""https://www.property.co.zw/uploadedfiles/95/58/e3/9558e345-8427-41e4-bf94-a21dfa706131_thumbnail695.webp"", ""https://www.property.co.zw/uploadedfiles/b3/41/bd/b341bd60-e306-4c19-af4a-e4a793d8c154_thumbnail695.webp"", ""https://www.property.co.zw/uploadedfiles/f9/e5/99/f9e599c6-03de-478c-a8cf-74c4b281affd_thumbnail695.webp"", ""https://www.property.co.zw/uploadedfiles/f0/23/d6/f023d640-1b00-4b69-abc5-a9f063cf343b_thumbnail695.webp"", ""https://www.property.co.zw/uploadedfiles/6c/10/47/6c10471b-7405-447a-8856-4ad89965dcfc_thumbnail695.webp"", ""https://www.property.co.zw/uploadedfiles/84/65/c5/8465c5f1-677f-47dd-accd-385a7e995cf0_thumbnail695.webp""]",2026-09-23T16:18:45,False,185000.0,,already USD,False,False,True,True,land_area_m2<50 (implausibly small stand for a house),False,False,False,False,False,False,False,False,False,False,True,False,False,False,False,False,False,False,False,False,False,False,False,False,0
PGP255058,https://www.property.co.zw/for-sale/houses-pgp255058,Spacious Family Home In Twinlakes Norton,300000.0,USD,Norton,Norton,Zimbabwe,"Norton, Mashonaland West",5,7.0,300.0,m²,2134.0,m²,"This well-sized five-bedroom property is set on a generous 2,134 square metre stand and offers spacious accommodation over two levels.

The main house comprises",2026-09-11,2026-09-11T14:39:10+02:00,Pam Golding Properties,25,"[""https://www.property.co.zw/uploadedfiles/e0/c9/c2/e0c9c243-54f2-42a2-8a73-901dbaf5d91d_thumbnail695.webp"", ""https://www.property.co.zw/uploadedfiles/45/1e/60/451e6017-bd0d-4131-a7f6-6a4d852583a6_thumbnail695.webp"", ""https://www.property.co.zw/uploadedfiles/34/5d/1f/345d1f0d-7527-4156-a021-daba4bce7ef4_thumbnail695.webp"", ""https://www.property.co.zw/uploadedfiles/b4/90/f9/b490f9fc-a789-44d8-b49c-c9186647387a_thumbnail695.webp"", ""https://www.property.co.zw/uploadedfiles/c2/a5/98/c2a598de-3cec-41f3-a768-18619dd2b782_thumbnail695.webp"", ""https://www.property.co.zw/uploadedfiles/03/f1/51/03f1519b-560b-435f-924a-ddda606131a8_thumbnail695.webp"", ""https://www.property.co.zw/uploadedfiles/bc/c9/7c/bcc97c02-ffea-4634-97f8-21e4f393752d_thumbnail695.webp"", ""https://www.property.co.zw/uploadedfiles/5d/94/43/5d9443fb-b49d-43f2-8b79-0e6c9e024a85_thumbnail695.webp"", ""https://www.property.co.zw/uploadedfiles/3c/1b/2a/3c1b2abf-ce96-499f-97d6-e8478b1c2716_thumbnail695.webp"", ""https://www.property.co.zw/uploadedfiles/66/14/a8/6614a806-5326-4c72-94f9-42548bce1552_thumbnail695.webp"", ""https://www.property.co.zw/uploadedfiles/71/54/83/7154833d-99c1-4bde-91bb-7f264c9c71f0_thumbnail695.webp"", ""https://www.property.co.zw/uploadedfiles/53/97/2f/53972fea-1dc1-4c16-8867-33c0226787d1_thumbnail695.webp"", ""https://www.property.co.zw/uploadedfiles/1c/77/c5/1c77c50d-e68a-4189-82d9-9e7e5b641037_thumbnail695.webp"", ""https://www.property.co.zw/uploadedfiles/a1/ca/d5/a1cad599-152f-43ec-98ce-620617cc5cf7_thumbnail695.webp"", ""https://www.property.co.zw/uploadedfiles/72/5d/18/725d1877-3d79-43d0-876a-745ff6a549e0_thumbnail695.webp"", ""https://www.property.co.zw/uploadedfiles/54/ee/07/54ee0709-288f-470e-be94-0b98d1d1d646_thumbnail695.webp"", ""https://www.property.co.zw/uploadedfiles/66/95/bc/6695bcf4-aa8c-4a4c-bb6f-79eb1d5932c7_thumbnail695.webp"", ""https://www.property.co.zw/uploadedfiles/46/d7/92/46d79238-119b-48c0-b452-7c2e751705cb_thumbnail695.webp"", ""https://www.property.co.zw/uploadedfiles/ed/fd/cd/edfdcda2-0669-4ec3-8836-179b6826e152_thumbnail695.webp"", ""https://www.property.co.zw/uploadedfiles/17/d7/1a/17d71af8-6a4e-4639-908d-5e13df66149e_thumbnail695.webp"", ""https://www.property.co.zw/uploadedfiles/1a/95/6d/1a956d6f-6dc3-4b86-a508-97c3daf5f87d_thumbnail695.webp"", ""https://www.property.co.zw/uploadedfiles/56/18/09/56180958-8149-4c0b-9ee4-d416e41300dd_thumbnail695.webp"", ""https://www.property.co.zw/uploadedfiles/f6/77/6c/f6776cc7-b49d-4164-9a00-0aafd60ba219_thumbnail695.webp"", ""https://www.property.co.zw/uploadedfiles/27/c2/16/27c21660-7c56-4d77-8e83-bf9e7aaafe7b_thumbnail695.webp"", ""https://www.property.co.zw/uploadedfiles/83/c6/f7/83c6f70b-9c38-487b-9002-113d99de8bee_thumbnail695.webp""]",2026-09-23T16:18:49,False,300000.0,,already USD,False,False,True,True,,False,False,False,False,False,False,False,False,False,False,False,False,False,False,False,False,False,False,False,False,False,False,False,False,0
AEGP253988,https://www.property.co.zw/for-sale/houses-aegp253988,Mount Pleasant 3-Bed Home with Borehole & Garage,560000.0,USD,Mount Pleasant,Harare North,Zimbabwe,"Mount Pleasant, Harare North, Harare",3,2.0,4542.0,m²,500.0,m²,"Spacious single-storey family home in sought-after Mount Pleasant, Harare North — 3 bedrooms, 2 bathrooms on a secure 500 m² stand with an expansive 4542.00 m²",2026-08-26,2026-09-10T11:56:59+02:00,AEG Properties,13,"[""https://www.property.co.zw/uploadedfiles/7c/ae/0d/7cae0d5a-0ff4-42b3-9a48-c2e9071bab51_thumbnail695.webp"", ""https://www.property.co.zw/uploadedfiles/a7/aa/4f/a7aa4fbf-f354-4cbb-ac7e-7ccc89882a8e_thumbnail695.webp"", ""https://www.property.co.zw/uploadedfiles/81/d2/1d/81d21dfd-1ea0-4e51-a825-e0aa510fef13_thumbnail695.webp"", ""https://www.property.co.zw/uploadedfiles/a7/05/aa/a705aaab-6387-4fe9-91c9-74b2388d337a_thumbnail695.webp"", ""https://www.property.co.zw/uploadedfiles/0c/3c/61/0c3c6157-cdeb-4559-ada5-0c9d23799546_thumbnail695.webp"", ""https://www.property.co.zw/uploadedfiles/0a/30/62/0a3062d9-08ca-49de-a0b2-2e19f025ef6b_thumbnail695.webp"", ""https://www.property.co.zw/uploadedfiles/6c/bc/51/6cbc51e1-ce45-4e5e-9dfc-8ccbd5959033_thumbnail695.webp"", ""https://www.property.co.zw/uploadedfiles/5c/2f/12/5c2f12f1-056e-4ee5-869d-fcb6179473e2_thumbnail695.webp"", ""https://www.property.co.zw/uploadedfiles/47/b9/ea/47b9ea24-1e7d-4233-9c39-0b1692b965f6_thumbnail695.webp"", ""https://www.property.co.zw/uploadedfiles/ca/0f/60/ca0f607a-2889-4391-a3c6-c28cb97d914e_thumbnail695.webp"", ""https://www.property.co.zw/uploadedfiles/93/25/b9/9325b9be-b1a8-4e5b-991e-a27e63ab3c00_thumbnail695.webp"", ""https://www.property.co.zw/uploadedfiles/d1/9d/14/d19d14fb-2947-4bcf-8a1d-63e0532085ab_thumbnail695.webp"", ""https://www.property.co.zw/uploadedfiles/50/3a/6e/503a6e90-9757-45f7-bfe0-bf4082b91290_thumbnail695.webp""]",2026-09-23T16:18:54,False,560000.0,,already USD,False,False,True,True,,False,False,False,False,False,False,False,False,False,False,False,False,False,False,False,False,False,False,False,False,False,False,False,False,0
BRE196324,https://www.property.co.zw/for-sale/houses-bre196324,3 beds house in Mabelreign in need of TLC ,115000.0,USD,Haig Park,Harare West,Zimbabwe,"Haig Park, Harare West, Harare",3,1.0,,,1118.0,m²,"This 3 beds house priced to go in a quiet part of Haig Park in Mabelreign ,it offers a lounge,dining,kitchen ,separate bathroom and toilet, disused swimming pool,",2024-08-15,2026-08-17T11:13:00+02:00,Bard Real Estate,7,"[""https://www.property.co.zw/uploadedfiles/72/b7/84/72b784a6-9247-43ed-9071-477f064a9a89_thumbnail695.webp"", ""https://www.property.co.zw/uploadedfiles/56/5d/4e/565d4eae-771e-4afa-ace9-e5cd590cb4f5_thumbnail695.webp"", ""https://www.property.co.zw/uploadedfiles/18/fe/11/18fe11db-1a04-4cf7-8114-d444e248ebff_thumbnail695.webp"", ""https://www.property.co.zw/uploadedfiles/7e/98/9c/7e989c05-62e7-4868-a5fa-a24a025119de_thumbnail695.webp"", ""https://www.property.co.zw/uploadedfiles/dd/ae/42/ddae42b4-5f42-40a5-92ce-ad8be07007cf_thumbnail695.webp"", ""https://www.property.co.zw/uploadedfiles/ce/b1/14/ceb1146a-b5d7-48b4-97a6-07b18bdfce5e_thumbnail695.webp"", ""https://www.property.co.zw/uploadedfiles/1f/8c/b4/1f8cb42e-f897-49a1-934e-e6047de12ca3_thumbnail695.webp""]",2026-09-23T16:18:58,False,115000.0,,already USD,False,False,True,False,,False,False,False,False,False,False,False,False,False,False,False,False,False,False,False,False,False,False,False,False,False,False,False,False,0
PNET255233,https://www.property.co.zw/for-sale/houses-pnet255233,Modern Family Home,140000.0,USD,Madokero,Harare West,Zimbabwe,"Madokero, Harare West, Harare",5,2.0,250.0,m²,480.0,m²,"?? **MADOKERO CORNER HOUSE FOR SALE | USD 140,000** ??

? **MODERN FAMILY HOME | FULL TITLE DEEDS | 480 SQM**

An excellent opportunity to own a **well-secured",2026-09-16,2026-09-16T09:21:45+02:00,Propertynet,26,"[""https://www.property.co.zw/uploadedfiles/19/39/5c/19395c88-0eec-496b-9757-65b1c41d4391_thumbnail695.webp"", ""https://www.property.co.zw/uploadedfiles/97/c5/8f/97c58f11-675a-4778-b51c-0d6b511dafa3_thumbnail695.webp"", ""https://www.property.co.zw/uploadedfiles/14/75/bc/1475bcb1-e98d-4f89-9b7e-bbb40689daf2_thumbnail695.webp"", ""https://www.property.co.zw/uploadedfiles/75/2e/7d/752e7d8b-b11e-435d-8188-cdb0255115f3_thumbnail695.webp"", ""https://www.property.co.zw/uploadedfiles/b5/1e/a1/b51ea1c5-f58b-4723-8c96-b29047096800_thumbnail695.webp"", ""https://www.property.co.zw/uploadedfiles/9d/ae/67/9dae671e-2fd6-4c91-9152-fec67e966630_thumbnail695.webp"", ""https://www.property.co.zw/uploadedfiles/6b/eb/f2/6bebf2d4-0938-46cb-a02c-5bcd8cf10337_thumbnail695.webp"", ""https://www.property.co.zw/uploadedfiles/76/d0/77/76d077fb-9083-491c-820d-a9afac322914_thumbnail695.webp"", ""https://www.property.co.zw/uploadedfiles/f3/f7/30/f3f73099-6ed2-4cc6-b468-5361c95b3645_thumbnail695.webp"", ""https://www.property.co.zw/uploadedfiles/c9/41/7b/c9417b0d-3579-4cd6-b6a3-541464a006ca_thumbnail695.webp"", ""https://www.property.co.zw/uploadedfiles/c1/ec/f1/c1ecf1cc-f9c9-4c22-afd8-bf80dafefe5f_thumbnail695.webp"", ""https://www.property.co.zw/uploadedfiles/f8/59/e2/f859e255-da18-4e12-ab7b-a26bcc6ca025_thumbnail695.webp"", ""https://www.property.co.zw/uploadedfiles/6c/b7/11/6cb711bc-1976-42b5-8f5e-f8f3be2e587b_thumbnail695.webp"", ""https://www.property.co.zw/uploadedfiles/29/e0/c9/29e0c9a0-e924-4ae0-9e09-67316bc4c722_thumbnail695.webp"", ""https://www.property.co.zw/uploadedfiles/28/f7/46/28f74622-58e2-4802-a7af-c0c9e0049f59_thumbnail695.webp"", ""https://www.property.co.zw/uploadedfiles/a6/33/11/a6331113-9e77-4710-89ee-da569db833ab_thumbnail695.webp"", ""https://www.property.co.zw/uploadedfiles/74/f4/61/74f4612c-6624-4ee4-a846-3bf4ed9ba741_thumbnail695.webp"", ""https://www.property.co.zw/uploadedfiles/2e/2f/6e/2e2f6e5e-f9ea-40fd-b516-904c8daed456_thumbnail695.webp"", ""https://www.property.co.zw/uploadedfiles/77/e2/60/77e260fc-b4d8-40a9-b200-6571793e4d3e_thumbnail695.webp"", ""https://www.property.co.zw/uploadedfiles/bb/3a/9a/bb3a9a14-6de6-4ed6-94e8-f895492f9f1f_thumbnail695.webp"", ""https://www.property.co.zw/uploadedfiles/86/90/8e/86908e00-7ace-4753-acf9-3ab80798c5e2_thumbnail695.webp"", ""https://www.property.co.zw/uploadedfiles/17/02/28/170228ad-9b68-49d7-bdcc-9f90a5821ff2_thumbnail695.webp"", ""https://www.property.co.zw/uploadedfiles/a5/97/f7/a597f709-a27c-48fb-a165-a5feb83c82ae_thumbnail695.webp"", ""https://www.property.co.zw/uploadedfiles/a6/db/5a/a6db5a88-3c7d-4d13-8eb2-3c4a5f63e4a4_thumbnail695.webp"", ""https://www.property.co.zw/uploadedfiles/56/52/b5/5652b5f1-38b4-4263-a68a-8f00e0dfb68c_thumbnail695.webp"", ""https://www.property.co.zw/uploadedfiles/7f/80/b0/7f80b015-7194-4068-9232-09459ed7e032_thumbnail695.webp""]",2026-09-23T16:19:03,False,140000.0,,already USD,False,False,True,True,,False,False,False,False,False,False,False,False,False,False,False,False,False,False,False,False,False,False,False,False,False,False,True,False,0
HEE254376,https://www.property.co.zw/for-sale/houses-hee254376,Greengrove,320000.0,USD,Greengrove,Harare East,Zimbabwe,"Greengrove, Harare East, Harare",3,2.0,,,4400.0,m²,"Located very close to the Msasa Industrial Corridor, this property is suitable as a feeder for either commercial or residential project.  Boasting of 3 bedrooms,",2026-09-01,2026-09-11T08:38:48+02:00,Hollands Harare Estate Agents,7,"[""https://www.property.co.zw/uploadedfiles/4f/8b/15/4f8b1545-31f2-48c4-ac49-03bfdc433e07_thumbnail695.webp"", ""https://www.property.co.zw/uploadedfiles/74/ea/97/74ea97a9-e789-4d04-a278-18f143ab596a_thumbnail695.webp"", ""https://www.property.co.zw/uploadedfiles/c5/1a/39/c51a39f4-5e31-4d76-81aa-eaa0798d8d5c_thumbnail695.webp"", ""https://www.property.co.zw/uploadedfiles/c0/5b/4f/c05b4f64-4b6c-4dbd-a27e-17def8b673c6_thumbnail695.webp"", ""https://www.property.co.zw/uploadedfiles/07/8a/39/078a39e8-f747-4ac1-832a-81ffa508cb68_thumbnail695.webp"", ""https://www.property.co.zw/uploadedfiles/10/6d/b9/106db9ea-8e17-4b13-92d3-417ad737bd74_thumbnail695.webp"", ""https://www.property.co.zw/uploadedfiles/52/d4/99/52d49965-3fdf-4282-892f-8cf986239f26_thumbnail695.webp""]",2026-09-23T16:19:07,False,320000.0,,already USD,False,False,True,False,,False,False,False,False,False,False,False,False,False,False,False,False,False,False,False,False,False,False,False,False,False,False,False,False,0
PRCL251740,https://www.property.co.zw/for-sale/houses-prcl251740,Unfinished House For Sale In Crowhill,35000.0,USD,Crowhill Views,Harare North,Zimbabwe,"Crowhill Views, Harare North, Harare",5,2.0,500.0,m²,1000.0,m²,"Take this advantage to finish this 5 bedroomed house at roof-level. It is sitting on 1 000sqm stand. Ready for deeds.
Asking Price is $35k neg.
",2026-07-20,2026-07-20T09:37:16+02:00,Property Channel,5,"[""https://www.property.co.zw/uploadedfiles/3a/c2/42/3ac24242-9071-4013-83aa-bf5c3d3000e4_thumbnail695.webp"", ""https://www.property.co.zw/uploadedfiles/03/bb/77/03bb773d-7d9e-417c-8973-aee9b85b5a4b_thumbnail695.webp"", ""https://www.property.co.zw/uploadedfiles/3b/3b/8f/3b3b8f61-c78d-433d-a238-427d8a7bfe6e_thumbnail695.webp"", ""https://www.property.co.zw/uploadedfiles/13/88/7b/13887ba0-39ac-4b5e-be7a-8bea2f391916_thumbnail695.webp"", ""https://www.property.co.zw/uploadedfiles/6b/b7/9d/6bb79d8f-f1b1-4d62-a8bd-9de9c823d92f_thumbnail695.webp""]",2026-09-23T16:19:12,False,35000.0,,already USD,False,False,True,True,,False,False,False,False,False,False,False,False,False,False,False,False,False,False,False,False,False,False,False,False,False,False,False,False,0
OAS251935,https://www.property.co.zw/for-sale/houses-oas251935,Rockview Park 4 Beds shell For Sale ,75000.0,USD,Rockview,Harare East,Zimbabwe,"Rockview, Harare East, Harare",4,2.0,400.0,m²,1000.0,m²,"Oasis Realty is proud to offer for sale this spacious, unfinished four-bedroom home situated on a generous 1,000-square-meter plot. Perfect for an investor or a",2026-07-21,2026-08-27T16:16:21+02:00,Oasis Realty,12,"[""https://www.property.co.zw/uploadedfiles/0b/40/58/0b4058c8-1170-4477-93aa-0f2c7dcce969_thumbnail695.webp"", ""https://www.property.co.zw/uploadedfiles/47/65/13/47651300-b482-4d72-b18b-c7136da293f1_thumbnail695.webp"", ""https://www.property.co.zw/uploadedfiles/a4/53/f2/a453f2d0-081a-4cc0-ac98-9cad5960a9b1_thumbnail695.webp"", ""https://www.property.co.zw/uploadedfiles/52/bf/00/52bf0002-768b-4b54-b2a2-07dc8b597088_thumbnail695.webp"", ""https://www.property.co.zw/uploadedfiles/3e/62/90/3e6290cc-9096-4394-8abe-cf5319346798_thumbnail695.webp"", ""https://www.property.co.zw/uploadedfiles/bb/a3/23/bba323b9-b3a4-4ad8-a23e-5c98c2710b47_thumbnail695.webp"", ""https://www.property.co.zw/uploadedfiles/d1/8e/52/d18e5295-55f0-49a1-b09f-ad683b6d44b3_thumbnail695.webp"", ""https://www.property.co.zw/uploadedfiles/1f/36/ed/1f36ed96-155b-4d20-adfa-b3d60ebe5938_thumbnail695.webp"", ""https://www.property.co.zw/uploadedfiles/f7/89/67/f78967f5-def7-4b6c-b0d4-c8f156ad67cc_thumbnail695.webp"", ""https://www.property.co.zw/uploadedfiles/0d/59/7e/0d597e3a-5579-4f17-b8e1-e829dea01447_thumbnail695.webp"", ""https://www.property.co.zw/uploadedfiles/de/35/2b/de352be7-d8fa-4647-83a5-157fae0493c1_thumbnail695.webp"", ""https://www.property.co.zw/uploadedfiles/ed/8b/53/ed8b53e8-6aaf-42eb-932a-279ddbc44625_thumbnail695.webp""]",2026-09-23T16:19:16,False,75000.0,,already USD,False,False,True,True,,False,False,False,False,False,False,False,False,False,False,False,False,False,False,False,False,False,False,False,False,False,False,False,False,0
GAT255245,https://www.property.co.zw/for-sale/houses-gat255245,Norton – Knockmallock Starter Home For Sale | Nbs Development,25000.0,USD,Norton,Norton,Zimbabwe,"Norton, Mashonaland West",3,2.0,150.0,m²,,240,This lovely 3-bedroom home offers an excellent opportunity for first-time buyers and young families looking to secure their own property at an affordable,2026-09-16,2026-09-16T11:00:58+02:00,Guest and Tanner Real Estate,2,"[""https://www.property.co.zw/uploadedfiles/8e/6a/d8/8e6ad8bf-3a57-4d6c-ad44-3803d4f1a7fa_thumbnail695.webp"", ""https://www.property.co.zw/uploadedfiles/87/68/0b/87680b6e-550a-4d56-a971-0f78641610ae_thumbnail695.webp""]",2026-09-23T16:19:20,False,25000.0,,already USD,False,True,False,True,,False,False,False,False,False,False,False,False,False,False,False,False,False,False,False,False,False,False,False,False,False,False,False,False,0
BLMP248537,https://www.property.co.zw/for-sale/houses-blmp248537,New on the Market- Norton Joburg,42000.0,USD,Norton,Norton,Zimbabwe,"Norton, Mashonaland West",3,1.0,120.0,m²,200.0,m²,"3 Bedroomed House, kitchen, combined launch and dinning sitting on 200sqm.  Full title deeds.
Contact our sales team today for viewing.",2026-06-03,2026-08-24T16:12:29+02:00,Bloomwell Properties,11,"[""https://www.property.co.zw/uploadedfiles/d4/b4/98/d4b4988f-54a3-4c2f-a95f-7c0b86148944_thumbnail695.webp"", ""https://www.property.co.zw/uploadedfiles/b3/f4/6d/b3f46d65-10de-4514-bcfe-9fd90dfcda4a_thumbnail695.webp"", ""https://www.property.co.zw/uploadedfiles/06/61/26/06612650-9c12-47db-a695-209e8468072f_thumbnail695.webp"", ""https://www.property.co.zw/uploadedfiles/26/23/ec/2623ec12-8ed8-47f0-8b8b-bb6a22532637_thumbnail695.webp"", ""https://www.property.co.zw/uploadedfiles/44/5e/f9/445ef978-c83b-489a-b774-13fb3b431647_thumbnail695.webp"", ""https://www.property.co.zw/uploadedfiles/3e/f7/a4/3ef7a4f9-50e1-4368-9062-cf905702f8f7_thumbnail695.webp"", ""https://www.property.co.zw/uploadedfiles/f6/0a/ea/f60aeab7-f966-4124-8c7c-b24a9b60ad3d_thumbnail695.webp"", ""https://www.property.co.zw/uploadedfiles/1c/ad/a1/1cada144-896b-4559-a351-3be3094c127f_thumbnail695.webp"", ""https://www.property.co.zw/uploadedfiles/5a/ed/29/5aed29fd-5b3a-4184-96db-7c65c9c35154_thumbnail695.webp"", ""https://www.property.co.zw/uploadedfiles/4b/55/2e/4b552e77-77d4-4a2d-a784-ac4cc59f0aa9_thumbnail695.webp"", ""https://www.property.co.zw/uploadedfiles/a5/ad/f8/a5adf848-1c33-4c90-aaaf-91d6128db426_thumbnail695.webp""]",2026-09-23T16:19:25,False,42000.0,,already USD,False,False,True,True,,False,False,False,False,False,False,False,False,False,False,False,False,False,False,False,False,False,False,False,False,False,False,True,False,0
AKP253967,https://www.property.co.zw/for-sale/houses-akp253967,"Ruwa, Elizabeth Park Property for Sale",75000.0,USD,Ruwa,Ruwa,Zimbabwe,"Ruwa, Mashonaland East",2,1.0,500.0,m²,,1019,"Property Features:
 - 2 Bedroomed Cottage, main house yet to be constructed
 - Lounge
 - Kitchen with BIC
 - Bathroom
 - 3kVA Solar
 - Staff Quarters
 -",2026-08-26,2026-08-27T16:08:36+02:00,Ark Properties,10,"[""https://www.property.co.zw/uploadedfiles/e8/07/bd/e807bd93-0bb3-4197-bfb1-8cee8fb65194_thumbnail695.webp"", ""https://www.property.co.zw/uploadedfiles/d7/49/19/d7491900-8aa5-46f8-b0b3-7309623b89ac_thumbnail695.webp"", ""https://www.property.co.zw/uploadedfiles/27/a7/a6/27a7a6bb-bbf2-446b-8f90-d7ca36bea52e_thumbnail695.webp"", ""https://www.property.co.zw/uploadedfiles/ef/37/85/ef37850a-6f59-4c40-ad3f-d8581cdc475a_thumbnail695.webp"", ""https://www.property.co.zw/uploadedfiles/d4/a3/9d/d4a39d77-31d8-474a-a960-fd6676eae3ad_thumbnail695.webp"", ""https://www.property.co.zw/uploadedfiles/e4/61/aa/e461aac8-b94e-40e4-841a-77888674166d_thumbnail695.webp"", ""https://www.property.co.zw/uploadedfiles/e0/84/c4/e084c4cb-bbbe-4e91-8bd4-74fc12ee8dfb_thumbnail695.webp"", ""https://www.property.co.zw/uploadedfiles/a5/72/28/a5722842-a21e-432a-bd3e-63f8809cfa98_thumbnail695.webp"", ""https://www.property.co.zw/uploadedfiles/91/58/e8/9158e87b-a10f-4466-bfdc-1b1de54c7fc3_thumbnail695.webp"", ""https://www.property.co.zw/uploadedfiles/c4/a3/60/c4a36090-b103-4bbd-bd8f-b33b6701e268_thumbnail695.webp""]",2026-09-23T16:19:29,False,75000.0,,already USD,False,False,False,True,,False,False,False,False,False,False,False,False,False,False,False,False,False,False,False,False,False,True,False,False,True,True,False,False,0
PRCL228934,https://www.property.co.zw/for-sale/houses-prcl228934,Exceptional Opportunity to Invest in Borrowdale ,2300000.0,USD,Helensvale,Harare North,Zimbabwe,"Helensvale, Harare North, Harare",6,6.0,600.0,m²,16500.0,m²,"Exceptional Opportunity To Invest In Borrowadale

Discover an exceptional opportunity to invest in a new upmarket complex for sale in the sought-after suburb of",2025-09-09,2026-07-15T10:27:33+02:00,Property Channel,35,"[""https://www.property.co.zw/uploadedfiles/5c/e0/e6/5ce0e697-06c0-45db-8ec2-8b7c4eb40399_thumbnail695.webp"", ""https://www.property.co.zw/uploadedfiles/00/d1/4b/00d14b23-944e-4c95-8718-471093a93907_thumbnail695.webp"", ""https://www.property.co.zw/uploadedfiles/57/26/f5/5726f5af-9d6f-42b6-9205-8da7efcb99f4_thumbnail695.webp"", ""https://www.property.co.zw/uploadedfiles/b2/24/e2/b224e24e-128f-43e8-ad7e-1291fde2aaee_thumbnail695.webp"", ""https://www.property.co.zw/uploadedfiles/fc/4c/2d/fc4c2d87-9ded-4a6e-911d-0ddb243810d9_thumbnail695.webp"", ""https://www.property.co.zw/uploadedfiles/48/b9/58/48b958c4-5a45-4b3b-8e3c-1c964735df2b_thumbnail695.webp"", ""https://www.property.co.zw/uploadedfiles/08/43/5b/08435ba5-2277-4d10-b727-cc599406135a_thumbnail695.webp"", ""https://www.property.co.zw/uploadedfiles/08/0c/19/080c19a0-9490-4645-9f8f-376c70f1fa94_thumbnail695.webp"", ""https://www.property.co.zw/uploadedfiles/22/b1/0b/22b10b6b-81b8-4ac0-9a3f-dcc0d7f51e7e_thumbnail695.webp"", ""https://www.property.co.zw/uploadedfiles/0d/de/22/0dde2294-55ba-4112-88bd-5a2534db37c8_thumbnail695.webp"", ""https://www.property.co.zw/uploadedfiles/2b/4c/c5/2b4cc562-dec3-46a5-9748-f613c27a4bb4_thumbnail695.webp"", ""https://www.property.co.zw/uploadedfiles/cb/11/31/cb11310d-d14a-4e2d-b35d-02e3a8fa0155_thumbnail695.webp"", ""https://www.property.co.zw/uploadedfiles/f8/63/70/f8637061-b11a-4461-8c34-8921b872c84b_thumbnail695.webp"", ""https://www.property.co.zw/uploadedfiles/ac/c5/42/acc542ac-e27b-4643-bdbf-8a1e44fc2420_thumbnail695.webp"", ""https://www.property.co.zw/uploadedfiles/11/6f/ce/116fcee6-e312-4ff5-bee1-fdbaf2b15b97_thumbnail695.webp"", ""https://www.property.co.zw/uploadedfiles/fc/e9/b0/fce9b091-a2d5-424f-ab5c-807a088e6f9e_thumbnail695.webp"", ""https://www.property.co.zw/uploadedfiles/3f/05/60/3f056087-8737-4d32-8e50-e2e214e29d0d_thumbnail695.webp"", ""https://www.property.co.zw/uploadedfiles/4c/7e/5c/4c7e5c95-5326-42ae-b85e-647da053b624_thumbnail695.webp"", ""https://www.property.co.zw/uploadedfiles/1a/60/cf/1a60cfbb-2f19-4ec3-adb4-6ad21ab8c5d9_thumbnail695.webp"", ""https://www.property.co.zw/uploadedfiles/80/1f/30/801f3057-3199-4c66-8935-266cc8466834_thumbnail695.webp"", ""https://www.property.co.zw/uploadedfiles/14/cb/00/14cb0023-9ff8-4a37-8cb0-7e937dce1a09_thumbnail695.webp"", ""https://www.property.co.zw/uploadedfiles/e9/3d/6c/e93d6ce8-08ff-4795-8ad1-88cdf3e7f73a_thumbnail695.webp"", ""https://www.property.co.zw/uploadedfiles/1f/a6/6c/1fa66cb7-e7c0-4e41-b056-21a8e5acee36_thumbnail695.webp"", ""https://www.property.co.zw/uploadedfiles/bb/e2/d9/bbe2d935-b59e-41e2-9e16-32241f153cd9_thumbnail695.webp"", ""https://www.property.co.zw/uploadedfiles/32/70/0a/32700acf-b017-41dd-bf1b-213a8da272c6_thumbnail695.webp"", ""https://www.property.co.zw/uploadedfiles/fb/8b/80/fb8b808f-7452-4783-8244-442aea34022a_thumbnail695.webp"", ""https://www.property.co.zw/uploadedfiles/df/9e/67/df9e6776-76f1-4f17-acc1-9a8f21d62cb7_thumbnail695.webp"", ""https://www.property.co.zw/uploadedfiles/a1/ae/93/a1ae9314-95ad-4ebc-b5a1-5f6b400c2ac0_thumbnail695.webp"", ""https://www.property.co.zw/uploadedfiles/96/4e/f5/964ef56c-9660-4be6-bfe3-75ec39615383_thumbnail695.webp"", ""https://www.property.co.zw/uploadedfiles/0a/8b/cb/0a8bcb99-c0fb-44d6-acce-20cca9cf0838_thumbnail695.webp"", ""https://www.property.co.zw/uploadedfiles/2d/1c/92/2d1c92bd-1cb6-4048-b759-1bc648be2bec_thumbnail695.webp"", ""https://www.property.co.zw/uploadedfiles/83/91/d1/8391d1c5-9dd0-4558-b80a-9c317884a9b2_thumbnail695.webp"", ""https://www.property.co.zw/uploadedfiles/b5/cd/55/b5cd55d9-d8bc-45f3-9d72-0e90c4811b5c_thumbnail695.webp"", ""https://www.property.co.zw/uploadedfiles/84/7c/82/847c82c6-b989-430f-907d-674e6d9e5177_thumbnail695.webp"", ""https://www.property.co.zw/uploadedfiles/ef/0d/41/ef0d41bc-d6c5-4fe4-a76b-d5bc95f0df07_thumbnail695.webp""]",2026-09-23T16:19:34,False,2300000.0,,already USD,False,False,True,True,,False,False,False,False,False,False,False,False,False,False,False,False,False,False,False,False,False,False,False,False,False,False,False,False,0
JSPP251627,https://www.property.co.zw/for-sale/houses-jspp251627,Sandton Park: 5-Bed Home with Island Kitchen & Borehole,240000.0,USD,Sandton Park,Harare West,Zimbabwe,"Sandton Park, Harare West, Harare",5,6.0,400.0,m²,1700.0,m²,"Stunning five-bedroom, six-bathroom family home in sought-after Sandton Park, Harare West — set on a generous 1,700 m² stand with beautifully finished living space",2026-07-17,2026-07-17T13:01:46+02:00,Just Property,34,"[""https://www.property.co.zw/uploadedfiles/8a/66/ba/8a66bac7-7abe-40a9-bdd6-2164623fb67d_thumbnail695.webp"", ""https://www.property.co.zw/uploadedfiles/6e/dc/a7/6edca772-8123-4302-9438-dd77f2e27840_thumbnail695.webp"", ""https://www.property.co.zw/uploadedfiles/82/32/03/8232037a-cae5-4a22-ae0a-2a946c3a80d0_thumbnail695.webp"", ""https://www.property.co.zw/uploadedfiles/e0/84/59/e084597e-8a5c-4856-8814-a32a17d7e89f_thumbnail695.webp"", ""https://www.property.co.zw/uploadedfiles/cf/39/f1/cf39f1d6-10d1-4354-9826-545cc2fc1bb0_thumbnail695.webp"", ""https://www.property.co.zw/uploadedfiles/e6/28/cd/e628cdc7-32a6-4091-aa2b-6969e7e477af_thumbnail695.webp"", ""https://www.property.co.zw/uploadedfiles/9b/bc/12/9bbc12ad-56d2-4e6b-92cd-fc325bba72c0_thumbnail695.webp"", ""https://www.property.co.zw/uploadedfiles/e5/60/6a/e5606ae4-b818-4c55-be08-fd3d7f647a9c_thumbnail695.webp"", ""https://www.property.co.zw/uploadedfiles/23/c1/fc/23c1fc46-1851-44b5-b45f-20e2ca27dd1b_thumbnail695.webp"", ""https://www.property.co.zw/uploadedfiles/a4/98/0b/a4980b45-c61d-425e-bc9e-5c83f804e107_thumbnail695.webp"", ""https://www.property.co.zw/uploadedfiles/26/fd/2c/26fd2cde-acbf-4b89-b00a-432d09b6a7e9_thumbnail695.webp"", ""https://www.property.co.zw/uploadedfiles/77/e9/f4/77e9f440-fa19-44c4-96f0-1d727387640f_thumbnail695.webp"", ""https://www.property.co.zw/uploadedfiles/9e/69/5e/9e695ed3-9d50-411c-85da-51958e36612a_thumbnail695.webp"", ""https://www.property.co.zw/uploadedfiles/99/6d/ab/996dab7a-709b-4759-b5e0-70fe1dc83fbf_thumbnail695.webp"", ""https://www.property.co.zw/uploadedfiles/6b/5d/cf/6b5dcf43-e3a3-4fcc-ad67-5db9930b31e9_thumbnail695.webp"", ""https://www.property.co.zw/uploadedfiles/a3/5e/ae/a35eae72-562b-4ce6-8798-2b383e3dbbe8_thumbnail695.webp"", ""https://www.property.co.zw/uploadedfiles/69/9b/9b/699b9b74-dcab-4e94-a779-c88fba09c029_thumbnail695.webp"", ""https://www.property.co.zw/uploadedfiles/13/54/8e/13548e74-0656-4121-a132-9796c8a9ebc1_thumbnail695.webp"", ""https://www.property.co.zw/uploadedfiles/53/75/95/5375953a-4a64-4477-8cd0-6cfe0c57ad99_thumbnail695.webp"", ""https://www.property.co.zw/uploadedfiles/62/98/1f/62981f9a-1c79-4b0c-ae8a-9d9680e0a1c6_thumbnail695.webp"", ""https://www.property.co.zw/uploadedfiles/29/26/61/29266166-42f8-4e14-acb9-ff08bf1dd096_thumbnail695.webp"", ""https://www.property.co.zw/uploadedfiles/b7/15/42/b7154238-b3d2-44a2-88bc-0525f616e2e5_thumbnail695.webp"", ""https://www.property.co.zw/uploadedfiles/7d/4b/f0/7d4bf018-a8b6-4b1a-ae79-4414e42d74f0_thumbnail695.webp"", ""https://www.property.co.zw/uploadedfiles/5e/b7/66/5eb76672-f6f0-47bd-a66d-20a95536feb2_thumbnail695.webp"", ""https://www.property.co.zw/uploadedfiles/32/ce/dc/32cedc40-de0b-4b3e-b032-637a697a41b8_thumbnail695.webp"", ""https://www.property.co.zw/uploadedfiles/9f/84/d9/9f84d935-a867-4458-9fe0-b91c041876ac_thumbnail695.webp"", ""https://www.property.co.zw/uploadedfiles/38/b7/a0/38b7a067-0f37-42bf-85c7-73f751621891_thumbnail695.webp"", ""https://www.property.co.zw/uploadedfiles/36/a3/93/36a39368-7375-413d-9db4-f5db69b913f5_thumbnail695.webp"", ""https://www.property.co.zw/uploadedfiles/aa/53/35/aa53350c-e2be-4bea-aff8-e7178cffd10c_thumbnail695.webp"", ""https://www.property.co.zw/uploadedfiles/83/33/69/833369b3-691e-420e-88ec-91f12813485a_thumbnail695.webp"", ""https://www.property.co.zw/uploadedfiles/37/c6/29/37c62926-879f-4aa1-beb3-d82fb20e2681_thumbnail695.webp"", ""https://www.property.co.zw/uploadedfiles/e7/91/2c/e7912c9b-24f7-4db6-9b2f-e1b0ac472302_thumbnail695.webp"", ""https://www.property.co.zw/uploadedfiles/4a/c1/fe/4ac1fe87-0431-4fb4-94ba-94b617d031ce_thumbnail695.webp"", ""https://www.property.co.zw/uploadedfiles/0e/9e/03/0e9e03df-ac16-4cc4-846b-e2950903581b_thumbnail695.webp""]",2026-09-23T16:19:38,False,240000.0,,already USD,False,False,True,True,"statistical price outlier within its suburb (log-price, 1.5xIQR rule) -- inspect manually, do not assume error",False,False,False,False,False,False,False,False,False,False,False,False,False,False,False,False,False,False,False,False,False,False,False,False,0
PGP245377,https://www.property.co.zw/for-sale/houses-pgp245377,4- bedroom En suite Home on 1160sqm in Hillside,250000.0,USD,Hillside,Harare South,Zimbabwe,"Hillside, Harare South, Harare",4,4.0,150.0,m²,1160.0,m²,"Set in the well-established suburb of Hillside, Harare South, this appealing 4-bedroom, 4-bathroom home sits on a spacious 1,160sqm stand. The property is framed",2026-04-22,2026-04-22T13:12:20+02:00,Pam Golding Properties,25,"[""https://www.property.co.zw/uploadedfiles/6e/a1/f9/6ea1f90e-32fa-481e-a344-5c364978fc95_thumbnail695.webp"", ""https://www.property.co.zw/uploadedfiles/a5/c6/d1/a5c6d10d-e179-40ac-84dc-64c7d156c3f4_thumbnail695.webp"", ""https://www.property.co.zw/uploadedfiles/04/f6/1e/04f61e99-6cb6-4ba6-a6e4-54a39e882bae_thumbnail695.webp"", ""https://www.property.co.zw/uploadedfiles/19/c2/64/19c264a7-c483-43d7-a898-98134c63e91f_thumbnail695.webp"", ""https://www.property.co.zw/uploadedfiles/1f/98/e7/1f98e797-d6bb-4744-9824-46c70d8b9c6f_thumbnail695.webp"", ""https://www.property.co.zw/uploadedfiles/14/f1/39/14f13983-a990-46ef-901b-b9e5147d652f_thumbnail695.webp"", ""https://www.property.co.zw/uploadedfiles/05/97/e7/0597e776-6d9c-49ed-998d-fcc61233060d_thumbnail695.webp"", ""https://www.property.co.zw/uploadedfiles/73/ee/ab/73eeab89-dac4-41e8-b751-81112c09acda_thumbnail695.webp"", ""https://www.property.co.zw/uploadedfiles/2d/03/2c/2d032c25-078a-4f3b-b1b2-a0c8604e253a_thumbnail695.webp"", ""https://www.property.co.zw/uploadedfiles/6d/c1/29/6dc1296c-22f2-4a86-9cc1-9994ee172619_thumbnail695.webp"", ""https://www.property.co.zw/uploadedfiles/a1/7c/fc/a17cfcfc-375b-45b5-af7b-b4ce84751407_thumbnail695.webp"", ""https://www.property.co.zw/uploadedfiles/bd/4b/3a/bd4b3a22-92d6-44ae-b351-9f05ac821161_thumbnail695.webp"", ""https://www.property.co.zw/uploadedfiles/67/38/80/67388034-ce31-40e3-bac6-19f33d53a899_thumbnail695.webp"", ""https://www.property.co.zw/uploadedfiles/6e/c9/d9/6ec9d979-130e-4f5f-bbee-6a320c8305cf_thumbnail695.webp"", ""https://www.property.co.zw/uploadedfiles/fd/4b/b9/fd4bb998-d27b-4127-9563-05828b798535_thumbnail695.webp"", ""https://www.property.co.zw/uploadedfiles/0d/b9/fd/0db9fdd3-02b9-4e1e-b5b5-ef0d752fc8c9_thumbnail695.webp"", ""https://www.property.co.zw/uploadedfiles/e3/86/15/e3861521-3d82-40fa-ac0e-ec4e74417e31_thumbnail695.webp"", ""https://www.property.co.zw/uploadedfiles/b5/d3/f2/b5d3f2e9-1ff8-43bc-b415-0abea24744ed_thumbnail695.webp"", ""https://www.property.co.zw/uploadedfiles/b2/7b/13/b27b13fe-da7e-4309-90a2-253af4959f4a_thumbnail695.webp"", ""https://www.property.co.zw/uploadedfiles/a1/30/b8/a130b8ea-cfb5-4079-98ba-42681ed3bc5d_thumbnail695.webp"", ""https://www.property.co.zw/uploadedfiles/aa/4d/9d/aa4d9d8b-63b7-457b-a08d-7e59f8a47529_thumbnail695.webp"", ""https://www.property.co.zw/uploadedfiles/4f/b5/89/4fb589ec-0638-4150-aaf5-6a7d6d67a741_thumbnail695.webp"", ""https://www.property.co.zw/uploadedfiles/e1/e3/a5/e1e3a5c5-6dbc-4d77-b947-2912e90747e0_thumbnail695.webp"", ""https://www.property.co.zw/uploadedfiles/d1/e6/2b/d1e62b13-1292-4c77-858f-8d32bb311b91_thumbnail695.webp"", ""https://www.property.co.zw/uploadedfiles/b3/d6/f0/b3d6f0e5-adc7-43ec-b8a7-be94872a253e_thumbnail695.webp""]",2026-09-23T16:19:43,False,250000.0,,already USD,False,False,True,True,,False,False,False,False,False,False,False,False,False,False,False,False,False,False,False,False,False,False,False,False,False,False,False,False,0
JSPP251315,https://www.property.co.zw/for-sale/houses-jspp251315,Spacious Family Solid home......,170000.0,USD,Westgate,Harare West,Zimbabwe,"Westgate, Harare West, Harare",4,2.0,800.0,m²,1210.0,m²,"Spacious family home in Westgate, Harare West — a solid 4-bedroom, 2-bath property set on a generous 1,210 m² stand with a substantial 800 m² of built space, ideal",2026-07-14,2026-09-17T17:35:35+02:00,Just Property,22,"[""https://www.property.co.zw/uploadedfiles/62/c8/b1/62c8b1de-fdd1-485a-8d5c-970da5dc462b_thumbnail695.webp"", ""https://www.property.co.zw/uploadedfiles/7d/e0/80/7de080dc-1426-4550-adf0-6838ab28e249_thumbnail695.webp"", ""https://www.property.co.zw/uploadedfiles/3a/38/d2/3a38d2f8-7b00-4021-854a-1e71673f1443_thumbnail695.webp"", ""https://www.property.co.zw/uploadedfiles/06/cd/8b/06cd8b5e-0874-401d-b0c5-2417101d5627_thumbnail695.webp"", ""https://www.property.co.zw/uploadedfiles/d3/c1/c7/d3c1c7a1-a9f4-4332-9cd3-43460b50deae_thumbnail695.webp"", ""https://www.property.co.zw/uploadedfiles/59/92/02/59920221-12ed-456a-9e7b-23f005cadcf6_thumbnail695.webp"", ""https://www.property.co.zw/uploadedfiles/98/8a/9d/988a9d0b-33e0-463a-bed8-8df61ebfa9c6_thumbnail695.webp"", ""https://www.property.co.zw/uploadedfiles/0d/6f/fa/0d6ffa64-eca2-4bd4-b7c8-444c1de64a8a_thumbnail695.webp"", ""https://www.property.co.zw/uploadedfiles/c4/19/a5/c419a5da-1258-4f47-a4c3-b8744f443408_thumbnail695.webp"", ""https://www.property.co.zw/uploadedfiles/24/e8/88/24e88819-6e75-46e4-8be9-0340002244a4_thumbnail695.webp"", ""https://www.property.co.zw/uploadedfiles/2e/e2/a5/2ee2a5e5-673b-4c62-83dd-032fe384d398_thumbnail695.webp"", ""https://www.property.co.zw/uploadedfiles/1d/61/60/1d61606f-7082-4046-85b6-10605c57040c_thumbnail695.webp"", ""https://www.property.co.zw/uploadedfiles/2a/de/d7/2aded7a8-8895-407c-b719-703537359587_thumbnail695.webp"", ""https://www.property.co.zw/uploadedfiles/35/36/47/353647c2-ca66-43c8-80f4-7390f521c460_thumbnail695.webp"", ""https://www.property.co.zw/uploadedfiles/3e/7a/64/3e7a64bc-e5ec-447e-95ba-bcd445f65974_thumbnail695.webp"", ""https://www.property.co.zw/uploadedfiles/d1/a7/a7/d1a7a73a-7703-4c25-bfaa-40628df73441_thumbnail695.webp"", ""https://www.property.co.zw/uploadedfiles/65/90/7b/65907b4c-1f18-4380-b96e-4f3a97881143_thumbnail695.webp"", ""https://www.property.co.zw/uploadedfiles/65/4f/89/654f8961-f563-4b92-ac50-72ed795f92f0_thumbnail695.webp"", ""https://www.property.co.zw/uploadedfiles/ea/6a/7b/ea6a7b6c-9697-4430-84bf-e58516935107_thumbnail695.webp"", ""https://www.property.co.zw/uploadedfiles/a8/d9/ce/a8d9cee0-0dcd-4086-acaf-1c9181ea1690_thumbnail695.webp"", ""https://www.property.co.zw/uploadedfiles/43/a4/e6/43a4e69d-d59a-4b2f-aae2-88d5a818e0b2_thumbnail695.webp"", ""https://www.property.co.zw/uploadedfiles/09/b2/85/09b28511-3c23-46c8-bf5e-db4c2a4d3ea8_thumbnail695.webp""]",2026-09-23T16:19:47,False,170000.0,,already USD,False,False,True,True,,False,False,False,False,False,False,False,False,False,False,False,False,False,False,False,False,False,False,False,False,False,False,False,False,0
KHA254716,https://www.property.co.zw/for-sale/houses-kha254716,Arlington House For Swle (Finish To Your Own Taste),150000.0,USD,Arlington,Harare South,Zimbabwe,"Arlington, Harare South, Harare",3,2.0,188.0,m²,609.0,m²,"Arlington (Old) House For Sale 
3 bedroomed house on 609sqm
Title deeds| communal borehole 

Modern 3 beds with tiles ans ceilin, open plan lounge, kitchen and",2026-09-07,2026-09-17T12:33:14+02:00,Khalida Realty,10,"[""https://www.property.co.zw/uploadedfiles/d8/bd/a1/d8bda1ea-9d48-4f99-ba3a-a558e17b1031_thumbnail695.webp"", ""https://www.property.co.zw/uploadedfiles/c0/ad/36/c0ad36dd-f3a4-4de9-97e8-f3d001727a26_thumbnail695.webp"", ""https://www.property.co.zw/uploadedfiles/4b/c1/40/4bc140f2-5451-485a-a0fc-a1b3a5ead6c7_thumbnail695.webp"", ""https://www.property.co.zw/uploadedfiles/ec/d7/73/ecd77392-8c05-4b67-bdc5-38d301d893bf_thumbnail695.webp"", ""https://www.property.co.zw/uploadedfiles/57/15/04/5715043a-dbe2-46d0-a0b0-c55b11c9e3e8_thumbnail695.webp"", ""https://www.property.co.zw/uploadedfiles/07/18/96/07189625-2182-47c0-8746-ac24a12faa17_thumbnail695.webp"", ""https://www.property.co.zw/uploadedfiles/24/e8/44/24e8442f-02dd-4d89-98b8-8f33dac9e614_thumbnail695.webp"", ""https://www.property.co.zw/uploadedfiles/8c/1d/73/8c1d7381-aee0-4c90-9948-a7464adc6ec9_thumbnail695.webp"", ""https://www.property.co.zw/uploadedfiles/57/b2/f5/57b2f5e6-714a-404e-94d4-04d48444ba79_thumbnail695.webp"", ""https://www.property.co.zw/uploadedfiles/af/35/da/af35dab1-3f15-4724-80fc-ca9f89dfd82d_thumbnail695.webp""]",2026-09-23T16:19:52,False,150000.0,,already USD,False,False,True,True,,False,False,False,False,False,False,False,False,False,False,False,False,False,False,True,False,False,False,False,False,False,False,True,False,0
RRT251809,https://www.property.co.zw/for-sale/houses-rrt251809, Prime 1-Acre Parktown Property with Separate Cottage,185000.0,USD,Parktown,Harare South,Zimbabwe,"Parktown, Harare South, Harare",3,2.0,200.0,m²,4000.0,m²,"Discover ultimate versatility in this rock-solid Parktown estate, perfectly positioned near Parktown Waterfalls shops and premier medical facilities. Featuring a",2026-07-20,2026-07-21T12:48:29+02:00,Robert Root,19,"[""https://www.property.co.zw/uploadedfiles/69/fc/6f/69fc6fe0-b898-4907-b87d-b666f5ffdaf9_thumbnail695.webp"", ""https://www.property.co.zw/uploadedfiles/b0/d6/f5/b0d6f5d0-3cf7-4d7d-843c-3343a0949775_thumbnail695.webp"", ""https://www.property.co.zw/uploadedfiles/cf/da/f2/cfdaf270-722d-4195-9255-b9881e116a8e_thumbnail695.webp"", ""https://www.property.co.zw/uploadedfiles/b3/aa/6e/b3aa6ec4-c641-464c-a36d-c7f95d70a813_thumbnail695.webp"", ""https://www.property.co.zw/uploadedfiles/e8/7a/9d/e87a9d8d-883e-4c61-918c-860d4c87b262_thumbnail695.webp"", ""https://www.property.co.zw/uploadedfiles/c3/50/45/c35045ec-58b8-4973-bcc6-16e81cb3e74d_thumbnail695.webp"", ""https://www.property.co.zw/uploadedfiles/32/17/04/321704c5-19a4-4f4b-ad8b-c69748683163_thumbnail695.webp"", ""https://www.property.co.zw/uploadedfiles/57/13/4f/57134fb7-a8aa-4f3b-a32b-1773c43db0e8_thumbnail695.webp"", ""https://www.property.co.zw/uploadedfiles/30/53/0e/30530e2d-1975-4ff1-b93f-855467326d85_thumbnail695.webp"", ""https://www.property.co.zw/uploadedfiles/3a/61/69/3a616958-e0af-4e83-b8de-34b842ea9b20_thumbnail695.webp"", ""https://www.property.co.zw/uploadedfiles/f4/d3/26/f4d326ef-f24d-474e-9c28-4d7bed86918e_thumbnail695.webp"", ""https://www.property.co.zw/uploadedfiles/e9/68/cb/e968cbbd-952e-40bb-b13e-b41b3f27ef15_thumbnail695.webp"", ""https://www.property.co.zw/uploadedfiles/13/7f/f9/137ff91f-4821-45a5-a3dd-ea78bbd9be55_thumbnail695.webp"", ""https://www.property.co.zw/uploadedfiles/af/f2/19/aff2198e-030f-4698-92fc-4d97dd6cbeb0_thumbnail695.webp"", ""https://www.property.co.zw/uploadedfiles/78/b3/cc/78b3ccad-eb6b-4ba7-a06e-7cbe129843c6_thumbnail695.webp"", ""https://www.property.co.zw/uploadedfiles/f3/0e/01/f30e013c-178d-4086-9533-83d7fc26cd8f_thumbnail695.webp"", ""https://www.property.co.zw/uploadedfiles/92/36/7c/92367ce4-2b70-498f-bcb5-0100849cf259_thumbnail695.webp"", ""https://www.property.co.zw/uploadedfiles/78/8d/2d/788d2d4c-f968-4d61-aa8a-51402451ed70_thumbnail695.webp"", ""https://www.property.co.zw/uploadedfiles/cb/9a/0a/cb9a0a45-55ed-4d43-918f-abcaaa730cf8_thumbnail695.webp""]",2026-09-23T16:19:57,False,185000.0,,already USD,False,False,True,True,,False,False,False,False,False,False,False,False,False,False,False,False,False,False,False,False,False,False,False,False,False,False,False,False,0
PGP249990,https://www.property.co.zw/for-sale/houses-pgp249990,Family Friendly Home,250000.0,USD,Westgate,Harare West,Zimbabwe,"Westgate, Harare West, Harare",4,3.0,300.0,m²,2000.0,m²,"This home in the Westgate neighborhood offers a spacious and thoughtfully designed layout. The residence features a main ensuite bedroom, complemented by three",2026-06-24,2026-06-24T22:59:51+02:00,Pam Golding Properties,13,"[""https://www.property.co.zw/uploadedfiles/ce/e5/c7/cee5c71e-0fcc-41b7-8b49-8c7c3039e0f0_thumbnail695.webp"", ""https://www.property.co.zw/uploadedfiles/20/6b/90/206b903b-ccf1-47a8-9321-3b287ede4b01_thumbnail695.webp"", ""https://www.property.co.zw/uploadedfiles/f9/36/ca/f936ca89-a0ce-4797-85b7-4b56a119cafe_thumbnail695.webp"", ""https://www.property.co.zw/uploadedfiles/af/44/f8/af44f80a-2037-47f6-b7d6-592950620bce_thumbnail695.webp"", ""https://www.property.co.zw/uploadedfiles/1f/5d/43/1f5d4310-7d69-4f69-ad4e-fcb0a171eaa2_thumbnail695.webp"", ""https://www.property.co.zw/uploadedfiles/7c/12/a0/7c12a001-6107-4761-b768-fc46b6baf7d4_thumbnail695.webp"", ""https://www.property.co.zw/uploadedfiles/21/1b/f2/211bf28a-e0b2-4bc5-ac0a-6a1e96d49f05_thumbnail695.webp"", ""https://www.property.co.zw/uploadedfiles/9c/33/0b/9c330b34-80ec-46f1-8bbb-239a59da371b_thumbnail695.webp"", ""https://www.property.co.zw/uploadedfiles/b8/42/9f/b8429f6c-facf-44df-8a2b-af928b56ef40_thumbnail695.webp"", ""https://www.property.co.zw/uploadedfiles/6c/a0/ff/6ca0ff0d-4d6a-475a-918f-c96e43124b95_thumbnail695.webp"", ""https://www.property.co.zw/uploadedfiles/e6/57/4d/e6574d87-3262-41a6-82a5-ab4e80c5c50c_thumbnail695.webp"", ""https://www.property.co.zw/uploadedfiles/9c/1e/4b/9c1e4b49-6bf4-4eaf-806b-54d376faadc0_thumbnail695.webp"", ""https://www.property.co.zw/uploadedfiles/df/00/be/df00bec3-03af-414d-9dc7-45751f5e887e_thumbnail695.webp""]",2026-09-23T16:20:01,False,250000.0,,already USD,False,False,True,True,,False,False,False,False,False,False,False,False,False,False,False,False,False,False,False,False,False,False,False,True,False,False,False,False,0
HTNP247528,https://www.property.co.zw/for-sale/houses-htnp247528,Spacious 4-Bed Home with Solar & Garage in Haydon Park,150000.0,USD,Haydon Park,Harare West,Zimbabwe,"Haydon Park, Harare West, Harare",4,3.0,146.0,m²,800.0,m²,"Stylish 4-bedroom, 3-bathroom family home in Haydon Park, Harare West, set on an 800 m² stand with a comfortable living space. The property welcomes you with a",2026-05-20,2026-05-20T21:17:01+02:00,Hilton Properties,21,"[""https://www.property.co.zw/uploadedfiles/01/1a/b4/011ab427-dae3-44a3-8a25-8d864c169d02_thumbnail695.webp"", ""https://www.property.co.zw/uploadedfiles/d2/5d/05/d25d05d9-f3da-44f1-a8ae-9063d05e8cde_thumbnail695.webp"", ""https://www.property.co.zw/uploadedfiles/20/7f/55/207f55b2-3dcb-4584-9a05-efa24aa233f5_thumbnail695.webp"", ""https://www.property.co.zw/uploadedfiles/25/c7/57/25c757fa-8f82-483e-ba3d-1ffac358993f_thumbnail695.webp"", ""https://www.property.co.zw/uploadedfiles/55/fc/cc/55fcccd1-1593-46a0-a27c-d569300d05bd_thumbnail695.webp"", ""https://www.property.co.zw/uploadedfiles/31/2c/2f/312c2f28-1c97-4165-9d52-a7c3c15bb30b_thumbnail695.webp"", ""https://www.property.co.zw/uploadedfiles/a9/c3/ec/a9c3ecef-c5bf-464d-a65b-dfaf01109853_thumbnail695.webp"", ""https://www.property.co.zw/uploadedfiles/bd/96/b4/bd96b40f-56a8-47f6-aeb9-1b602003be20_thumbnail695.webp"", ""https://www.property.co.zw/uploadedfiles/44/55/67/4455675e-1489-4e7a-b0d7-40d3e41b2509_thumbnail695.webp"", ""https://www.property.co.zw/uploadedfiles/e3/e7/87/e3e7874c-6117-42ff-8ea6-7d1b0aca1bac_thumbnail695.webp"", ""https://www.property.co.zw/uploadedfiles/d3/2e/f1/d32ef1a0-7797-41e1-8371-54afa23560e9_thumbnail695.webp"", ""https://www.property.co.zw/uploadedfiles/b4/f8/40/b4f8404c-17ba-4285-a8a4-bc1d2b045917_thumbnail695.webp"", ""https://www.property.co.zw/uploadedfiles/11/de/82/11de8271-8f65-43b3-bb08-c8a33969fb23_thumbnail695.webp"", ""https://www.property.co.zw/uploadedfiles/22/33/eb/2233eb70-d8b1-4de8-922d-1a49edce81d4_thumbnail695.webp"", ""https://www.property.co.zw/uploadedfiles/d6/b4/d6/d6b4d6f9-dcb5-46b0-b231-2816204318e3_thumbnail695.webp"", ""https://www.property.co.zw/uploadedfiles/e1/74/e5/e174e582-3ad4-420d-9cf2-2cc55d462c64_thumbnail695.webp"", ""https://www.property.co.zw/uploadedfiles/63/d2/a0/63d2a0c7-8fd6-43f3-aa1b-e3a3b1c83f21_thumbnail695.webp"", ""https://www.property.co.zw/uploadedfiles/75/7f/a1/757fa16c-d791-4e6d-8f3e-64b36bfda49f_thumbnail695.webp"", ""https://www.property.co.zw/uploadedfiles/34/98/b5/3498b57b-ef35-4488-8f97-06738f5ae705_thumbnail695.webp"", ""https://www.property.co.zw/uploadedfiles/cf/b2/e9/cfb2e99a-f014-4e1a-a400-9f83bc5a1055_thumbnail695.webp"", ""https://www.property.co.zw/uploadedfiles/2b/58/4a/2b584a7f-552d-4bbc-b26f-24918623317b_thumbnail695.webp""]",2026-09-23T16:20:06,False,150000.0,,already USD,False,False,True,True,,False,False,False,False,False,False,False,False,False,False,False,False,False,False,False,False,False,False,False,False,False,False,False,False,0
JSPP245580,https://www.property.co.zw/for-sale/houses-jspp245580,"Bright 5-Bed Family Home with Garden & Secure Wall, Katanga",75000.0,USD,Katanga,Norton,Zimbabwe,"Katanga, Norton, Mashonaland West",5,2.0,250.0,m²,,759,"Charming family home in Katanga, Norton — solid single-storey residence on a generous 759 m² stand with approximately 250 m² building area. This practical",2026-04-24,2026-04-24T09:28:36+02:00,Just Property,16,"[""https://www.property.co.zw/uploadedfiles/a2/a3/11/a2a31114-ce22-4bcd-9c1b-01470750e61c_thumbnail695.webp"", ""https://www.property.co.zw/uploadedfiles/a5/b3/2f/a5b32f58-6e25-4539-bcc5-6fefbef214fe_thumbnail695.webp"", ""https://www.property.co.zw/uploadedfiles/3a/ef/cc/3aefccf4-5e5a-464f-a909-5fd78bd89e12_thumbnail695.webp"", ""https://www.property.co.zw/uploadedfiles/b3/a1/ee/b3a1eedd-b8b1-44b6-becd-02a64ad87217_thumbnail695.webp"", ""https://www.property.co.zw/uploadedfiles/03/74/5d/03745d5f-022d-4cfd-9242-ce128dfd11e6_thumbnail695.webp"", ""https://www.property.co.zw/uploadedfiles/a1/90/ee/a190eeb5-0ec0-49ce-b999-f86edc99056e_thumbnail695.webp"", ""https://www.property.co.zw/uploadedfiles/c4/93/41/c4934145-7838-493b-b55b-43f023cc960c_thumbnail695.webp"", ""https://www.property.co.zw/uploadedfiles/9b/89/4b/9b894bc5-431e-4f78-b226-0afdc86ef33b_thumbnail695.webp"", ""https://www.property.co.zw/uploadedfiles/08/b8/42/08b842df-1da0-4edd-854e-e0d3c184fb0f_thumbnail695.webp"", ""https://www.property.co.zw/uploadedfiles/fe/d7/9c/fed79cf3-4faa-4ec4-a3fd-3942dc60da25_thumbnail695.webp"", ""https://www.property.co.zw/uploadedfiles/80/39/70/803970df-2a9d-43e5-b1ca-bc4be95dd2ac_thumbnail695.webp"", ""https://www.property.co.zw/uploadedfiles/27/1b/0d/271b0d19-788a-4c67-8e9b-30b6fcbb35d2_thumbnail695.webp"", ""https://www.property.co.zw/uploadedfiles/57/d2/a5/57d2a55a-aa40-4f1b-8b74-e8b6a6d35812_thumbnail695.webp"", ""https://www.property.co.zw/uploadedfiles/05/ea/9b/05ea9be8-8548-490c-856c-f50a8962fab6_thumbnail695.webp"", ""https://www.property.co.zw/uploadedfiles/f1/89/8f/f1898f3d-1a69-41dc-a325-8d9511b9b969_thumbnail695.webp"", ""https://www.property.co.zw/uploadedfiles/1f/c1/86/1fc1863f-32da-4e47-9ca1-20462e067494_thumbnail695.webp""]",2026-09-23T16:20:10,False,75000.0,,already USD,False,False,False,True,,False,False,False,False,False,False,False,False,False,False,False,False,False,False,False,False,False,False,False,False,False,False,False,False,0
TRZ254154,https://www.property.co.zw/for-sale/houses-trz254154,Mabvazuva House For Sale,110000.0,USD,Mabvazuva,Ruwa,Zimbabwe,"Mabvazuva, Ruwa, Mashonaland East",4,2.0,,,400.0,m²,"Step into comfort, space, and modern living with this beautifully designed family home in Mabvazuva. Perfect for growing families or investors seeking value and",2026-08-27,2026-08-27T14:12:00+02:00,Terezim Properties,9,"[""https://www.property.co.zw/uploadedfiles/3d/b8/28/3db828ed-109b-41d2-8dc2-5ca466dd61b6_thumbnail695.webp"", ""https://www.property.co.zw/uploadedfiles/5f/33/60/5f336032-1480-483b-9ffb-34e2b8578e93_thumbnail695.webp"", ""https://www.property.co.zw/uploadedfiles/99/24/e2/9924e22c-7da4-4244-a091-5f78d51c2e6c_thumbnail695.webp"", ""https://www.property.co.zw/uploadedfiles/15/c2/1e/15c21ecf-1f8c-425d-bd82-675a8de39951_thumbnail695.webp"", ""https://www.property.co.zw/uploadedfiles/86/31/73/86317399-5848-440e-a2ad-a64bc3435170_thumbnail695.webp"", ""https://www.property.co.zw/uploadedfiles/bc/07/76/bc077685-fd86-46c1-8062-c56921c798d9_thumbnail695.webp"", ""https://www.property.co.zw/uploadedfiles/37/15/4b/37154bb7-caff-40c7-a840-6e004fbdfb15_thumbnail695.webp"", ""https://www.property.co.zw/uploadedfiles/01/ab/34/01ab34dc-bd2a-4a5f-beb6-5c78b86ce61b_thumbnail695.webp"", ""https://www.property.co.zw/uploadedfiles/77/fc/d5/77fcd579-d1e6-41bb-81b6-2c5a352917e2_thumbnail695.webp""]",2026-09-23T16:20:15,False,110000.0,,already USD,False,False,True,False,,False,False,False,False,False,False,False,False,False,False,False,False,False,False,False,False,False,False,False,False,False,False,False,False,0
ALX244882,https://www.property.co.zw/for-sale/houses-alx244882,Aquatic Centre Chitungwiza Hose Available!,55000.0,USD,Chitungwiza,Chitungwiza,Zimbabwe,"Chitungwiza, Mashonaland East",3,1.0,150.0,m²,300.0,m²,"AQUATIC CENTRE CHITUNGWIZA

3beds 2 with BIC
Combined kitchen and dining
Lounge
Seperate Bath and Toiletchr
Well
Single Carport
Fowl-run-with a capacity of",2026-04-16,2026-04-16T10:32:34+02:00,AlexCourt Real Estate,5,"[""https://www.property.co.zw/uploadedfiles/1a/c5/b4/1ac5b4b2-d8ac-42ac-942e-291f72455ae2_thumbnail695.webp"", ""https://www.property.co.zw/uploadedfiles/18/d5/9c/18d59c61-56cd-4dc9-b146-cc880a76e224_thumbnail695.webp"", ""https://www.property.co.zw/uploadedfiles/39/87/f9/3987f944-9d3d-4388-87a1-491baa3075e3_thumbnail695.webp"", ""https://www.property.co.zw/uploadedfiles/8c/17/13/8c17134c-d0f7-4a10-b521-b3299c0fc4d8_thumbnail695.webp"", ""https://www.property.co.zw/uploadedfiles/84/1e/ab/841eabb0-3c68-4843-82cf-5d17d2d019f5_thumbnail695.webp""]",2026-09-23T16:20:19,False,55000.0,,already USD,False,False,True,True,,False,False,False,False,False,False,False,False,False,False,False,False,False,False,False,False,False,False,False,False,True,False,False,False,0
RWS255649,https://www.property.co.zw/for-sale/houses-rws255649,"Good for cluster /flats,or townhouses development",600000.0,USD,Highlands,Harare North,Zimbabwe,"Highlands, Harare North, Harare",5,3.0,400.0,m²,4047.0,m²,"A rare Highlands opportunity: a spacious single-storey family home on a generous 4,047 m² stand with approximately 400 m² of living space. This L-shaped 5-bedroom,",2026-09-22,2026-09-22T10:36:04+02:00,Rawson Properties Harare,9,"[""https://www.property.co.zw/uploadedfiles/08/32/cd/0832cdb0-d5a8-4be0-a917-f747b8e6ef79_thumbnail695.webp"", ""https://www.property.co.zw/uploadedfiles/c0/55/d0/c055d09f-af2c-4660-b8a7-11727cee091f_thumbnail695.webp"", ""https://www.property.co.zw/uploadedfiles/a2/00/4c/a2004cb7-5970-4a58-8c32-cdd7c25d2b94_thumbnail695.webp"", ""https://www.property.co.zw/uploadedfiles/45/da/f1/45daf18d-f60a-4203-b971-85c846febafb_thumbnail695.webp"", ""https://www.property.co.zw/uploadedfiles/a3/a3/78/a3a3784e-b0d9-47a0-8edf-0cd596e35fa0_thumbnail695.webp"", ""https://www.property.co.zw/uploadedfiles/36/b6/f6/36b6f63a-c37c-47b8-8347-7bdb89db329b_thumbnail695.webp"", ""https://www.property.co.zw/uploadedfiles/1f/3b/b8/1f3bb85b-b7cf-428c-aeac-b17572ac0381_thumbnail695.webp"", ""https://www.property.co.zw/uploadedfiles/9e/18/9c/9e189c98-db6b-48c1-a0b4-5d20af7d92ff_thumbnail695.webp"", ""https://www.property.co.zw/uploadedfiles/29/4e/bf/294ebf7f-4684-4a21-9cc8-3f03f7da6110_thumbnail695.webp""]",2026-09-23T16:20:24,False,600000.0,,already USD,False,False,True,True,,False,False,False,False,False,False,False,False,False,False,False,False,False,False,False,False,False,False,False,False,False,False,False,False,0
TEH249213,https://www.property.co.zw/for-sale/houses-teh249213,This double-story property is a rare gem tucked away in a secure and quiet neighborhood.Deeds,350000.0,USD,Avondale - The Ridge,Harare West,Zimbabwe,"Avondale - The Ridge, Harare West, Harare",6,4.0,350.0,m²,980.0,m²,"This double-story property is a rare gem tucked away in a secure and quiet neighborhood, offering the best of both worlds!

 The Main House: A Blend of Elegance",2026-06-13,2026-06-17T11:27:42+02:00,Tanvel Real Estate Harare North,8,"[""https://www.property.co.zw/uploadedfiles/2d/2c/68/2d2c6883-e88f-465e-be6a-3c4f9d23257f_thumbnail695.webp"", ""https://www.property.co.zw/uploadedfiles/08/c4/f0/08c4f0c6-204e-4bbd-b2db-71a830d933ba_thumbnail695.webp"", ""https://www.property.co.zw/uploadedfiles/db/12/02/db12023b-334a-4f2a-ae7f-24179be9f5e0_thumbnail695.webp"", ""https://www.property.co.zw/uploadedfiles/f2/20/ae/f220aead-a389-4146-96e3-e344b5b3c874_thumbnail695.webp"", ""https://www.property.co.zw/uploadedfiles/5a/4d/c8/5a4dc8c8-733e-4f8d-9d21-95d732ee5857_thumbnail695.webp"", ""https://www.property.co.zw/uploadedfiles/a7/7f/45/a77f4524-90e0-4d5b-8ba4-2cfdd4d37628_thumbnail695.webp"", ""https://www.property.co.zw/uploadedfiles/6d/e1/a6/6de1a610-6bf0-44b6-af60-0db652be1e35_thumbnail695.webp"", ""https://www.property.co.zw/uploadedfiles/6c/f3/94/6cf39418-bbc6-49eb-b708-d7ac440111bd_thumbnail695.webp""]",2026-09-23T16:20:28,False,350000.0,,already USD,False,False,True,True,,False,False,False,False,False,False,False,False,False,False,False,False,False,False,False,False,False,False,False,False,False,False,False,False,0
PGP245277,https://www.property.co.zw/for-sale/houses-pgp245277,"Prime Opportunity on Samora Machel Avenue, Eastlea",450000.0,USD,Eastlea,Harare East,Zimbabwe,"Eastlea, Harare East, Harare",4,3.0,200.0,m²,1784.0,m²,"Positioned along Samora Machel Avenue, this robust investment property in Eastlea offers both immediate appeal and long-term potential. Set on 1,784 sqm stand, the",2026-04-21,2026-04-21T15:34:42+02:00,Pam Golding Properties,14,"[""https://www.property.co.zw/uploadedfiles/fb/c7/7f/fbc77fdc-0d44-4c1a-9a46-9be14343d530_thumbnail695.webp"", ""https://www.property.co.zw/uploadedfiles/e0/ca/c7/e0cac7bb-ef58-42d6-8a60-818d9395b5b8_thumbnail695.webp"", ""https://www.property.co.zw/uploadedfiles/6c/a0/62/6ca06270-9078-4b5f-9eca-a0e78cb05541_thumbnail695.webp"", ""https://www.property.co.zw/uploadedfiles/24/be/eb/24beeb27-30df-4fb1-822e-6fe67d78f5a9_thumbnail695.webp"", ""https://www.property.co.zw/uploadedfiles/f9/b5/3d/f9b53dd5-380c-4bd3-afc3-065bf2dbd6af_thumbnail695.webp"", ""https://www.property.co.zw/uploadedfiles/cb/1d/65/cb1d6544-935b-474c-8ddc-76eb82ebab79_thumbnail695.webp"", ""https://www.property.co.zw/uploadedfiles/78/c5/6b/78c56bd3-7bbd-4b33-9e08-f6d34d0b5e31_thumbnail695.webp"", ""https://www.property.co.zw/uploadedfiles/55/27/a0/5527a002-fdb4-4586-aa6e-bcf730b2b4f0_thumbnail695.webp"", ""https://www.property.co.zw/uploadedfiles/22/93/8c/22938c1c-d6f0-4d0d-a2d9-d4add7a553e4_thumbnail695.webp"", ""https://www.property.co.zw/uploadedfiles/a5/cb/f0/a5cbf0c9-6fe7-4419-b05f-26a5f612e6ef_thumbnail695.webp"", ""https://www.property.co.zw/uploadedfiles/c8/eb/d4/c8ebd4b5-ee07-4bdb-8d9c-a46a716df136_thumbnail695.webp"", ""https://www.property.co.zw/uploadedfiles/fb/9d/a5/fb9da58b-bafc-494e-90be-8fa981b0e952_thumbnail695.webp"", ""https://www.property.co.zw/uploadedfiles/f0/9c/7f/f09c7f04-50cc-4896-8e92-199fa76482b5_thumbnail695.webp"", ""https://www.property.co.zw/uploadedfiles/c8/7f/7e/c87f7ed3-e389-4b8f-9c8c-a98e4e33561e_thumbnail695.webp""]",2026-09-23T16:20:32,False,450000.0,,already USD,False,False,True,True,,False,False,False,False,False,False,False,False,False,False,False,False,False,False,False,False,False,False,False,False,False,False,False,False,0
RWS239314,https://www.property.co.zw/for-sale/houses-rws239314,Beautiful living!!!,250000.0,USD,Sandton Park,Harare West,Zimbabwe,"Sandton Park, Harare West, Harare",5,3.0,500.0,m²,2300.0,m²,"Luxury Home for Sale in Westgate Sandton!Sitting on 2300sqm with Title Deeds.

_Phase 1 – Main House:_
- Spacious open-plan dining, lounge, and modern fitted",2026-01-30,2026-08-13T11:53:51+02:00,Rawson Properties Harare,4,"[""https://www.property.co.zw/uploadedfiles/06/7b/83/067b8365-6f0f-4deb-8b36-15b3ffd85b0c_thumbnail695.webp"", ""https://www.property.co.zw/uploadedfiles/6e/ec/dd/6eecdd1c-9997-423b-901a-55367e5d6441_thumbnail695.webp"", ""https://www.property.co.zw/uploadedfiles/58/5b/f2/585bf246-aaa6-438e-9645-f3d8ca9f0cd9_thumbnail695.webp"", ""https://www.property.co.zw/uploadedfiles/3d/00/4a/3d004a10-6631-4670-bf99-2939faf87ebd_thumbnail695.webp""]",2026-09-23T16:20:37,False,250000.0,,already USD,False,False,True,True,"statistical price outlier within its suburb (log-price, 1.5xIQR rule) -- inspect manually, do not assume error",False,False,False,False,False,False,False,False,False,False,False,False,False,False,False,False,False,False,False,False,False,False,True,False,0
PGP254610,https://www.property.co.zw/for-sale/houses-pgp254610,Exceptional Residence,2100000.0,USD,Borrowdale Brooke,Harare North,Zimbabwe,"Borrowdale Brooke, Harare North, Harare",4,4.0,500.0,m²,4047.0,m²,"Borrowdale Brooke house sitting on an acre with beautiful landscaped gardens, this exceptional home offers breathtaking views of both the garden and 2 private",2026-09-03,2026-09-04T16:59:41+02:00,Pam Golding Properties,21,"[""https://www.property.co.zw/uploadedfiles/36/d8/8c/36d88c40-1234-4256-a9f5-fd6d0df9963b_thumbnail695.webp"", ""https://www.property.co.zw/uploadedfiles/fc/50/aa/fc50aa14-6661-4964-80e3-d2c6f2221636_thumbnail695.webp"", ""https://www.property.co.zw/uploadedfiles/0c/33/bd/0c33bda2-0fef-4f23-9f1e-e63652292e19_thumbnail695.webp"", ""https://www.property.co.zw/uploadedfiles/59/7c/5b/597c5b2d-b905-4ceb-90e0-fefb7529048e_thumbnail695.webp"", ""https://www.property.co.zw/uploadedfiles/08/a6/89/08a6894e-f86b-45d4-905b-8194e9e7cc11_thumbnail695.webp"", ""https://www.property.co.zw/uploadedfiles/79/94/61/799461d3-4070-4f86-b301-f5f81161e065_thumbnail695.webp"", ""https://www.property.co.zw/uploadedfiles/86/67/ab/8667ab36-7b4f-415b-be97-76a6f0dfe718_thumbnail695.webp"", ""https://www.property.co.zw/uploadedfiles/cd/67/47/cd674701-8ea6-439e-b08f-9840f7072773_thumbnail695.webp"", ""https://www.property.co.zw/uploadedfiles/78/6d/1a/786d1a5f-f82e-456f-b9bd-63e65feebf7e_thumbnail695.webp"", ""https://www.property.co.zw/uploadedfiles/d5/1e/57/d51e57bd-60b0-4769-a610-c99657ce612e_thumbnail695.webp"", ""https://www.property.co.zw/uploadedfiles/4b/8b/e6/4b8be619-974a-4925-b6f7-77fc125d01b4_thumbnail695.webp"", ""https://www.property.co.zw/uploadedfiles/10/64/8f/10648f4e-24bd-4e54-a962-1e94d81a89bb_thumbnail695.webp"", ""https://www.property.co.zw/uploadedfiles/49/9e/6a/499e6aef-9dcc-4c51-8876-91317de45926_thumbnail695.webp"", ""https://www.property.co.zw/uploadedfiles/a6/1f/12/a61f12f1-2d37-4dd0-b255-aeb9b5cbddc9_thumbnail695.webp"", ""https://www.property.co.zw/uploadedfiles/40/d0/aa/40d0aa33-98b1-4084-aec6-8877c054e2ee_thumbnail695.webp"", ""https://www.property.co.zw/uploadedfiles/9d/73/ca/9d73caf2-9cdc-4f1c-a7ef-13b23a84f7ed_thumbnail695.webp"", ""https://www.property.co.zw/uploadedfiles/95/04/e1/9504e1d3-202c-4091-923a-b671cc63753d_thumbnail695.webp"", ""https://www.property.co.zw/uploadedfiles/61/12/d8/6112d890-4832-4422-8bec-94686c65727a_thumbnail695.webp"", ""https://www.property.co.zw/uploadedfiles/5f/a7/72/5fa772ad-92d9-4296-9255-c583d0212fdb_thumbnail695.webp"", ""https://www.property.co.zw/uploadedfiles/4d/21/7f/4d217f03-6498-4fe3-8462-820eccba615e_thumbnail695.webp"", ""https://www.property.co.zw/uploadedfiles/be/a1/37/bea1370c-5881-439a-9c6e-8809481169d0_thumbnail695.webp""]",2026-09-23T16:20:41,False,2100000.0,,already USD,False,False,True,True,,False,False,False,False,False,False,False,False,False,False,False,False,False,False,False,False,False,False,False,False,False,False,False,False,0
LAW255586,https://www.property.co.zw/for-sale/houses-law255586,Home,240000.0,USD,Westgate,Harare West,Zimbabwe,"Westgate, Harare West, Harare",4,2.0,400.0,m²,1000.0,m²,"Solid and spacious on 1 000 m2. Offering 4 beds (mes), dining, two lounges, second bathroom, modern fitted kitchen, DLUG, borehole, small staff qrts, secured,",2026-09-21,2026-09-21T14:14:19+02:00,Laws,15,"[""https://www.property.co.zw/uploadedfiles/45/7d/a0/457da01e-e627-4bd2-9f1f-884b7ca3fdac_thumbnail695.webp"", ""https://www.property.co.zw/uploadedfiles/a2/33/5f/a2335f76-eb49-4b4b-82f0-0c1d78537429_thumbnail695.webp"", ""https://www.property.co.zw/uploadedfiles/c6/58/04/c65804d1-6777-41e1-b00a-d168f20d6398_thumbnail695.webp"", ""https://www.property.co.zw/uploadedfiles/c5/01/04/c5010441-d54c-4026-9c38-c79fb105138d_thumbnail695.webp"", ""https://www.property.co.zw/uploadedfiles/6e/24/ab/6e24abf1-cbb1-4067-bc76-8596e85a5895_thumbnail695.webp"", ""https://www.property.co.zw/uploadedfiles/c7/f2/d8/c7f2d81a-9470-4581-b080-da135eba7d59_thumbnail695.webp"", ""https://www.property.co.zw/uploadedfiles/0a/84/0f/0a840f97-9a28-4b9b-88f0-1edfd375a8a5_thumbnail695.webp"", ""https://www.property.co.zw/uploadedfiles/ef/55/41/ef55417c-d496-4d6a-82eb-40e46226d01f_thumbnail695.webp"", ""https://www.property.co.zw/uploadedfiles/15/91/11/1591113e-5c75-4e48-8efa-274995ea9e02_thumbnail695.webp"", ""https://www.property.co.zw/uploadedfiles/cf/57/28/cf57282a-6023-4b99-9401-2ac90316918d_thumbnail695.webp"", ""https://www.property.co.zw/uploadedfiles/e0/56/d4/e056d4e1-6463-4670-94eb-2b6aec18f7c0_thumbnail695.webp"", ""https://www.property.co.zw/uploadedfiles/1c/d0/10/1cd01072-b8c3-465d-9e4e-7e3b1f26a3a4_thumbnail695.webp"", ""https://www.property.co.zw/uploadedfiles/54/2b/19/542b194a-2337-4aca-a8df-5bc25c24ce2c_thumbnail695.webp"", ""https://www.property.co.zw/uploadedfiles/23/6a/79/236a79ef-245a-4330-abf4-87d2b6798278_thumbnail695.webp"", ""https://www.property.co.zw/uploadedfiles/85/c5/e1/85c5e116-f2e6-4468-81fd-2f1923111963_thumbnail695.webp""]",2026-09-23T16:20:46,False,240000.0,,already USD,False,False,True,True,,False,False,False,False,False,False,False,False,False,False,True,False,False,False,True,False,False,False,False,True,False,False,False,False,0
LVP174713,https://www.property.co.zw/for-sale/houses-lvp174713,House for sale in Eastlea ,320000.0,USD,Eastlea,Harare East,Zimbabwe,"Eastlea, Harare East, Harare",3,1.0,200.0,m²,2132.0,m²,"On offer is this golden oldie located in the heart of Eastlea, 2km from town in an area zoned for both commercial and residential, the house comprises of 3",2023-09-21,2026-09-09T11:35:23+02:00,Lightvale Properties,15,"[""https://www.property.co.zw/uploadedfiles/00/cc/a8/00cca8e1-d197-41b9-8888-514a0fc692b5_thumbnail695.webp"", ""https://www.property.co.zw/uploadedfiles/6a/d0/55/6ad055cf-12a3-44e3-a185-ccc9f4b843c2_thumbnail695.webp"", ""https://www.property.co.zw/uploadedfiles/99/98/5b/99985bd8-a15e-43d0-bbd4-fe8469c8b39d_thumbnail695.webp"", ""https://www.property.co.zw/uploadedfiles/bb/59/be/bb59be86-7d50-4588-9585-e166f3dc6672_thumbnail695.webp"", ""https://www.property.co.zw/uploadedfiles/80/2e/a8/802ea80f-7e58-4ac2-a3c3-af490e3d45a0_thumbnail695.webp"", ""https://www.property.co.zw/uploadedfiles/f1/af/ec/f1afecdf-faf4-4779-a4a6-d88a354d6b3d_thumbnail695.webp"", ""https://www.property.co.zw/uploadedfiles/3d/b2/5a/3db25ab4-f9d5-457a-b5e8-4b45d2f582f0_thumbnail695.webp"", ""https://www.property.co.zw/uploadedfiles/85/4a/d1/854ad11b-6600-4b90-9bef-607075c38cac_thumbnail695.webp"", ""https://www.property.co.zw/uploadedfiles/59/8b/da/598bda74-434f-4168-93ce-0000555210fe_thumbnail695.webp"", ""https://www.property.co.zw/uploadedfiles/dc/5c/bf/dc5cbf42-39f8-4b99-bbec-2d44776c75e9_thumbnail695.webp"", ""https://www.property.co.zw/uploadedfiles/d1/26/b5/d126b5a9-4408-45ec-8d65-5e101c48863f_thumbnail695.webp"", ""https://www.property.co.zw/uploadedfiles/de/66/5f/de665f03-7654-484a-80d8-eafea27a4077_thumbnail695.webp"", ""https://www.property.co.zw/uploadedfiles/f6/46/d2/f646d248-fca2-4ae8-92ac-a0f385edc7a5_thumbnail695.webp"", ""https://www.property.co.zw/uploadedfiles/c3/16/17/c31617e4-bcd3-4d12-9b1d-18fb561410af_thumbnail695.webp"", ""https://www.property.co.zw/uploadedfiles/ec/39/85/ec398508-641e-44cb-8ac2-300e6fb5504f_thumbnail695.webp""]",2026-09-23T16:20:50,False,320000.0,,already USD,False,False,True,True,,False,False,False,False,False,False,False,False,False,False,False,False,False,False,False,False,False,False,False,False,False,False,False,False,0
RPR245668,https://www.property.co.zw/for-sale/houses-rpr245668,Mount Pleasant Heights House for sale,400000.0,USD,Mount Pleasant Heights,Harare North,Zimbabwe,"Mount Pleasant Heights, Harare North, Harare",4,4.0,350.0,m²,2400.0,m²,"Mount Pleasant Heights House For Sale
Spacious and secure property on a 2400sqm plot, perfect for families or investors! 
- Main house: 5 bedrooms + separate",2026-04-26,2026-04-28T10:49:33+02:00,Root Pro,13,"[""https://www.property.co.zw/uploadedfiles/bf/9a/3b/bf9a3b37-edcc-4644-ae28-45111efb8f87_thumbnail695.webp"", ""https://www.property.co.zw/uploadedfiles/9e/67/e6/9e67e689-63b8-4a3b-9e43-cd52d6a34fb0_thumbnail695.webp"", ""https://www.property.co.zw/uploadedfiles/0d/56/69/0d566946-f82d-41ee-ad2f-4eaecc428bc8_thumbnail695.webp"", ""https://www.property.co.zw/uploadedfiles/26/5c/a9/265ca9d8-912b-45d4-b8b7-773b3455e08e_thumbnail695.webp"", ""https://www.property.co.zw/uploadedfiles/fc/cb/07/fccb07a0-9ebc-48a9-b472-66a89f6898c1_thumbnail695.webp"", ""https://www.property.co.zw/uploadedfiles/41/fd/03/41fd031f-4c88-4850-ada1-807531614adb_thumbnail695.webp"", ""https://www.property.co.zw/uploadedfiles/4e/72/f8/4e72f8a7-0891-4566-a6fd-0d3919e7cd90_thumbnail695.webp"", ""https://www.property.co.zw/uploadedfiles/a2/96/be/a296be33-aff5-4d6a-a0fe-7d892582add5_thumbnail695.webp"", ""https://www.property.co.zw/uploadedfiles/39/f9/f5/39f9f5fe-7ecf-49dd-99de-8d72d6e1d9b1_thumbnail695.webp"", ""https://www.property.co.zw/uploadedfiles/72/e3/17/72e317f9-e14e-4a95-8885-1e6032dcd41c_thumbnail695.webp"", ""https://www.property.co.zw/uploadedfiles/4a/4b/21/4a4b21dd-23e5-4db5-abf2-ddfb3eec9c32_thumbnail695.webp"", ""https://www.property.co.zw/uploadedfiles/ee/e2/97/eee297e4-725e-4313-b7a0-49dea437bee2_thumbnail695.webp"", ""https://www.property.co.zw/uploadedfiles/b9/c6/b8/b9c6b86c-795f-4f1b-9843-da7ccab5da12_thumbnail695.webp""]",2026-09-23T16:20:54,False,400000.0,,already USD,False,False,True,True,,False,False,False,False,False,False,False,False,False,False,False,False,False,False,False,False,False,False,False,False,False,False,False,False,0
SEF254925,https://www.property.co.zw/for-sale/houses-sef254925,High-Yield Dual-Living Investor Asset – Glen Norah C Extension!,60000.0,USD,Glen Norah,Harare High Density,Zimbabwe,"Glen Norah, Harare High Density, Harare",2,1.0,100.0,m²,300.0,m²,"?? Glen Norah C Ext., Harare | ?? $60,000 (Clean Title Deed)

A massive income-generating opportunity in a prime, high-density growth node! Built with solid",2026-09-09,2026-09-09T23:22:14+02:00,Seeff Zimbabwe,7,"[""https://www.property.co.zw/uploadedfiles/ba/d4/2f/bad42f41-9c07-4d7b-93ff-a4a017415c6e_thumbnail695.webp"", ""https://www.property.co.zw/uploadedfiles/9a/f4/08/9af40838-510a-4416-b07b-bbb102208276_thumbnail695.webp"", ""https://www.property.co.zw/uploadedfiles/c5/54/cf/c554cf95-3530-4ff1-9b8c-94b566b2eadc_thumbnail695.webp"", ""https://www.property.co.zw/uploadedfiles/d5/66/03/d56603c0-3df7-4d8c-a12c-b417651ec9ba_thumbnail695.webp"", ""https://www.property.co.zw/uploadedfiles/77/e6/9e/77e69e41-9355-499d-a500-e92893db6096_thumbnail695.webp"", ""https://www.property.co.zw/uploadedfiles/26/a1/48/26a1486a-eb51-4165-8c85-c8ce19236bc5_thumbnail695.webp"", ""https://www.property.co.zw/uploadedfiles/f2/f2/3c/f2f23c4c-ff2b-4322-b2d1-de19ec9469a7_thumbnail695.webp""]",2026-09-23T16:20:59,False,60000.0,,already USD,False,True,True,True,,False,False,False,False,False,False,False,False,False,False,False,False,False,False,False,False,False,False,False,False,False,False,True,False,0
GAT230394,https://www.property.co.zw/for-sale/houses-gat230394,Incomplete 3-Bedroom House Fidelity South,38000.0,USD,Fidelity,Harare South,Zimbabwe,"Fidelity, Harare South, Harare",3,2.0,180.0,m²,,240,Own your dream home in Fidelity South! This 240sqm residential stand offers a partially built structure at lintel level internally and wall plate level externally,2025-09-26,2026-08-27T13:13:28+02:00,Guest and Tanner Real Estate,11,"[""https://www.property.co.zw/uploadedfiles/9e/d0/09/9ed009a4-cdba-41a8-a38b-101ac847c8a3_thumbnail695.webp"", ""https://www.property.co.zw/uploadedfiles/b9/ad/27/b9ad2729-de5c-4002-92b6-122ececf3d76_thumbnail695.webp"", ""https://www.property.co.zw/uploadedfiles/bb/d3/0f/bbd30f79-868c-4dde-af90-7dbef1dd922b_thumbnail695.webp"", ""https://www.property.co.zw/uploadedfiles/63/a2/8f/63a28fc9-6893-41ce-901b-1dcaff382296_thumbnail695.webp"", ""https://www.property.co.zw/uploadedfiles/18/4f/3c/184f3cf5-1058-445a-8be0-2b24422ae76c_thumbnail695.webp"", ""https://www.property.co.zw/uploadedfiles/90/b7/13/90b71394-4591-49ad-8167-3d63746b880d_thumbnail695.webp"", ""https://www.property.co.zw/uploadedfiles/01/ea/be/01eabefd-ae04-4e63-9b33-5911157bfd95_thumbnail695.webp"", ""https://www.property.co.zw/uploadedfiles/64/24/9a/64249a79-f01c-4425-b151-e65c01683578_thumbnail695.webp"", ""https://www.property.co.zw/uploadedfiles/b8/8c/16/b88c16d5-e107-4c02-ab86-124f7888da28_thumbnail695.webp"", ""https://www.property.co.zw/uploadedfiles/cf/5e/10/cf5e10a5-d1de-4ca3-8c16-9a0773bf53a7_thumbnail695.webp"", ""https://www.property.co.zw/uploadedfiles/16/f7/5b/16f75ba6-12fe-4f8b-8da5-c34ba1ced4b6_thumbnail695.webp""]",2026-09-23T16:21:03,False,38000.0,,already USD,False,False,False,True,,True,False,False,False,False,False,False,False,False,False,False,False,False,False,False,False,False,False,False,False,False,False,False,False,1
KNP235105,https://www.property.co.zw/for-sale/houses-knp235105,Delightful Starter Home Perched On A Hill,400000.0,USD,Glen Lorne,Harare North,Zimbabwe,"Glen Lorne, Harare North, Harare",3,2.0,,,5266.0,m²,"This delightful starter home is perched on a lush green hill offering panoramic views of the surrounding landscape, a perfect blend of natural beauty. The home is",2025-11-26,2026-07-24T09:53:51+02:00,Kennan Properties,21,"[""https://www.property.co.zw/uploadedfiles/e1/8a/45/e18a45d5-f781-4ec5-9612-688dac042357_thumbnail695.webp"", ""https://www.property.co.zw/uploadedfiles/24/e8/1c/24e81cfb-1e55-4895-930b-922a6dcaf2af_thumbnail695.webp"", ""https://www.property.co.zw/uploadedfiles/21/63/57/21635732-4e63-48c6-b187-a41cfa8aeb48_thumbnail695.webp"", ""https://www.property.co.zw/uploadedfiles/8d/d7/37/8dd737f9-f52c-4dbb-80d3-c3fd42081c25_thumbnail695.webp"", ""https://www.property.co.zw/uploadedfiles/d9/38/67/d9386701-14d5-4492-b17f-829c41759514_thumbnail695.webp"", ""https://www.property.co.zw/uploadedfiles/fd/3e/c4/fd3ec46a-e193-4b96-9aed-cb11870947ac_thumbnail695.webp"", ""https://www.property.co.zw/uploadedfiles/b9/31/b6/b931b6d6-6f39-4f6a-b03e-4d7009d12660_thumbnail695.webp"", ""https://www.property.co.zw/uploadedfiles/0b/99/b4/0b99b41e-e817-418f-9fe9-610c8739c894_thumbnail695.webp"", ""https://www.property.co.zw/uploadedfiles/b6/91/96/b691967f-d12c-420a-ab11-c3843a4a1e7f_thumbnail695.webp"", ""https://www.property.co.zw/uploadedfiles/57/a5/78/57a578d5-3096-47e9-b48d-04c14f4f1b18_thumbnail695.webp"", ""https://www.property.co.zw/uploadedfiles/e1/1f/22/e11f2286-1718-44e1-a0ac-14bda860406e_thumbnail695.webp"", ""https://www.property.co.zw/uploadedfiles/62/6a/a9/626aa964-aa63-4f5e-8b33-999e0b63f6b7_thumbnail695.webp"", ""https://www.property.co.zw/uploadedfiles/98/99/05/98990542-de72-40b0-8d75-64a6b235e5e5_thumbnail695.webp"", ""https://www.property.co.zw/uploadedfiles/18/e9/d1/18e9d1ee-2e5c-4335-bb64-f7867dbec9e7_thumbnail695.webp"", ""https://www.property.co.zw/uploadedfiles/46/1a/d0/461ad0d0-c114-40f5-a749-4773b588dfd0_thumbnail695.webp"", ""https://www.property.co.zw/uploadedfiles/33/84/8f/33848feb-fead-4f64-9ae1-bb6508bfc1a6_thumbnail695.webp"", ""https://www.property.co.zw/uploadedfiles/03/2c/b8/032cb81c-ef36-4720-a825-812288199262_thumbnail695.webp"", ""https://www.property.co.zw/uploadedfiles/eb/61/1b/eb611bb5-afae-434b-8e80-374174808583_thumbnail695.webp"", ""https://www.property.co.zw/uploadedfiles/15/19/80/151980fe-7b13-4712-ae51-5aaaf3d2e86a_thumbnail695.webp"", ""https://www.property.co.zw/uploadedfiles/1e/41/51/1e4151f3-bff8-4410-aeef-88c529b4ba76_thumbnail695.webp"", ""https://www.property.co.zw/uploadedfiles/58/0a/98/580a98e0-bf11-4697-a344-d3750f3ddb1c_thumbnail695.webp""]",2026-09-23T16:21:08,False,400000.0,,already USD,False,False,True,False,,False,False,False,False,False,False,False,False,False,False,False,False,False,False,False,False,False,False,False,False,False,False,False,False,0
PRL255623,https://www.property.co.zw/for-sale/houses-prl255623,Family Home On Quiet Close With Borehole & Pool,495000.0,USD,Northwood,Harare North,Zimbabwe,"Northwood, Harare North, Harare",4,2.0,,,4682.0,m²,"Set in a quiet close, this family home has plenty to offer with a spacious set-up on a 4682sqm stand, a prolific 40-metre borehole, lovely garden and swimming",2026-09-21,2026-09-21T21:18:42+02:00,Property Link,20,"[""https://www.property.co.zw/uploadedfiles/ed/b5/1e/edb51edd-c2a8-493e-8237-7d2321d30851_thumbnail695.webp"", ""https://www.property.co.zw/uploadedfiles/cd/8e/e8/cd8ee838-62d3-44ec-b847-4c6602a9db46_thumbnail695.webp"", ""https://www.property.co.zw/uploadedfiles/08/9e/c4/089ec44b-9f86-4ac7-87da-9f541d1c9004_thumbnail695.webp"", ""https://www.property.co.zw/uploadedfiles/8f/fb/b7/8ffbb7d1-1c05-4b7f-9482-95780b4a3175_thumbnail695.webp"", ""https://www.property.co.zw/uploadedfiles/c6/de/b3/c6deb3a3-9dfe-48e4-9a35-bb5ea70ee955_thumbnail695.webp"", ""https://www.property.co.zw/uploadedfiles/87/5f/10/875f1066-32d5-4280-b06c-d7f4174bbaa6_thumbnail695.webp"", ""https://www.property.co.zw/uploadedfiles/8f/41/8f/8f418fe5-8b07-42e0-b3b4-b4089499648d_thumbnail695.webp"", ""https://www.property.co.zw/uploadedfiles/c5/f3/5d/c5f35dea-7716-461c-bf1b-3517ee6f1daf_thumbnail695.webp"", ""https://www.property.co.zw/uploadedfiles/2a/9f/91/2a9f9163-155c-4e28-8515-d88dbdb4c9eb_thumbnail695.webp"", ""https://www.property.co.zw/uploadedfiles/2f/9c/26/2f9c2604-c165-4e86-a2a7-90f4b88bfcd3_thumbnail695.webp"", ""https://www.property.co.zw/uploadedfiles/60/a7/c9/60a7c917-1c66-4238-9490-b81be69517d2_thumbnail695.webp"", ""https://www.property.co.zw/uploadedfiles/47/5b/f2/475bf23c-1320-45f8-8a69-639b08dc606b_thumbnail695.webp"", ""https://www.property.co.zw/uploadedfiles/27/ee/57/27ee57bf-10b9-4ee9-8ce0-f16f5e564f55_thumbnail695.webp"", ""https://www.property.co.zw/uploadedfiles/11/e1/8a/11e18a84-d0b5-4d3b-a3f9-a1a0c2930ca4_thumbnail695.webp"", ""https://www.property.co.zw/uploadedfiles/c3/9d/00/c39d0051-59d4-454a-9cf4-71b21d83ff12_thumbnail695.webp"", ""https://www.property.co.zw/uploadedfiles/96/e3/f7/96e3f7fb-deb6-4d66-91b6-f284c7c9e9d0_thumbnail695.webp"", ""https://www.property.co.zw/uploadedfiles/64/7b/ef/647befd5-4603-4bf5-9407-abae644aea9b_thumbnail695.webp"", ""https://www.property.co.zw/uploadedfiles/98/00/4a/98004aaf-4c93-48d5-bc08-00520f9b2e8f_thumbnail695.webp"", ""https://www.property.co.zw/uploadedfiles/e0/c9/4d/e0c94df9-1c31-496d-8a75-5d2a49050887_thumbnail695.webp"", ""https://www.property.co.zw/uploadedfiles/41/d6/e7/41d6e7fb-457c-4393-b466-b3863c9ec278_thumbnail695.webp""]",2026-09-23T16:21:13,False,495000.0,,already USD,False,False,True,False,,False,False,False,False,False,False,False,False,False,False,False,False,False,False,True,False,False,False,False,False,False,False,False,False,0
SSPS250666,https://www.property.co.zw/for-sale/houses-ssps250666,"2 bedroomed cottage on a spacious 2,000m² stand",42000.0,USD,Manyame Park,Chitungwiza,Zimbabwe,"Manyame Park, Chitungwiza, Mashonaland East",2,1.0,250.0,m²,2000.0,m²,"Looking for an affordable property with plenty of space to expand?This charming 2-bedroom cottage in Manyame Park is situated on a generous 2000m² stand, offering",2026-07-04,2026-07-04T11:40:52+02:00,Sisonke Properties,8,"[""https://www.property.co.zw/uploadedfiles/4b/8a/a6/4b8aa6ff-11bb-4efb-b7ca-00cc86ad97aa_thumbnail695.webp"", ""https://www.property.co.zw/uploadedfiles/bb/1a/57/bb1a5756-092d-4eb8-aa73-30266a347bde_thumbnail695.webp"", ""https://www.property.co.zw/uploadedfiles/49/6b/56/496b56fe-6773-4dff-8dbc-8b4fc1535097_thumbnail695.webp"", ""https://www.property.co.zw/uploadedfiles/9b/e3/62/9be36277-4c12-419b-8996-00347ec7aca5_thumbnail695.webp"", ""https://www.property.co.zw/uploadedfiles/85/a6/1b/85a61b2f-10be-48b4-8dfb-7de0b2633fcd_thumbnail695.webp"", ""https://www.property.co.zw/uploadedfiles/68/b2/97/68b2978c-419f-4ec2-a5f4-e9d9d6e52567_thumbnail695.webp"", ""https://www.property.co.zw/uploadedfiles/2e/e3/ab/2ee3ab2f-a018-444c-b82b-39d295458312_thumbnail695.webp"", ""https://www.property.co.zw/uploadedfiles/6d/bd/64/6dbd646a-d6fe-4a42-8f47-1312a1eb151a_thumbnail695.webp""]",2026-09-23T16:21:17,False,42000.0,,already USD,False,True,True,True,,False,False,False,False,False,False,False,False,False,False,False,False,False,False,False,False,False,False,False,False,False,True,False,False,0
LEG252244,https://www.property.co.zw/for-sale/houses-leg252244,4-Bed Home with Borehole on 4000m² in Waterfalls,210000.0,USD,Waterfalls,Harare South,Zimbabwe,"Waterfalls, Harare South, Harare",4,2.0,500.0,m²,4000.0,m²,"Exceptional family home for sale in Waterfalls, Harare South — a rare opportunity on a generous 4,000 m² stand with a substantial 500 m² of living space. This",2026-07-27,2026-09-08T04:45:48+02:00,Legacy Real Estate,20,"[""https://www.property.co.zw/uploadedfiles/91/21/10/9121109e-1ebe-455c-9e48-e23c96235b0e_thumbnail695.webp"", ""https://www.property.co.zw/uploadedfiles/05/e3/43/05e3434f-9e75-4763-aa19-ef0cdd68af0d_thumbnail695.webp"", ""https://www.property.co.zw/uploadedfiles/3d/8c/66/3d8c660e-b915-45d0-9a6a-915dfdcf40b6_thumbnail695.webp"", ""https://www.property.co.zw/uploadedfiles/18/da/42/18da4206-2888-4d94-ab66-b664a12fc293_thumbnail695.webp"", ""https://www.property.co.zw/uploadedfiles/52/e2/3a/52e23a96-50d6-468f-95d2-61d246a4814d_thumbnail695.webp"", ""https://www.property.co.zw/uploadedfiles/d0/39/30/d03930b0-bac2-4313-b60a-5dc4c3430d96_thumbnail695.webp"", ""https://www.property.co.zw/uploadedfiles/d8/75/20/d875200b-6d0e-4e06-a172-9e74dfda715c_thumbnail695.webp"", ""https://www.property.co.zw/uploadedfiles/2e/f3/53/2ef35326-4d4b-4794-a2c1-865d487365c7_thumbnail695.webp"", ""https://www.property.co.zw/uploadedfiles/a2/5c/1e/a25c1e33-db67-4588-8fa9-12a43f53da85_thumbnail695.webp"", ""https://www.property.co.zw/uploadedfiles/08/fc/23/08fc239a-8478-4cf4-855a-a50d8c718a55_thumbnail695.webp"", ""https://www.property.co.zw/uploadedfiles/af/5b/8d/af5b8d28-3aef-4bc4-a728-2bb138207d1a_thumbnail695.webp"", ""https://www.property.co.zw/uploadedfiles/b3/a3/d1/b3a3d1d2-69aa-4465-8f7c-d3390ec57b6f_thumbnail695.webp"", ""https://www.property.co.zw/uploadedfiles/60/1e/4a/601e4a82-3172-45c4-a0e3-be8d4e8b0702_thumbnail695.webp"", ""https://www.property.co.zw/uploadedfiles/e9/a0/4b/e9a04b61-da5c-4425-8539-3612a0b01856_thumbnail695.webp"", ""https://www.property.co.zw/uploadedfiles/e9/83/dd/e983ddaf-7607-4081-8be2-9a29b77293f5_thumbnail695.webp"", ""https://www.property.co.zw/uploadedfiles/42/e9/76/42e976d1-356c-4c08-94c4-62d812486762_thumbnail695.webp"", ""https://www.property.co.zw/uploadedfiles/9f/33/fd/9f33fdd8-7c2d-4a56-b190-30f0e4adbdf1_thumbnail695.webp"", ""https://www.property.co.zw/uploadedfiles/89/2c/50/892c50e8-a9f0-4bb1-96d3-e93d0dbdc8eb_thumbnail695.webp"", ""https://www.property.co.zw/uploadedfiles/98/1f/1d/981f1d3b-bffc-4a4d-88a5-58337b830b1d_thumbnail695.webp"", ""https://www.property.co.zw/uploadedfiles/2c/e6/5b/2ce65b15-f9a0-4d19-8b67-6b101c94c4e1_thumbnail695.webp""]",2026-09-23T16:21:22,False,210000.0,,already USD,False,False,True,True,,False,False,False,False,False,False,False,False,False,False,False,False,False,False,False,False,False,False,False,False,False,False,False,False,0
RWS252629,https://www.property.co.zw/for-sale/houses-rws252629,Executive home,1100000.0,USD,Borrowdale Brooke,Harare North,Zimbabwe,"Borrowdale Brooke, Harare North, Harare",3,3.0,500.0,m²,1300.0,m²,"Modern home offering space, comfort and secure living.

3 bedrooms, including a main ensuite

Separate guest bathroom and toilet

Study/home office (can be",2026-07-31,2026-08-25T10:06:38+02:00,Rawson Properties Harare,19,"[""https://www.property.co.zw/uploadedfiles/4b/73/d9/4b73d995-537c-4b3b-9ad8-d17b4e560a5c_thumbnail695.webp"", ""https://www.property.co.zw/uploadedfiles/f1/4b/4a/f14b4a2a-c1cf-4b8f-88a4-0085e068d971_thumbnail695.webp"", ""https://www.property.co.zw/uploadedfiles/cd/37/75/cd377515-55fd-46ea-8ba6-69c21fa217b9_thumbnail695.webp"", ""https://www.property.co.zw/uploadedfiles/86/c9/9c/86c99c1e-3a25-4349-a9d3-ac09c97105e3_thumbnail695.webp"", ""https://www.property.co.zw/uploadedfiles/eb/16/94/eb169459-dbf1-451e-91d9-9b119f462d24_thumbnail695.webp"", ""https://www.property.co.zw/uploadedfiles/77/2d/2b/772d2bbf-519f-4a33-906f-a82cd9ce103a_thumbnail695.webp"", ""https://www.property.co.zw/uploadedfiles/5d/25/0d/5d250d7f-af38-4332-9296-15fb29339468_thumbnail695.webp"", ""https://www.property.co.zw/uploadedfiles/7d/15/98/7d159884-1b2d-414f-b7b4-431531e99e5a_thumbnail695.webp"", ""https://www.property.co.zw/uploadedfiles/92/86/07/9286076e-9a32-49f1-9625-6f83181cc01b_thumbnail695.webp"", ""https://www.property.co.zw/uploadedfiles/ec/3b/f9/ec3bf9a2-94fb-41eb-a481-0a0d2a6fade1_thumbnail695.webp"", ""https://www.property.co.zw/uploadedfiles/ed/ad/a6/edada638-a6ca-485b-bcbb-00eb761a7028_thumbnail695.webp"", ""https://www.property.co.zw/uploadedfiles/b1/54/25/b154259f-3903-42c0-8cda-1c29974fa67b_thumbnail695.webp"", ""https://www.property.co.zw/uploadedfiles/4b/54/b0/4b54b026-389b-4f76-9030-192852934987_thumbnail695.webp"", ""https://www.property.co.zw/uploadedfiles/c4/92/de/c492de1e-c529-418b-a984-3c4f2dbfec5c_thumbnail695.webp"", ""https://www.property.co.zw/uploadedfiles/25/42/e4/2542e466-44df-4c94-a855-e13b8f217e80_thumbnail695.webp"", ""https://www.property.co.zw/uploadedfiles/13/16/bb/1316bb94-dac4-44f4-aee2-89ec057ea47e_thumbnail695.webp"", ""https://www.property.co.zw/uploadedfiles/b0/f1/6f/b0f16f22-87fe-495a-a657-7902e9392976_thumbnail695.webp"", ""https://www.property.co.zw/uploadedfiles/92/0a/74/920a74b6-ba17-4836-b8bd-732e902a414c_thumbnail695.webp"", ""https://www.property.co.zw/uploadedfiles/f2/2c/84/f22c8459-ce0b-46e6-bcde-05d851d166e5_thumbnail695.webp""]",2026-09-23T16:21:26,False,1100000.0,,already USD,False,False,True,True,,False,False,False,False,False,False,False,False,False,False,False,False,False,False,False,False,False,False,False,True,False,False,False,False,0
TEH197840,https://www.property.co.zw/for-sale/houses-teh197840,"Massive Mansion in Gletwin with 7 beds,4 ensuites, modern kitchen.Solar & borehole",450000.0,USD,Gletwin Park,Harare North,Zimbabwe,"Gletwin Park, Harare North, Harare",7,5.0,350.0,m²,2603.0,m²,"Massive Mansion in Gletwin with 7 beds,4 ensuites, modern kitchen, lounge,dinning and a double lock up garage.This spacious house comes with a 5KV  solar system",2024-08-30,2026-04-21T14:18:53+02:00,Tanvel Real Estate Harare North,9,"[""https://www.property.co.zw/uploadedfiles/12/e4/b1/12e4b180-3416-41c7-a46a-c8605620e1a3_thumbnail695.webp"", ""https://www.property.co.zw/uploadedfiles/fa/8a/53/fa8a5346-764f-41bc-adc3-9c22ed629653_thumbnail695.webp"", ""https://www.property.co.zw/uploadedfiles/66/18/c1/6618c11a-8d3f-4782-95c9-a65e5f981106_thumbnail695.webp"", ""https://www.property.co.zw/uploadedfiles/fc/e9/49/fce94990-8535-4067-8f5e-348d28afe450_thumbnail695.webp"", ""https://www.property.co.zw/uploadedfiles/95/d7/d3/95d7d3e4-9287-4e97-8863-e3abda224659_thumbnail695.webp"", ""https://www.property.co.zw/uploadedfiles/a5/19/e5/a519e554-4c6f-44ae-947d-832097c48985_thumbnail695.webp"", ""https://www.property.co.zw/uploadedfiles/8d/aa/56/8daa566d-6944-4f67-9ff5-6c86e90584ff_thumbnail695.webp"", ""https://www.property.co.zw/uploadedfiles/b5/8c/5d/b58c5d59-b8d0-4f94-8e2e-6f8346661a7b_thumbnail695.webp"", ""https://www.property.co.zw/uploadedfiles/58/8d/b0/588db029-0d0f-41fc-b842-a2d154de805c_thumbnail695.webp""]",2026-09-23T16:21:31,False,450000.0,,already USD,False,False,True,True,,False,False,False,False,False,False,False,False,False,False,True,False,False,False,False,False,False,True,False,False,False,False,False,False,0
RWS254263,https://www.property.co.zw/for-sale/houses-rws254263,Arlington Estate Incomplete double storey mansion for sale,380000.0,USD,Arlington,Harare South,Zimbabwe,"Arlington, Harare South, Harare",8,6.0,875.0,m²,2777.0,m²,"Arlington Estate – Incomplete Double-Storey Home for Sale

Set on a generous 2,777 sqm stand with clean Title Deeds, this impressive incomplete double-storey",2026-08-30,2026-08-30T11:15:35+02:00,Rawson Properties Harare,24,"[""https://www.property.co.zw/uploadedfiles/00/29/f4/0029f4b6-fe12-4d9a-9339-a62ff4049f0d_thumbnail695.webp"", ""https://www.property.co.zw/uploadedfiles/fc/58/08/fc58081d-fc07-456a-8869-e08c0c230f58_thumbnail695.webp"", ""https://www.property.co.zw/uploadedfiles/8d/c2/22/8dc222e3-7b9c-49a7-9415-53ebe2377128_thumbnail695.webp"", ""https://www.property.co.zw/uploadedfiles/28/04/98/28049861-c288-4ac9-9f74-36b8a8cbd573_thumbnail695.webp"", ""https://www.property.co.zw/uploadedfiles/ba/e2/99/bae29989-7941-4c54-ae03-ce82d2ed9abd_thumbnail695.webp"", ""https://www.property.co.zw/uploadedfiles/51/75/81/51758147-60b6-4178-83c5-8d9227da52af_thumbnail695.webp"", ""https://www.property.co.zw/uploadedfiles/97/4e/4e/974e4e06-2afc-4a65-8821-2066a50b26e6_thumbnail695.webp"", ""https://www.property.co.zw/uploadedfiles/01/25/da/0125da55-5b7e-4637-9088-aade1ff536c0_thumbnail695.webp"", ""https://www.property.co.zw/uploadedfiles/10/01/e5/1001e56a-61ec-412d-80b5-830fa85cc5ff_thumbnail695.webp"", ""https://www.property.co.zw/uploadedfiles/1a/21/06/1a2106bf-f863-444e-89f0-371bd6d73b58_thumbnail695.webp"", ""https://www.property.co.zw/uploadedfiles/7d/e7/84/7de784d6-e60c-4396-b5e0-fd0eaa58f0fb_thumbnail695.webp"", ""https://www.property.co.zw/uploadedfiles/07/fc/5c/07fc5cb9-cc57-4b91-9170-d0089750c809_thumbnail695.webp"", ""https://www.property.co.zw/uploadedfiles/a2/5f/02/a25f023f-e731-47a7-b83e-aacefa819ec7_thumbnail695.webp"", ""https://www.property.co.zw/uploadedfiles/e1/16/75/e11675b8-5a0c-4e76-aa15-f201fb5416a9_thumbnail695.webp"", ""https://www.property.co.zw/uploadedfiles/a8/fa/6e/a8fa6eae-cbe5-434c-90fa-dd328026a39a_thumbnail695.webp"", ""https://www.property.co.zw/uploadedfiles/59/35/ca/5935ca3a-63e5-4033-84ff-04d057bc6e93_thumbnail695.webp"", ""https://www.property.co.zw/uploadedfiles/ad/b8/13/adb81382-f9fd-4ed8-a5c3-74197fb2ff89_thumbnail695.webp"", ""https://www.property.co.zw/uploadedfiles/cc/1f/12/cc1f1266-fe6c-4f62-aa35-d1fb612c4d96_thumbnail695.webp"", ""https://www.property.co.zw/uploadedfiles/36/1b/1f/361b1f4e-40aa-4761-ade3-5dcdb14d89fb_thumbnail695.webp"", ""https://www.property.co.zw/uploadedfiles/ec/52/38/ec523860-9198-41eb-8b13-d6a124163913_thumbnail695.webp"", ""https://www.property.co.zw/uploadedfiles/48/d6/0f/48d60fd8-2168-49c9-8e35-2da3e078e5d6_thumbnail695.webp"", ""https://www.property.co.zw/uploadedfiles/5a/1c/fd/5a1cfdf9-24f5-4561-9966-68647ced4c03_thumbnail695.webp"", ""https://www.property.co.zw/uploadedfiles/ae/91/ef/ae91ef11-9f0c-4b84-8b2f-d593d30065ac_thumbnail695.webp"", ""https://www.property.co.zw/uploadedfiles/1b/6b/c9/1b6bc928-6a3b-4655-a419-8248ed383d4d_thumbnail695.webp""]",2026-09-23T16:21:35,False,380000.0,,already USD,False,False,True,True,,False,False,False,False,False,False,False,False,False,False,False,False,False,False,False,False,False,False,False,False,False,False,True,False,1
TEH225897,https://www.property.co.zw/for-sale/houses-teh225897,"Massive and recently renovated Mansion in Old Mount Pleasant with 5 beds, Very modern kitchen,lounge",620000.0,USD,Mount Pleasant,Harare North,Zimbabwe,"Mount Pleasant, Harare North, Harare",5,2.5,300.0,m²,5000.0,m²,"Massive and recently renovated Mansion in Old Mount Pleasant with 5 beds, Very modern kitchen,lounge and dining on 5000sqm.This captivating house comes with a",2025-07-28,2026-04-21T14:18:53+02:00,Tanvel Real Estate Harare North,15,"[""https://www.property.co.zw/uploadedfiles/b5/9a/c7/b59ac71a-a581-4b96-9d88-71d53b276374_thumbnail695.webp"", ""https://www.property.co.zw/uploadedfiles/d0/07/31/d0073186-bed5-4344-98eb-3c425148bb1a_thumbnail695.webp"", ""https://www.property.co.zw/uploadedfiles/06/55/c6/0655c647-9fba-4c33-91f5-303216c211e0_thumbnail695.webp"", ""https://www.property.co.zw/uploadedfiles/7b/63/80/7b6380f1-ca2a-4d0d-a4fc-3338be980d68_thumbnail695.webp"", ""https://www.property.co.zw/uploadedfiles/ca/72/d3/ca72d35a-6ea1-44a5-b70d-0bce21267994_thumbnail695.webp"", ""https://www.property.co.zw/uploadedfiles/e7/d2/4e/e7d24e42-9b9d-4fa4-a36e-e81809e27cbb_thumbnail695.webp"", ""https://www.property.co.zw/uploadedfiles/ce/cb/e0/cecbe0c2-6c00-4cfe-bd70-7b6edc615d9a_thumbnail695.webp"", ""https://www.property.co.zw/uploadedfiles/64/83/ff/6483ffa0-2d45-42bc-801b-e31490244ea1_thumbnail695.webp"", ""https://www.property.co.zw/uploadedfiles/27/d9/fc/27d9fc6b-1165-4c23-849f-da5c5c5b299e_thumbnail695.webp"", ""https://www.property.co.zw/uploadedfiles/ff/19/ce/ff19ce7a-f1cc-4dbd-aec9-51a77795331a_thumbnail695.webp"", ""https://www.property.co.zw/uploadedfiles/a0/5e/54/a05e5464-fc69-4ca4-8d90-0313ca623fd7_thumbnail695.webp"", ""https://www.property.co.zw/uploadedfiles/26/1e/f5/261ef5e6-5c5f-4cb6-9ec9-28ecacc54e15_thumbnail695.webp"", ""https://www.property.co.zw/uploadedfiles/4c/06/18/4c0618ff-9a5c-4d32-8ac8-8e8daeb64b0f_thumbnail695.webp"", ""https://www.property.co.zw/uploadedfiles/45/04/43/45044304-acb1-4d79-83e2-aa3e4d6c6d18_thumbnail695.webp"", ""https://www.property.co.zw/uploadedfiles/05/43/cc/0543ccf5-79e7-4d95-a278-a9eed989c6ee_thumbnail695.webp""]",2026-09-23T16:21:40,False,620000.0,,already USD,False,True,True,True,,False,False,False,False,False,False,False,False,False,False,True,False,False,False,False,False,False,False,False,False,False,False,False,False,0
PNT255395,https://www.property.co.zw/for-sale/houses-pnt255395,Solid neat family home!!!,450000.0,USD,Mount Pleasant,Harare North,Zimbabwe,"Mount Pleasant, Harare North, Harare",4,2.0,,,3060.0,m²,"Located in Mount Pleasant Manzil Area is this well maintained property comprising of - 4 bedrooms - 2 en suites , - 2 lounges, - dining - kitchen , - big pantry, -",2026-09-17,2026-09-17T16:01:55+02:00,Propertynet Real Estate,12,"[""https://www.property.co.zw/uploadedfiles/c5/60/5f/c5605f3c-6439-4bec-ac73-1c17457c1726_thumbnail695.webp"", ""https://www.property.co.zw/uploadedfiles/a6/9d/5d/a69d5dd6-997b-433a-b0a5-631933046240_thumbnail695.webp"", ""https://www.property.co.zw/uploadedfiles/a2/bd/a1/a2bda180-844f-41e0-9d6e-474e5c922f3c_thumbnail695.webp"", ""https://www.property.co.zw/uploadedfiles/30/93/b2/3093b276-fe39-4ae3-8960-61eb2d54f00c_thumbnail695.webp"", ""https://www.property.co.zw/uploadedfiles/26/f1/aa/26f1aa7a-2e7b-42bc-8423-e436b655c82d_thumbnail695.webp"", ""https://www.property.co.zw/uploadedfiles/41/a8/c8/41a8c899-b4fb-47bc-940a-58f670e8c2d8_thumbnail695.webp"", ""https://www.property.co.zw/uploadedfiles/d2/09/9f/d2099f1f-ff90-4fe7-8bab-9647b8be286d_thumbnail695.webp"", ""https://www.property.co.zw/uploadedfiles/5d/ab/fc/5dabfc02-037b-409d-941d-1b3d26e16c9f_thumbnail695.webp"", ""https://www.property.co.zw/uploadedfiles/2b/42/fc/2b42fc98-a57f-452d-a322-60bdcfa0361e_thumbnail695.webp"", ""https://www.property.co.zw/uploadedfiles/01/79/a6/0179a67b-91b7-4211-9760-61d21a9e3d8a_thumbnail695.webp"", ""https://www.property.co.zw/uploadedfiles/2e/06/4c/2e064c31-90e4-4bee-9410-aea34a453715_thumbnail695.webp"", ""https://www.property.co.zw/uploadedfiles/3f/41/40/3f414016-38a7-427d-afb6-62235cbeee6f_thumbnail695.webp""]",2026-09-23T16:21:45,False,450000.0,,already USD,False,False,True,False,,False,False,False,False,False,False,False,False,False,False,False,False,False,False,False,False,False,False,False,False,False,False,False,False,0
SEF252550,https://www.property.co.zw/for-sale/houses-sef252550,"Belvedere West, Stand with a Cottage",98000.0,USD,Belvedere,Harare West,Zimbabwe,"Belvedere, Harare West, Harare",3,1.0,95.0,m²,995.0,m²,"Solid opportunity in Belvedere, Harare West — a practical 3-bedroom, 1-bath home on a generous 995 m² stand, with a building footprint of 95 m² and a working well.",2026-07-30,2026-09-22T10:23:35+02:00,Seeff Zimbabwe,27,"[""https://www.property.co.zw/uploadedfiles/84/ef/f2/84eff25b-783f-4f66-b8da-2989efbc5090_thumbnail695.webp"", ""https://www.property.co.zw/uploadedfiles/2d/b9/ff/2db9ffcf-2b1e-4425-befe-70826e75d99b_thumbnail695.webp"", ""https://www.property.co.zw/uploadedfiles/5f/5d/a4/5f5da4ec-8da9-4b95-b24b-05a7161f2cfe_thumbnail695.webp"", ""https://www.property.co.zw/uploadedfiles/b6/98/c5/b698c5ed-f5c2-48cc-a174-ec25768ef336_thumbnail695.webp"", ""https://www.property.co.zw/uploadedfiles/72/17/fb/7217fb93-6c8a-4265-80b5-293006e3c7ed_thumbnail695.webp"", ""https://www.property.co.zw/uploadedfiles/75/a8/ad/75a8ad9b-48a7-480c-979e-1fea458c2da5_thumbnail695.webp"", ""https://www.property.co.zw/uploadedfiles/85/08/3b/85083b2d-bb68-4e4e-9183-4472320c80ac_thumbnail695.webp"", ""https://www.property.co.zw/uploadedfiles/ba/8c/e4/ba8ce40a-29dc-4be1-8ce3-fda0d53584e4_thumbnail695.webp"", ""https://www.property.co.zw/uploadedfiles/73/f6/00/73f600c6-2220-444c-b7f3-16ce5b90fd4e_thumbnail695.webp"", ""https://www.property.co.zw/uploadedfiles/06/00/25/0600250a-9549-459a-8fe5-8c5dd4c90700_thumbnail695.webp"", ""https://www.property.co.zw/uploadedfiles/d0/f9/1e/d0f91e87-d01e-4300-8c9a-f1c4cf4b4020_thumbnail695.webp"", ""https://www.property.co.zw/uploadedfiles/48/f3/6f/48f36f95-c1bd-4cf6-90f5-5e932c9359b9_thumbnail695.webp"", ""https://www.property.co.zw/uploadedfiles/e5/1a/59/e51a59da-7bdb-4805-9657-6cf1ff273af1_thumbnail695.webp"", ""https://www.property.co.zw/uploadedfiles/cc/06/ee/cc06eea9-6242-4e2d-b60c-3d4da358bc2c_thumbnail695.webp"", ""https://www.property.co.zw/uploadedfiles/bc/aa/e1/bcaae190-6ddb-4fce-a61c-acdb24d2a5ea_thumbnail695.webp"", ""https://www.property.co.zw/uploadedfiles/4a/c5/90/4ac59084-48a0-467d-abbb-8b7d5b3116f7_thumbnail695.webp"", ""https://www.property.co.zw/uploadedfiles/80/8b/7c/808b7c73-a1f5-40d0-9077-442f009bcf54_thumbnail695.webp"", ""https://www.property.co.zw/uploadedfiles/23/75/4c/23754c5c-77d1-4865-a3ce-99f198514112_thumbnail695.webp"", ""https://www.property.co.zw/uploadedfiles/90/4c/d3/904cd33b-4afe-40da-915d-14b1bdcf1ad5_thumbnail695.webp"", ""https://www.property.co.zw/uploadedfiles/f3/55/00/f35500cf-cadb-4f4e-a069-10709153f569_thumbnail695.webp"", ""https://www.property.co.zw/uploadedfiles/ec/e0/8b/ece08bdf-8c37-4ac8-a758-6c7a05a68890_thumbnail695.webp"", ""https://www.property.co.zw/uploadedfiles/71/1a/0c/711a0c2c-9c75-4ff5-87e8-a8c4e9fd1983_thumbnail695.webp"", ""https://www.property.co.zw/uploadedfiles/99/ac/55/99ac5511-eac6-4c4d-9d38-8f0e08c0219d_thumbnail695.webp"", ""https://www.property.co.zw/uploadedfiles/19/50/05/19500589-b5f0-4453-83be-633129ea93bd_thumbnail695.webp"", ""https://www.property.co.zw/uploadedfiles/ce/a7/fb/cea7fbdf-ff04-411f-8f40-28b6f60c6a47_thumbnail695.webp"", ""https://www.property.co.zw/uploadedfiles/ab/73/43/ab73434f-eef9-4173-a64d-ca5a1e7343ef_thumbnail695.webp"", ""https://www.property.co.zw/uploadedfiles/13/75/c8/1375c85e-a542-4ed6-b9bd-4ae0cf8333c7_thumbnail695.webp""]",2026-09-23T16:21:49,False,98000.0,,already USD,False,False,True,True,,False,False,False,False,False,False,False,False,False,False,False,False,False,False,False,False,False,False,False,False,False,False,False,False,0
HEE255044,https://www.property.co.zw/for-sale/houses-hee255044,Solid 4 bed residence,600000.0,USD,Mount Pleasant,Harare North,Zimbabwe,"Mount Pleasant, Harare North, Harare",4,2.0,,,6241.0,m²,"

Solid investment! Residence in a prime location in Mt Pleasant close to Arundale Village. On a corner stand measuring an expansive 6241sq metres. Double storey",2026-09-11,2026-09-11T13:41:49+02:00,Hollands Harare Estate Agents,15,"[""https://www.property.co.zw/uploadedfiles/6f/07/7a/6f077a3c-dfea-4a9a-9f5f-a19d2fef9615_thumbnail695.webp"", ""https://www.property.co.zw/uploadedfiles/35/87/88/35878855-b6d4-4561-9612-b13beeae1a35_thumbnail695.webp"", ""https://www.property.co.zw/uploadedfiles/77/4f/ba/774fba6a-249f-4e5e-8f2a-6d1533e85ae4_thumbnail695.webp"", ""https://www.property.co.zw/uploadedfiles/1b/a8/25/1ba82525-524e-425a-bc73-96fbd69fb051_thumbnail695.webp"", ""https://www.property.co.zw/uploadedfiles/26/fc/1f/26fc1f17-bfb1-4fd6-b65a-055595ad7eb1_thumbnail695.webp"", ""https://www.property.co.zw/uploadedfiles/fc/15/b5/fc15b561-0a3d-4676-bac6-f37dc722438e_thumbnail695.webp"", ""https://www.property.co.zw/uploadedfiles/82/e6/67/82e667de-4b56-4404-9a53-cd4bd7bcd140_thumbnail695.webp"", ""https://www.property.co.zw/uploadedfiles/8f/45/a2/8f45a224-15ff-453d-8f3e-fab65d7a37b5_thumbnail695.webp"", ""https://www.property.co.zw/uploadedfiles/7a/d6/80/7ad68099-e867-43ac-aef4-cdfe3bc7a1ee_thumbnail695.webp"", ""https://www.property.co.zw/uploadedfiles/51/df/98/51df982d-0d91-4091-b16c-49a3cdb9cb6e_thumbnail695.webp"", ""https://www.property.co.zw/uploadedfiles/f4/d6/52/f4d6520b-38e6-49ba-b94e-2d11ef11da66_thumbnail695.webp"", ""https://www.property.co.zw/uploadedfiles/06/85/c7/0685c7c3-d985-4e1c-9cc6-324aca91e3f6_thumbnail695.webp"", ""https://www.property.co.zw/uploadedfiles/64/d4/2c/64d42c98-d41d-4a53-bc89-43cbc2fe4b11_thumbnail695.webp"", ""https://www.property.co.zw/uploadedfiles/8b/72/2c/8b722cd7-8b01-4531-b997-ba3d8fcb32cc_thumbnail695.webp"", ""https://www.property.co.zw/uploadedfiles/6a/13/8c/6a138c17-3d21-457a-b462-bc846b29ff07_thumbnail695.webp""]",2026-09-23T16:21:53,False,600000.0,,already USD,False,False,True,False,,False,False,False,False,False,False,False,False,False,False,False,False,False,False,False,False,False,False,False,False,False,False,False,False,0
SEF248905,https://www.property.co.zw/for-sale/houses-sef248905,Spacious 6-Bed Glen Lorne Home on 3942m² with Borehole,550000.0,USD,Glen Lorne,Harare North,Zimbabwe,"Glen Lorne, Harare North, Harare",6,3.0,460.0,m²,3942.0,m²,"A superb family home in coveted Glen Lorne, Harare North — solidly built 460 m² on a generous 3,942 m² stand. This airy residence offers 6 bedrooms and 3",2026-06-09,2026-06-09T12:55:42+02:00,Seeff Zimbabwe,11,"[""https://www.property.co.zw/uploadedfiles/4d/6c/6f/4d6c6fd5-981c-4773-9ca0-3caf734dc3ae_thumbnail695.webp"", ""https://www.property.co.zw/uploadedfiles/1c/56/ed/1c56edc2-b568-4f60-a7bc-e9e2cbb6dbb1_thumbnail695.webp"", ""https://www.property.co.zw/uploadedfiles/53/a3/b2/53a3b250-0ca7-45d1-b2b9-7e4ce1a74711_thumbnail695.webp"", ""https://www.property.co.zw/uploadedfiles/7a/1e/5c/7a1e5c87-8b54-47df-8e3b-3378387603ee_thumbnail695.webp"", ""https://www.property.co.zw/uploadedfiles/c9/66/4e/c9664ec3-4ad5-4c8e-a7af-9ef722827207_thumbnail695.webp"", ""https://www.property.co.zw/uploadedfiles/5d/81/23/5d81233e-0f31-4019-aaf2-a5a81b086ab3_thumbnail695.webp"", ""https://www.property.co.zw/uploadedfiles/40/4b/0d/404b0d67-77a6-4549-a04a-342c2bcf0f73_thumbnail695.webp"", ""https://www.property.co.zw/uploadedfiles/c8/20/61/c820610f-9a7f-409a-8782-6589b3ece7a0_thumbnail695.webp"", ""https://www.property.co.zw/uploadedfiles/07/17/48/07174867-0a7d-42ba-a2e0-3d1bd6b4bbc8_thumbnail695.webp"", ""https://www.property.co.zw/uploadedfiles/c7/0f/99/c70f993d-a899-4a8b-9bb5-94aa9b4ab97d_thumbnail695.webp"", ""https://www.property.co.zw/uploadedfiles/9b/69/84/9b698400-50b9-4fd5-b98d-37ae8d00fb6f_thumbnail695.webp""]",2026-09-23T16:21:58,False,550000.0,,already USD,False,False,True,True,,False,False,False,False,False,False,False,False,False,False,False,False,False,False,False,False,False,False,False,False,False,False,False,False,0
SMY252043,https://www.property.co.zw/for-sale/houses-smy252043,Investor's Delight - For the Value of Money,670000.0,USD,Greystone Park,Harare North,Zimbabwe,"Greystone Park, Harare North, Harare",42,3.0,1000.0,m²,9000.0,m²,"Greystone Park Gem – 9000sqm of Potential  
Here’s your chance to own a piece of one of Harare’s most sought-after suburbs. 

This golden oldie sits on a",2026-07-22,2026-07-22T16:13:07+02:00,Sermony Properties,11,"[""https://www.property.co.zw/uploadedfiles/56/7a/be/567abe56-c63a-490d-ba43-770712cbd633_thumbnail695.webp"", ""https://www.property.co.zw/uploadedfiles/63/5b/ec/635bec9c-efbf-44c1-b733-fabb56ba5848_thumbnail695.webp"", ""https://www.property.co.zw/uploadedfiles/b9/97/8c/b9978c8c-554b-45b5-990f-e40d9f072945_thumbnail695.webp"", ""https://www.property.co.zw/uploadedfiles/ba/51/a6/ba51a622-333b-4e6f-93fe-053b0349be8e_thumbnail695.webp"", ""https://www.property.co.zw/uploadedfiles/c4/42/c1/c442c193-924e-4e18-8f23-ceb7ad4a6167_thumbnail695.webp"", ""https://www.property.co.zw/uploadedfiles/c5/5d/5e/c55d5e57-21b5-43e3-a816-2fee9a69e422_thumbnail695.webp"", ""https://www.property.co.zw/uploadedfiles/00/0a/e5/000ae5cf-1840-4a8b-99cf-5ecf4821477a_thumbnail695.webp"", ""https://www.property.co.zw/uploadedfiles/f6/56/8e/f6568ea6-bead-445d-a92c-f9573cccb668_thumbnail695.webp"", ""https://www.property.co.zw/uploadedfiles/9b/48/bf/9b48bf71-e9f2-445a-8562-d3d5ddb3a44e_thumbnail695.webp"", ""https://www.property.co.zw/uploadedfiles/23/99/95/239995ba-bc4d-45ab-b1f4-fa74b09c6dce_thumbnail695.webp"", ""https://www.property.co.zw/uploadedfiles/c4/57/75/c457754a-9a82-4208-b0bf-5ad4fc1edfac_thumbnail695.webp""]",2026-09-23T16:22:02,False,670000.0,,already USD,False,True,True,True,bedrooms>15 (implausible for a single residential listing; check for a mis-scraped lodge/guesthouse),False,False,False,False,False,False,False,False,False,False,False,False,False,False,False,False,False,False,False,False,False,False,False,False,0
KHA254719,https://www.property.co.zw/for-sale/houses-kha254719,Madokero - 4 Bedroom House For Sale,148000.0,USD,Madokero,Harare West,Zimbabwe,"Madokero, Harare West, Harare",4,2.0,200.0,m²,410.0,m²,"MADOKERO - 4 BEDROOM HOUSE FOR SALE
Asking Price : $148,000
  
Paperwork: Title Deeds

This spacious family home in Madokero offers comfort, security and",2026-09-07,2026-09-22T15:09:02+02:00,Khalida Realty,18,"[""https://www.property.co.zw/uploadedfiles/c6/05/62/c6056266-15f6-4bda-a2a8-7aee65ddcb4f_thumbnail695.webp"", ""https://www.property.co.zw/uploadedfiles/9c/a3/10/9ca310e9-b471-4f4d-91aa-6a5e80d6386b_thumbnail695.webp"", ""https://www.property.co.zw/uploadedfiles/e0/f2/c8/e0f2c8be-23fa-4fa8-bea4-0ab1ed677fae_thumbnail695.webp"", ""https://www.property.co.zw/uploadedfiles/36/b5/35/36b535fd-c4d4-4aab-89ff-74a27e3daf07_thumbnail695.webp"", ""https://www.property.co.zw/uploadedfiles/e3/47/f7/e347f759-ccc6-49a8-a525-e0cc7a9773e7_thumbnail695.webp"", ""https://www.property.co.zw/uploadedfiles/ea/37/cf/ea37cfd2-aaf9-49df-ad2e-62eab2692451_thumbnail695.webp"", ""https://www.property.co.zw/uploadedfiles/c1/85/8c/c1858c67-7c02-4a6b-b43b-88f24c57992f_thumbnail695.webp"", ""https://www.property.co.zw/uploadedfiles/d6/64/3e/d6643e72-06e4-417d-ad87-528c8310c0d8_thumbnail695.webp"", ""https://www.property.co.zw/uploadedfiles/bd/e5/58/bde55892-e5d7-4a3c-9411-1ee3be246491_thumbnail695.webp"", ""https://www.property.co.zw/uploadedfiles/4d/2b/ca/4d2bca2a-500d-4f06-b6c5-c223521e0ecd_thumbnail695.webp"", ""https://www.property.co.zw/uploadedfiles/45/da/9d/45da9dce-d65e-45c7-a774-65038888d482_thumbnail695.webp"", ""https://www.property.co.zw/uploadedfiles/e2/ab/10/e2ab105e-6e47-4b73-8d93-08d31634251e_thumbnail695.webp"", ""https://www.property.co.zw/uploadedfiles/9c/0d/f7/9c0df753-bc39-4fb3-9454-d574805da358_thumbnail695.webp"", ""https://www.property.co.zw/uploadedfiles/37/00/91/37009106-b07d-40d0-919d-577f8c3be249_thumbnail695.webp"", ""https://www.property.co.zw/uploadedfiles/b6/57/11/b65711c7-a72d-47b2-9702-7c0c036e7bc8_thumbnail695.webp"", ""https://www.property.co.zw/uploadedfiles/31/ff/6a/31ff6a55-26f4-4471-92de-f91b94c39e0f_thumbnail695.webp"", ""https://www.property.co.zw/uploadedfiles/44/df/f5/44dff5fd-f669-42a9-96bc-f344b4521d83_thumbnail695.webp"", ""https://www.property.co.zw/uploadedfiles/c9/b8/cd/c9b8cd57-ac5a-4dce-918d-3d9f92061ec4_thumbnail695.webp""]",2026-09-23T16:22:07,False,148000.0,,already USD,False,False,True,True,,False,False,False,False,False,False,False,False,False,False,False,False,False,False,False,False,False,False,False,False,False,False,True,False,0
GAT255677,https://www.property.co.zw/for-sale/houses-gat255677,"Spacious 4-Bedroom Family Home On 8,094sqm",825000.0,USD,Greystone Park,Harare North,Zimbabwe,"Greystone Park, Harare North, Harare",4,2.0,500.0,m²,,8094,"This spacious 4-bedroom home sits on a generous 8094sqm stand, offering privacy, fresh air, and plenty of room to grow. The property is conveniently located just a",2026-09-22,2026-09-22T12:28:52+02:00,Guest and Tanner Real Estate,12,"[""https://www.property.co.zw/uploadedfiles/ec/e9/08/ece908b6-d5c8-4696-adad-32a15f754fa9_thumbnail695.webp"", ""https://www.property.co.zw/uploadedfiles/f9/6b/75/f96b75a9-753e-4ff7-a784-fb86644b5302_thumbnail695.webp"", ""https://www.property.co.zw/uploadedfiles/29/6e/ab/296eabb9-7037-46e8-9aea-5fdbfdd5c3b1_thumbnail695.webp"", ""https://www.property.co.zw/uploadedfiles/99/d6/b0/99d6b061-1112-4fe6-b91c-8650951285c9_thumbnail695.webp"", ""https://www.property.co.zw/uploadedfiles/18/c3/4e/18c34ecd-9fa1-42a3-8b5c-a9720862d412_thumbnail695.webp"", ""https://www.property.co.zw/uploadedfiles/9c/06/cf/9c06cfd6-0003-40d2-8c88-bf83e53ac136_thumbnail695.webp"", ""https://www.property.co.zw/uploadedfiles/ac/53/f1/ac53f1c9-4334-4f2b-ae8b-1c48f92b2152_thumbnail695.webp"", ""https://www.property.co.zw/uploadedfiles/87/a9/9d/87a99dcf-13be-4fef-b59d-db5cb5192939_thumbnail695.webp"", ""https://www.property.co.zw/uploadedfiles/45/c7/07/45c70705-706e-4ed4-808d-0ce0c513f3f5_thumbnail695.webp"", ""https://www.property.co.zw/uploadedfiles/fa/5d/c4/fa5dc4a0-112a-459a-9c2c-e99e03354216_thumbnail695.webp"", ""https://www.property.co.zw/uploadedfiles/ff/b2/7b/ffb27b70-d7cf-41ce-b25f-2e4a0a6c9c42_thumbnail695.webp"", ""https://www.property.co.zw/uploadedfiles/2c/19/09/2c190916-5eeb-47a8-9e04-c9784d34f7d8_thumbnail695.webp""]",2026-09-23T16:22:11,False,825000.0,,already USD,False,False,False,True,,False,False,False,False,False,False,False,False,False,False,False,False,False,False,False,False,False,False,False,False,False,False,False,False,0
WDB255333,https://www.property.co.zw/for-sale/houses-wdb255333,Dzivarasekwa ,38000.0,USD,Dzivarasekwa,Harare High Density,Zimbabwe,"Dzivarasekwa, Harare High Density, Harare",4,2.0,150.0,m²,300.0,m²,"4 bedroomed with ensuite, modern fitted kitchen lounge and dining.Deveopers Cession.300sqm ",2026-09-17,2026-09-17T10:13:28+02:00,WoodsBrand Properties,1,"[""https://www.property.co.zw/uploadedfiles/99/b8/30/99b830cb-fb60-43c2-b5d4-6c6836e3870e_thumbnail695.webp""]",2026-09-23T16:22:16,False,38000.0,,already USD,False,False,True,True,,False,False,False,False,False,False,False,False,False,False,True,False,False,False,False,False,False,False,False,True,False,False,False,True,0
CRO251394,https://www.property.co.zw/for-sale/houses-cro251394,House For Sale,850000.0,USD,Highlands,Harare North,Zimbabwe,"Highlands, Harare North, Harare",6,3.0,,,4200.0,m²,"This stunning double storey familiy home in the sought after Highlands, Golden triangle with six spacious bedrooms with BIC's, master bedroom comes with a spacious",2026-07-15,2026-08-04T11:30:16+02:00,Crowne Properties,20,"[""https://www.property.co.zw/uploadedfiles/90/c7/fd/90c7fdeb-358b-41cc-aab3-e2444235e0b1_thumbnail695.webp"", ""https://www.property.co.zw/uploadedfiles/2e/d9/e7/2ed9e776-cb4c-483d-905b-831f25d3d3fc_thumbnail695.webp"", ""https://www.property.co.zw/uploadedfiles/4c/17/29/4c172950-cb10-4205-af66-e95268aa4ff5_thumbnail695.webp"", ""https://www.property.co.zw/uploadedfiles/91/e3/90/91e390db-f67e-44fd-a74d-4c28878e404d_thumbnail695.webp"", ""https://www.property.co.zw/uploadedfiles/2f/40/34/2f4034fb-fd1c-4cae-86c2-4c3205f39e75_thumbnail695.webp"", ""https://www.property.co.zw/uploadedfiles/8e/64/42/8e644282-4f82-4163-90d4-12830fed7f23_thumbnail695.webp"", ""https://www.property.co.zw/uploadedfiles/18/ae/ca/18aeca75-75eb-4ec3-8ea2-b65b12c0df91_thumbnail695.webp"", ""https://www.property.co.zw/uploadedfiles/df/9f/16/df9f163e-2224-4582-8757-ca0af35afccb_thumbnail695.webp"", ""https://www.property.co.zw/uploadedfiles/89/f7/23/89f7234d-ff92-4887-b87c-c4356c8d365e_thumbnail695.webp"", ""https://www.property.co.zw/uploadedfiles/6e/7b/be/6e7bbe21-9bcd-4567-9160-b7b237efccdd_thumbnail695.webp"", ""https://www.property.co.zw/uploadedfiles/77/25/79/772579c0-f078-4217-aea5-73b784bbb05f_thumbnail695.webp"", ""https://www.property.co.zw/uploadedfiles/cf/64/b3/cf64b3c1-1db8-49b1-8def-c24023ec3c14_thumbnail695.webp"", ""https://www.property.co.zw/uploadedfiles/c2/82/aa/c282aa63-96ff-4dad-91fc-6366d165a3e7_thumbnail695.webp"", ""https://www.property.co.zw/uploadedfiles/a2/e5/6c/a2e56c72-2056-4463-9500-f86ebfeebf8c_thumbnail695.webp"", ""https://www.property.co.zw/uploadedfiles/ec/e4/55/ece45548-9fa8-4b1a-9f06-11de740d6ed7_thumbnail695.webp"", ""https://www.property.co.zw/uploadedfiles/c9/63/07/c96307d3-6d82-41b2-adf9-633fc5606fd8_thumbnail695.webp"", ""https://www.property.co.zw/uploadedfiles/cd/1d/a3/cd1da3b9-8908-48ff-8835-a45b112afc56_thumbnail695.webp"", ""https://www.property.co.zw/uploadedfiles/40/06/6a/40066af1-aa4e-490b-bc1d-4fd595d52b31_thumbnail695.webp"", ""https://www.property.co.zw/uploadedfiles/69/c1/08/69c108f3-97aa-44b3-9147-0e0bf5c1dbf3_thumbnail695.webp"", ""https://www.property.co.zw/uploadedfiles/af/3c/90/af3c908b-9b40-4f4e-8456-85a4e7cc5c82_thumbnail695.webp""]",2026-09-23T16:22:20,False,850000.0,,already USD,False,False,True,False,,False,False,False,False,False,False,False,False,False,False,False,False,False,False,False,False,False,False,False,False,True,False,False,False,0
NVL252693,https://www.property.co.zw/for-sale/houses-nvl252693,Springvale,100000.0,USD,Springvale,Ruwa,Zimbabwe,"Springvale, Ruwa, Mashonaland East",4,3.0,180.0,m²,300.0,m²,"Family home offering 4 bedrooms, walk-in closet, ensuite bathroom, ensuite toilet/shower room, lounge, separate dining, modern fitted kitchen, bathroom, borehole,",2026-08-03,2026-08-05T12:15:01+02:00,Neville Property Consultancy,13,"[""https://www.property.co.zw/uploadedfiles/fd/27/8e/fd278eeb-919a-4810-be84-b88b435e8dc9_thumbnail695.webp"", ""https://www.property.co.zw/uploadedfiles/aa/70/21/aa70211e-4ef2-4820-89de-a27678202369_thumbnail695.webp"", ""https://www.property.co.zw/uploadedfiles/dc/6f/ca/dc6fca47-4750-4cac-a395-5d680a2d74ce_thumbnail695.webp"", ""https://www.property.co.zw/uploadedfiles/b7/0d/68/b70d681f-50d8-4717-b2e9-1a28c8933f85_thumbnail695.webp"", ""https://www.property.co.zw/uploadedfiles/54/5c/5f/545c5ff7-e1f9-4c9d-b56f-9e273cab43b3_thumbnail695.webp"", ""https://www.property.co.zw/uploadedfiles/3b/ad/b7/3badb7b5-a0b9-410c-9540-151250c88665_thumbnail695.webp"", ""https://www.property.co.zw/uploadedfiles/d8/a6/67/d8a6672f-54d2-4d74-a4ac-f0813233d259_thumbnail695.webp"", ""https://www.property.co.zw/uploadedfiles/61/5d/b1/615db129-e902-4a83-8ad0-0cd0634b7b21_thumbnail695.webp"", ""https://www.property.co.zw/uploadedfiles/1f/7d/7c/1f7d7c9c-56a9-4bc6-b555-5bc9321eaab6_thumbnail695.webp"", ""https://www.property.co.zw/uploadedfiles/15/58/6d/15586d88-f511-4bd1-879c-ab20894691ca_thumbnail695.webp"", ""https://www.property.co.zw/uploadedfiles/f1/5a/65/f15a65c5-9f4f-4b3d-9b1f-c9363e84bb23_thumbnail695.webp"", ""https://www.property.co.zw/uploadedfiles/19/f0/84/19f084be-708a-4243-9d46-269956e8fa15_thumbnail695.webp"", ""https://www.property.co.zw/uploadedfiles/28/f3/80/28f38072-0136-484e-b10f-2637e0b84984_thumbnail695.webp""]",2026-09-23T16:22:25,False,100000.0,,already USD,False,False,True,True,,False,False,False,False,False,False,False,False,False,False,True,False,False,False,True,False,False,False,False,True,False,False,False,False,0
GAT255359,https://www.property.co.zw/for-sale/houses-gat255359,"Incomplete 3-Bedroom House For Sale | Chitungwiza, Unit L",30000.0,USD,Chitungwiza,Chitungwiza,Zimbabwe,"Chitungwiza, Mashonaland East",3,1.0,120.0,m²,,200,"An excellent opportunity to complete and personalise your dream home in Chitungwiza, Unit L.
This incomplete 3-bedroom house is sitting on a 200sqm stand and has",2026-09-17,2026-09-18T17:28:47+02:00,Guest and Tanner Real Estate,11,"[""https://www.property.co.zw/uploadedfiles/59/c0/f5/59c0f564-f2db-49db-a2ee-5d08e21ecdbb_thumbnail695.webp"", ""https://www.property.co.zw/uploadedfiles/1e/29/16/1e291679-39be-4678-971a-25edcb5ade35_thumbnail695.webp"", ""https://www.property.co.zw/uploadedfiles/a9/56/be/a956bebf-4849-4daa-85c3-858c91df163f_thumbnail695.webp"", ""https://www.property.co.zw/uploadedfiles/cb/46/d4/cb46d4c9-9bd8-4628-8a90-253a4d9626c4_thumbnail695.webp"", ""https://www.property.co.zw/uploadedfiles/c9/f6/1c/c9f61c28-7545-4e74-b298-32339196dc35_thumbnail695.webp"", ""https://www.property.co.zw/uploadedfiles/a1/a7/24/a1a724ed-83fa-433d-bd99-16458324b911_thumbnail695.webp"", ""https://www.property.co.zw/uploadedfiles/f5/09/c5/f509c5e4-0309-4a3b-8d44-2b6b7f145574_thumbnail695.webp"", ""https://www.property.co.zw/uploadedfiles/08/bf/c8/08bfc8c6-3c7e-477d-a4d1-f16e2a09efaa_thumbnail695.webp"", ""https://www.property.co.zw/uploadedfiles/90/75/07/90750768-7b41-4fbb-a6d4-4d0ad9f62961_thumbnail695.webp"", ""https://www.property.co.zw/uploadedfiles/41/bf/5f/41bf5f7c-be63-4c2b-8617-ff86d18d6176_thumbnail695.webp"", ""https://www.property.co.zw/uploadedfiles/da/2d/32/da2d32cc-4e61-4e69-84bf-01d8df6fa878_thumbnail695.webp""]",2026-09-23T16:22:30,False,30000.0,,already USD,False,False,False,True,,False,False,False,False,False,False,False,False,False,False,False,False,False,False,False,False,False,False,False,False,False,False,False,False,1
PGP237402,https://www.property.co.zw/for-sale/houses-pgp237402,A spacious home with so much potential.,210000.0,USD,New Marlborough,Harare West,Zimbabwe,"New Marlborough, Harare West, Harare",5,2.0,650.0,m²,2000.0,m²,"On offer for sale in New Marlborough, is a family home with Title deeds sitting on 2000sqm being a plastered and painted brick wall under Marley tiles. It has the",2026-01-08,2026-09-17T15:12:32+02:00,Pam Golding Properties,12,"[""https://www.property.co.zw/uploadedfiles/48/81/a8/4881a86a-0b4f-4150-97f7-3212e4a4b39b_thumbnail695.webp"", ""https://www.property.co.zw/uploadedfiles/4a/f2/80/4af280ca-749e-4923-95cd-785e23b222e6_thumbnail695.webp"", ""https://www.property.co.zw/uploadedfiles/54/0c/bb/540cbb49-6b77-4caf-9381-a2b20f2e3451_thumbnail695.webp"", ""https://www.property.co.zw/uploadedfiles/04/b9/4c/04b94cb1-d4a6-40af-8f34-5357c4186cff_thumbnail695.webp"", ""https://www.property.co.zw/uploadedfiles/95/08/b6/9508b644-5424-4123-be3d-46392d10fa6c_thumbnail695.webp"", ""https://www.property.co.zw/uploadedfiles/da/48/ed/da48ed40-2989-413e-9783-b269cf785853_thumbnail695.webp"", ""https://www.property.co.zw/uploadedfiles/dc/a4/2d/dca42dfd-17da-44a8-9ccf-7e368138816a_thumbnail695.webp"", ""https://www.property.co.zw/uploadedfiles/2b/c7/02/2bc70251-302b-4511-b200-28bdc85f29ea_thumbnail695.webp"", ""https://www.property.co.zw/uploadedfiles/37/88/0b/37880b3f-f47d-48d5-b38f-9ae8d13dce64_thumbnail695.webp"", ""https://www.property.co.zw/uploadedfiles/84/27/59/842759e2-09b8-4038-b373-e0677457218c_thumbnail695.webp"", ""https://www.property.co.zw/uploadedfiles/66/56/f0/6656f0ac-9b2f-4f62-bb3b-934772a26bba_thumbnail695.webp"", ""https://www.property.co.zw/uploadedfiles/8a/9a/38/8a9a38ae-1eb7-42fa-b826-228bf6b4cb35_thumbnail695.webp""]",2026-09-23T16:22:35,False,210000.0,,already USD,False,False,True,True,,False,True,False,False,False,False,False,False,False,False,False,False,False,False,False,False,False,False,False,False,False,False,True,False,0
KHA250732,https://www.property.co.zw/for-sale/houses-kha250732,Beautiful 3 bedroom family home for sale in Southlea Park.,46000.0,USD,Southlea Park,Harare South,Zimbabwe,"Southlea Park, Harare South, Harare",3,2.0,90.0,m²,200.0,m²,"SOUTHLEA PARK PROPERTY FOR SALE – SOLE MANDATE
Location: Southlea Park, Harare (Close to Southlea Park Primary School, easy main road access)

Stand Size: 200",2026-07-06,2026-09-02T07:52:42+02:00,Khalida Realty,14,"[""https://www.property.co.zw/uploadedfiles/80/42/9d/80429d83-a163-4b9d-87c1-62925ab92fd2_thumbnail695.webp"", ""https://www.property.co.zw/uploadedfiles/eb/76/1f/eb761ff5-ab18-4273-83d4-aade7f3104c2_thumbnail695.webp"", ""https://www.property.co.zw/uploadedfiles/85/29/41/852941db-64b4-46b3-aad8-0aaf17c2e039_thumbnail695.webp"", ""https://www.property.co.zw/uploadedfiles/69/03/88/690388b6-02ba-4c65-8c55-50efbfed4961_thumbnail695.webp"", ""https://www.property.co.zw/uploadedfiles/47/26/91/4726912f-24c5-4378-8908-f5158c2b0ea1_thumbnail695.webp"", ""https://www.property.co.zw/uploadedfiles/f8/0d/54/f80d545c-c0b3-42e3-abd3-f60cf6a30409_thumbnail695.webp"", ""https://www.property.co.zw/uploadedfiles/c9/ae/c7/c9aec702-8e9a-48b2-8fa1-b376de36f28a_thumbnail695.webp"", ""https://www.property.co.zw/uploadedfiles/a4/9b/ac/a49bac2b-1b4e-430f-9d14-8364340ab409_thumbnail695.webp"", ""https://www.property.co.zw/uploadedfiles/f6/89/c1/f689c102-3ed6-4a38-b1a5-9ea2c7bdf72b_thumbnail695.webp"", ""https://www.property.co.zw/uploadedfiles/8b/5b/2a/8b5b2a51-3a05-460f-a1e0-818a20bddc90_thumbnail695.webp"", ""https://www.property.co.zw/uploadedfiles/94/f6/b3/94f6b3af-f246-4ea8-b37f-f70eb121ef02_thumbnail695.webp"", ""https://www.property.co.zw/uploadedfiles/76/57/1d/76571d9f-ad24-49c6-a3ac-d0482759f6b4_thumbnail695.webp"", ""https://www.property.co.zw/uploadedfiles/a9/28/0b/a9280b3c-f0c2-45f2-a3b6-22a99465b3c5_thumbnail695.webp"", ""https://www.property.co.zw/uploadedfiles/a4/da/12/a4da1297-a111-4730-b9a5-ffb7289f19bc_thumbnail695.webp""]",2026-09-23T16:22:39,False,46000.0,,already USD,False,False,True,True,,False,False,False,False,False,False,False,False,False,False,False,False,False,False,False,False,False,False,False,False,False,False,False,False,0
SEF250208,https://www.property.co.zw/for-sale/houses-sef250208,"Aspindale Park 4-Bed Home — Tiled, Solar & 24hr Security",100000.0,USD,Aspindale Park,Harare West,Zimbabwe,"Aspindale Park, Harare West, Harare",4,1.0,90.0,m²,200.0,m²,"Charming, move-in ready 4-bedroom house for sale in Aspindale Park, Harare West — perfect for a growing family or investor. Sited on a compact 200 m² stand with a",2026-06-29,2026-09-11T14:11:24+02:00,Seeff Zimbabwe,9,"[""https://www.property.co.zw/uploadedfiles/e8/0e/eb/e80eeb05-cbc5-4691-82a8-9d14add2f30a_thumbnail695.webp"", ""https://www.property.co.zw/uploadedfiles/96/6b/e0/966be056-e9a0-46eb-b1e7-f4ad4ba97f75_thumbnail695.webp"", ""https://www.property.co.zw/uploadedfiles/1c/12/0b/1c120bef-745e-4b63-860e-3fc71064460e_thumbnail695.webp"", ""https://www.property.co.zw/uploadedfiles/e9/22/ea/e922ea1d-45a9-4d41-ac35-bca39d18f705_thumbnail695.webp"", ""https://www.property.co.zw/uploadedfiles/40/05/37/40053725-37e2-4b40-b801-883410525471_thumbnail695.webp"", ""https://www.property.co.zw/uploadedfiles/d1/c4/d2/d1c4d281-5f71-4e46-b303-5af7b874a705_thumbnail695.webp"", ""https://www.property.co.zw/uploadedfiles/22/1e/5f/221e5fc6-8e24-4efe-910b-5b4b71d54a57_thumbnail695.webp"", ""https://www.property.co.zw/uploadedfiles/99/12/4c/99124ca9-05e8-4780-a4e2-3ac94eccd6b9_thumbnail695.webp"", ""https://www.property.co.zw/uploadedfiles/34/cb/a4/34cba420-cc79-4d1b-a273-b46d5bb752e6_thumbnail695.webp""]",2026-09-23T16:22:44,False,100000.0,,already USD,False,False,True,True,,False,False,False,False,False,False,False,False,False,False,False,False,False,False,False,False,False,False,False,False,False,False,False,False,3
RRT247860,https://www.property.co.zw/for-sale/houses-rrt247860,Plutonium rd Cleverhill Crowhill,90000.0,USD,Crowhill Views,Harare North,Zimbabwe,"Crowhill Views, Harare North, Harare",3,2.0,180.0,m²,2000.0,m²,"Unique smallholding Property,well positioned comprising 2 adjacent stands with separate title deeds currently combined and operating as one functional property",2026-05-26,2026-08-26T08:30:19+02:00,Robert Root,12,"[""https://www.property.co.zw/uploadedfiles/7c/bc/4b/7cbc4bce-ad04-4dc9-bf50-e74184cc7123_thumbnail695.webp"", ""https://www.property.co.zw/uploadedfiles/d2/57/e0/d257e064-0e6b-4cd3-ad32-5ae2275f5a4b_thumbnail695.webp"", ""https://www.property.co.zw/uploadedfiles/27/db/d7/27dbd70e-6585-4388-97c1-09018e98292d_thumbnail695.webp"", ""https://www.property.co.zw/uploadedfiles/ab/24/c8/ab24c869-06fa-468f-bcdf-f16d7621a6a8_thumbnail695.webp"", ""https://www.property.co.zw/uploadedfiles/50/6e/d9/506ed998-c277-4608-a66d-c9ee34ed5e4d_thumbnail695.webp"", ""https://www.property.co.zw/uploadedfiles/11/5f/b7/115fb742-7437-4504-a710-17a909d74bee_thumbnail695.webp"", ""https://www.property.co.zw/uploadedfiles/46/f1/d3/46f1d37b-8164-440a-bc32-ccac9b1d5edb_thumbnail695.webp"", ""https://www.property.co.zw/uploadedfiles/11/fc/b7/11fcb7b5-6a19-497f-b72d-ae3cf4b4d15a_thumbnail695.webp"", ""https://www.property.co.zw/uploadedfiles/0e/6b/70/0e6b7052-5d4b-44ff-90e1-1411f0ad9814_thumbnail695.webp"", ""https://www.property.co.zw/uploadedfiles/a9/86/c2/a986c28e-1d41-4c1e-971a-eb69c4c2b321_thumbnail695.webp"", ""https://www.property.co.zw/uploadedfiles/e2/b7/d6/e2b7d6c2-2c30-486b-bd6f-a7c97fb78000_thumbnail695.webp"", ""https://www.property.co.zw/uploadedfiles/6c/6c/f5/6c6cf582-98b2-46dd-b0ca-e29e3809a5a9_thumbnail695.webp""]",2026-09-23T16:22:48,False,90000.0,,already USD,False,False,True,True,,False,False,False,False,False,False,False,False,False,False,False,False,False,False,False,False,False,False,False,False,False,False,True,False,0
PGP253653,https://www.property.co.zw/for-sale/houses-pgp253653,Perfect Family Home for Sale in Newlands,520000.0,USD,Newlands,Harare North,Zimbabwe,"Newlands, Harare North, Harare",4,2.0,,,4047.0,m²,"Set on 4,047 sqm in Newlands, this property was originally the dairy farmhouse for the Newlands area. It is fully walled and gated and comprises a main house, ",2026-08-20,2026-09-21T11:57:35+02:00,Pam Golding Properties,22,"[""https://www.property.co.zw/uploadedfiles/8b/99/96/8b999655-1f9f-42eb-91da-f49157d0257f_thumbnail695.webp"", ""https://www.property.co.zw/uploadedfiles/b8/6d/c8/b86dc835-a7db-4317-ad5f-0161f93f47a2_thumbnail695.webp"", ""https://www.property.co.zw/uploadedfiles/98/72/24/987224fd-639d-4adf-bc59-3c9206e86559_thumbnail695.webp"", ""https://www.property.co.zw/uploadedfiles/13/02/be/1302bef7-2cac-4905-86c2-e798470fe1e8_thumbnail695.webp"", ""https://www.property.co.zw/uploadedfiles/7d/f5/56/7df5567c-bff4-450c-86cb-a4e14eb6d5b3_thumbnail695.webp"", ""https://www.property.co.zw/uploadedfiles/f0/fb/73/f0fb732f-ae73-47c4-8df8-e0eaece40f5c_thumbnail695.webp"", ""https://www.property.co.zw/uploadedfiles/da/b6/44/dab64458-3507-428e-a49b-c5e115fad4c9_thumbnail695.webp"", ""https://www.property.co.zw/uploadedfiles/50/23/25/50232511-b0ee-4cb3-a5a1-b83bfcdf7950_thumbnail695.webp"", ""https://www.property.co.zw/uploadedfiles/bd/c3/1e/bdc31ea9-33b9-42cc-bb51-12e06386e4d8_thumbnail695.webp"", ""https://www.property.co.zw/uploadedfiles/27/95/62/279562d5-5049-4d6f-8983-fa7827e14f11_thumbnail695.webp"", ""https://www.property.co.zw/uploadedfiles/23/92/ce/2392ceb0-3958-433d-8640-f337c5ff17d4_thumbnail695.webp"", ""https://www.property.co.zw/uploadedfiles/f7/23/4d/f7234d0b-bbed-46cf-ad4c-f1fbc40d6c3a_thumbnail695.webp"", ""https://www.property.co.zw/uploadedfiles/22/1d/4b/221d4b51-74c8-41bb-b047-d2078a8aae48_thumbnail695.webp"", ""https://www.property.co.zw/uploadedfiles/91/7a/32/917a322b-b2ea-4fc1-8522-f607ee9774e8_thumbnail695.webp"", ""https://www.property.co.zw/uploadedfiles/f3/ce/b6/f3ceb6b1-8158-43a3-ba3a-1a41269ff2b8_thumbnail695.webp"", ""https://www.property.co.zw/uploadedfiles/7f/a4/fb/7fa4fbf8-59a5-41c5-a904-68433c10b65d_thumbnail695.webp"", ""https://www.property.co.zw/uploadedfiles/37/de/8b/37de8bc2-550e-4188-a907-dbb2197cabad_thumbnail695.webp"", ""https://www.property.co.zw/uploadedfiles/e1/ff/c7/e1ffc7ff-d5c4-4a0c-87bc-3ea988d958e9_thumbnail695.webp"", ""https://www.property.co.zw/uploadedfiles/22/5b/17/225b17ce-044a-42c4-a617-b28a12d1d768_thumbnail695.webp"", ""https://www.property.co.zw/uploadedfiles/02/87/4a/02874a39-c2f9-4c78-bc2d-10dbe3e71b92_thumbnail695.webp"", ""https://www.property.co.zw/uploadedfiles/9b/37/56/9b375624-fdbf-417c-a19d-e8ecc5546691_thumbnail695.webp"", ""https://www.property.co.zw/uploadedfiles/21/35/a9/2135a928-b49d-4432-85e3-92661bdbbec5_thumbnail695.webp""]",2026-09-23T16:22:52,False,520000.0,,already USD,False,False,True,False,,False,False,False,False,True,False,False,False,False,False,False,False,False,False,False,False,False,False,False,False,False,False,False,False,0
RWS255157,https://www.property.co.zw/for-sale/houses-rws255157,Very serious seller,230000.0,USD,Bluff Hill,Harare West,Zimbabwe,"Bluff Hill, Harare West, Harare",3,2.0,400.0,m²,2000.0,m²,"Charming 3-bedroom, 2-bathroom family home on a generous 2,000 m² stand in sought-after Bluff Hill, Harare West. The substantial 400 m² single-storey residence",2026-09-14,2026-09-14T14:16:25+02:00,Rawson Properties Harare,12,"[""https://www.property.co.zw/uploadedfiles/fe/9a/7d/fe9a7dc2-3057-4e56-bb4b-5c367e25e018_thumbnail695.webp"", ""https://www.property.co.zw/uploadedfiles/58/f7/0f/58f70fb8-d8a5-4dce-bc88-6a49728a0d95_thumbnail695.webp"", ""https://www.property.co.zw/uploadedfiles/81/bc/e2/81bce2dd-96f8-4d4d-a7f8-e169bb82dbe3_thumbnail695.webp"", ""https://www.property.co.zw/uploadedfiles/e9/1d/35/e91d3554-2a14-4e19-b808-5df9cbde64f3_thumbnail695.webp"", ""https://www.property.co.zw/uploadedfiles/f7/dc/3e/f7dc3ece-1dad-457e-a221-b32e23ccafb4_thumbnail695.webp"", ""https://www.property.co.zw/uploadedfiles/69/4f/ac/694fac06-3a7f-4a64-8b61-4a85bfcc0326_thumbnail695.webp"", ""https://www.property.co.zw/uploadedfiles/37/96/61/37966139-94de-4c0c-86c0-aa5af2e55667_thumbnail695.webp"", ""https://www.property.co.zw/uploadedfiles/e5/f9/9f/e5f99fcb-b75c-4371-ac62-0327a42da705_thumbnail695.webp"", ""https://www.property.co.zw/uploadedfiles/be/58/3f/be583f6f-e2c1-4950-90de-1973f2a58384_thumbnail695.webp"", ""https://www.property.co.zw/uploadedfiles/fc/a0/19/fca019b7-87a2-4c17-b604-6c2cc5806c0b_thumbnail695.webp"", ""https://www.property.co.zw/uploadedfiles/60/93/ed/6093ed1e-e451-4491-9293-4277185c05a6_thumbnail695.webp"", ""https://www.property.co.zw/uploadedfiles/2b/8f/fc/2b8ffc57-18bc-42d2-bd12-57558c743ac2_thumbnail695.webp""]",2026-09-23T16:22:57,False,230000.0,,already USD,False,False,True,True,,False,False,False,False,False,False,False,False,False,False,False,False,False,False,False,False,False,False,False,False,False,False,False,False,0
SEF252104,https://www.property.co.zw/for-sale/houses-sef252104,"Luxury 5 Bedroom Residence For Sale, Borrowdale Country Estates",460000.0,USD,Borrowdale,Harare North,Zimbabwe,"Borrowdale, Harare North, Harare",5,5.0,600.0,m²,1812.0,m²,"Stunning contemporary family home on Domboshava rd, Borrowdale Country Estate, on a generous 1,812 m² stand with 600 m² of living space. This immaculate two-storey",2026-07-23,2026-08-07T12:50:04+02:00,Seeff Zimbabwe,19,"[""https://www.property.co.zw/uploadedfiles/a0/88/af/a088afc3-ee1c-4faf-8f4a-f9321f635e6b_thumbnail695.webp"", ""https://www.property.co.zw/uploadedfiles/a9/14/30/a9143073-dfc3-461d-aab8-9c8404b15f12_thumbnail695.webp"", ""https://www.property.co.zw/uploadedfiles/74/2b/6f/742b6f51-a331-471b-8016-a0d4b458ce75_thumbnail695.webp"", ""https://www.property.co.zw/uploadedfiles/60/33/26/60332619-8890-4303-8668-76e5c189b49b_thumbnail695.webp"", ""https://www.property.co.zw/uploadedfiles/0a/3e/35/0a3e35ab-277d-4254-a7f8-d95e10b85894_thumbnail695.webp"", ""https://www.property.co.zw/uploadedfiles/5e/b7/08/5eb708be-c453-4182-a0df-9461b2cc81e2_thumbnail695.webp"", ""https://www.property.co.zw/uploadedfiles/56/f7/24/56f724a5-1d38-46d9-a18e-8a37eb4b52c9_thumbnail695.webp"", ""https://www.property.co.zw/uploadedfiles/f2/a5/6b/f2a56b7b-c70d-48d4-ba56-bb692bd6df3b_thumbnail695.webp"", ""https://www.property.co.zw/uploadedfiles/6b/41/ed/6b41ed5c-9ca8-4e38-af45-16e870761847_thumbnail695.webp"", ""https://www.property.co.zw/uploadedfiles/3c/cd/9d/3ccd9d85-e0a1-444f-9f7b-ca969d2adbc5_thumbnail695.webp"", ""https://www.property.co.zw/uploadedfiles/38/98/47/38984744-4086-489c-b744-d7b19358071e_thumbnail695.webp"", ""https://www.property.co.zw/uploadedfiles/09/b1/80/09b1803a-dd37-47e0-9d52-f18594e94aeb_thumbnail695.webp"", ""https://www.property.co.zw/uploadedfiles/32/30/a1/3230a156-d4db-4210-a6e4-a4fa629b82b6_thumbnail695.webp"", ""https://www.property.co.zw/uploadedfiles/ad/25/5e/ad255e54-9bf1-4661-a381-e3efa734ba9f_thumbnail695.webp"", ""https://www.property.co.zw/uploadedfiles/f7/4e/5b/f74e5b89-da16-423f-a41e-179cd13c95ba_thumbnail695.webp"", ""https://www.property.co.zw/uploadedfiles/eb/51/37/eb5137e7-4ab9-42b0-b64e-1706082169a0_thumbnail695.webp"", ""https://www.property.co.zw/uploadedfiles/4e/06/e0/4e06e0d6-1ba1-4950-9a00-cddcf6444c9e_thumbnail695.webp"", ""https://www.property.co.zw/uploadedfiles/9d/dd/cd/9dddcd7a-0ea8-47fe-b6c9-4d330da56e85_thumbnail695.webp"", ""https://www.property.co.zw/uploadedfiles/bb/a7/bc/bba7bc70-9834-4d12-b3e7-d5b87f026485_thumbnail695.webp""]",2026-09-23T16:23:01,False,460000.0,,already USD,False,False,True,True,,False,False,False,False,False,False,False,False,False,False,False,False,False,False,False,False,False,False,False,False,False,False,False,False,3
SMY244623,https://www.property.co.zw/for-sale/houses-smy244623,Residential House For Sale,35000.0,USD,Granary Park,Harare High Density,Zimbabwe,"Granary Park, Harare High Density, Harare",6,3.0,200.0,m²,300.0,m²,"6 beds with provision for main insute, seperate lounge and dinning separated by an arch,plus kitchen, provision for 2 toilets inside but not yet fitted. One",2026-04-13,2026-04-28T10:16:31+02:00,Sermony Properties,12,"[""https://www.property.co.zw/uploadedfiles/c3/8c/36/c38c3645-91e8-4c92-9620-9fe0d0116929_thumbnail695.webp"", ""https://www.property.co.zw/uploadedfiles/f3/e5/d3/f3e5d3e5-f082-42a8-8b3e-45aea9061ac2_thumbnail695.webp"", ""https://www.property.co.zw/uploadedfiles/24/e5/86/24e586d7-1cfe-419b-b8c4-c381e3babcc8_thumbnail695.webp"", ""https://www.property.co.zw/uploadedfiles/d8/8a/8a/d88a8aed-2f53-4fcb-bd72-aef1d351e9b3_thumbnail695.webp"", ""https://www.property.co.zw/uploadedfiles/ce/0a/62/ce0a62b5-af9c-474b-9fa9-7c829f65204e_thumbnail695.webp"", ""https://www.property.co.zw/uploadedfiles/01/6f/df/016fdfb2-b762-49e4-91c3-a3b48d3108f4_thumbnail695.webp"", ""https://www.property.co.zw/uploadedfiles/ac/97/78/ac97789c-25c2-479a-b3e2-bdc5995a4d81_thumbnail695.webp"", ""https://www.property.co.zw/uploadedfiles/15/fa/ff/15faff56-dfe0-4993-9de1-7108aa49a2ac_thumbnail695.webp"", ""https://www.property.co.zw/uploadedfiles/2c/ff/02/2cff0289-380d-4b7d-94b0-2e7fd1abc4e0_thumbnail695.webp"", ""https://www.property.co.zw/uploadedfiles/d5/c2/2d/d5c22dfd-0d23-408c-83aa-11f61da2e090_thumbnail695.webp"", ""https://www.property.co.zw/uploadedfiles/1b/1d/81/1b1d8158-6139-45cf-b8ec-fcca4bfa5f44_thumbnail695.webp"", ""https://www.property.co.zw/uploadedfiles/1b/33/9f/1b339fc9-9ed2-49a6-a836-23fc1c6b2a83_thumbnail695.webp""]",2026-09-23T16:23:06,False,35000.0,,already USD,False,True,True,True,,False,False,False,False,False,False,False,False,False,False,False,False,False,False,False,False,False,False,False,False,False,False,False,False,0
PRCL241077,https://www.property.co.zw/for-sale/houses-prcl241077,"Executive Double Storey Residence for Sale – Gletwin, Harare",480000.0,USD,Gletwin Park,Harare North,Zimbabwe,"Gletwin Park, Harare North, Harare",5,4.0,450.0,m²,2030.0,m²,"Set in one of Harare’s most sought-after and prestigious suburbs, this impressive double storey family residence sits on a generous 2,030sqm stand in the heart of",2026-02-20,2026-06-12T12:28:41+02:00,Property Channel,15,"[""https://www.property.co.zw/uploadedfiles/ed/be/4d/edbe4d0e-60cc-4eac-bc49-0e8389ad1981_thumbnail695.webp"", ""https://www.property.co.zw/uploadedfiles/d2/e2/d5/d2e2d579-0f41-4558-b1bd-5bd699c1ee18_thumbnail695.webp"", ""https://www.property.co.zw/uploadedfiles/49/93/39/49933937-7657-4931-9ec0-31d8beb3e8b8_thumbnail695.webp"", ""https://www.property.co.zw/uploadedfiles/13/97/23/139723e7-6c46-47da-9850-8ee50e431422_thumbnail695.webp"", ""https://www.property.co.zw/uploadedfiles/ee/05/8f/ee058f65-6c35-42d0-9690-0aba7ffd5e35_thumbnail695.webp"", ""https://www.property.co.zw/uploadedfiles/d0/2f/bb/d02fbb70-1365-4fb9-999e-3924a14efd6d_thumbnail695.webp"", ""https://www.property.co.zw/uploadedfiles/e8/19/31/e81931c0-51b9-430c-864b-5d20b1197c4e_thumbnail695.webp"", ""https://www.property.co.zw/uploadedfiles/db/ff/cc/dbffccb3-d2fe-42b4-85a0-16276dfeb4a3_thumbnail695.webp"", ""https://www.property.co.zw/uploadedfiles/a7/08/ec/a708ec11-bf5b-4846-8b16-f62513e43705_thumbnail695.webp"", ""https://www.property.co.zw/uploadedfiles/45/8e/f7/458ef74d-8096-411f-99d4-f5db4fd8625a_thumbnail695.webp"", ""https://www.property.co.zw/uploadedfiles/fd/f4/55/fdf45533-5601-468f-ae92-a956c37f4c65_thumbnail695.webp"", ""https://www.property.co.zw/uploadedfiles/7f/e5/f4/7fe5f4eb-6459-4f05-b789-bea1b3fda2e7_thumbnail695.webp"", ""https://www.property.co.zw/uploadedfiles/c2/8c/b9/c28cb99e-99c5-4e82-b8f3-54e16c361644_thumbnail695.webp"", ""https://www.property.co.zw/uploadedfiles/31/4a/c3/314ac368-3f19-44cc-ace0-159eb27a9217_thumbnail695.webp"", ""https://www.property.co.zw/uploadedfiles/49/68/b7/4968b7b7-d788-4b65-89f4-f021b3dd8e33_thumbnail695.webp""]",2026-09-23T16:23:10,False,480000.0,,already USD,False,False,True,True,,False,False,False,False,False,False,False,False,False,False,False,False,False,False,False,False,False,False,False,False,False,False,False,False,0
PRCL245240,https://www.property.co.zw/for-sale/houses-prcl245240,Partly Built 6-Bed Brick Shell on 1200m² Zimre Park,80000.0,USD,Zimre Park,Harare East,Zimbabwe,"Zimre Park, Harare East, Harare",6,2.0,450.0,m²,1200.0,m²,"Spacious 6-bedroom house-for-finish opportunity in desirable Zimre Park, Harare East — 1,200 m² stand with 450 m² built-up shell ready for your finishing touches.",2026-04-21,2026-04-21T16:48:25+02:00,Property Channel,7,"[""https://www.property.co.zw/uploadedfiles/03/70/3b/03703b5f-b962-4c19-9cbe-e5a605430941_thumbnail695.webp"", ""https://www.property.co.zw/uploadedfiles/09/ef/3e/09ef3e53-2950-4946-a076-d512012c98a0_thumbnail695.webp"", ""https://www.property.co.zw/uploadedfiles/a3/f0/ef/a3f0effb-a387-4a43-ab5c-10acc05c4270_thumbnail695.webp"", ""https://www.property.co.zw/uploadedfiles/e1/ba/29/e1ba2982-0207-404f-8afc-9dd6b466aa78_thumbnail695.webp"", ""https://www.property.co.zw/uploadedfiles/26/2a/ce/262ace79-e047-480d-8ab2-0d8c79a6c532_thumbnail695.webp"", ""https://www.property.co.zw/uploadedfiles/89/91/a2/8991a238-782c-4634-9adf-2439510f73ec_thumbnail695.webp"", ""https://www.property.co.zw/uploadedfiles/a9/e6/c3/a9e6c31e-1ac2-427c-b699-789150ac091b_thumbnail695.webp""]",2026-09-23T16:23:15,False,80000.0,,already USD,False,False,True,True,,False,False,False,False,False,False,False,False,False,False,False,False,False,False,False,False,False,False,False,False,False,False,False,False,1
RPR249358,https://www.property.co.zw/for-sale/houses-rpr249358,Sunridge Mabelreign ,170000.0,USD,Mabelreign,Harare West,Zimbabwe,"Mabelreign, Harare West, Harare",4,1.5,,,1017.0,m²,"?? SUNRIDGE HOUSE FOR SALE ??
An excellent opportunity to own a spacious property in the sought-after Sunridge area — perfect for family living or investment!
?",2026-06-16,2026-06-16T08:23:32+02:00,Root Pro,8,"[""https://www.property.co.zw/uploadedfiles/dc/7a/cc/dc7acc6d-0283-4ccd-8df3-c0038d485ab7_thumbnail695.webp"", ""https://www.property.co.zw/uploadedfiles/91/8f/90/918f90d5-f583-4790-b071-54609a2299ad_thumbnail695.webp"", ""https://www.property.co.zw/uploadedfiles/c9/b2/0e/c9b20ef9-3502-4b45-ae66-425610acf058_thumbnail695.webp"", ""https://www.property.co.zw/uploadedfiles/ef/57/f4/ef57f420-be40-43ab-a625-431c3f817ca7_thumbnail695.webp"", ""https://www.property.co.zw/uploadedfiles/63/75/47/63754784-5dc8-43e4-90d7-eae0b90e1c5b_thumbnail695.webp"", ""https://www.property.co.zw/uploadedfiles/7c/2a/f1/7c2af14e-abad-4650-85e0-38195c09e65a_thumbnail695.webp"", ""https://www.property.co.zw/uploadedfiles/c9/91/db/c991db17-a9d3-4c07-a8ef-c48f225c2e2d_thumbnail695.webp"", ""https://www.property.co.zw/uploadedfiles/7d/e2/3e/7de23e94-97f2-4fcb-8cc8-89b71467a956_thumbnail695.webp""]",2026-09-23T16:23:19,False,170000.0,,already USD,False,True,True,False,,False,False,False,False,False,False,False,False,False,False,False,False,False,False,False,False,False,False,False,False,False,False,False,False,0
GRM242175,https://www.property.co.zw/for-sale/houses-grm242175,Mainway Meadows house for sale,130000.0,USD,Mainway Meadows,Harare South,Zimbabwe,"Mainway Meadows, Harare South, Harare",4,2.0,400.0,m²,835.0,m²,"MAINWAY MEADOWS    usd130k neg.

Beautiful & spacious 4 beds (mes), dining lounge, fitted kitchen with hob and grill, bathroom, toilet, verandah, lockup garage,",2026-03-09,2026-09-07T09:59:46+02:00,Graham and Douglas Real Estate,15,"[""https://www.property.co.zw/uploadedfiles/df/73/03/df7303a5-1dce-4f68-a207-c678b596e043_thumbnail695.webp"", ""https://www.property.co.zw/uploadedfiles/ad/df/c2/addfc2af-95ac-4dd5-a5d6-07473b150bc7_thumbnail695.webp"", ""https://www.property.co.zw/uploadedfiles/e4/55/b2/e455b2e5-e295-4f24-b71f-eb02c30d5f10_thumbnail695.webp"", ""https://www.property.co.zw/uploadedfiles/0e/cd/bf/0ecdbf8a-922a-4b93-9403-dee6f0eb15c0_thumbnail695.webp"", ""https://www.property.co.zw/uploadedfiles/4b/4a/f3/4b4af30f-af94-4126-98e2-481bbc2c4b9d_thumbnail695.webp"", ""https://www.property.co.zw/uploadedfiles/7d/c2/be/7dc2bee9-9c34-433f-8f6c-3676edfc3685_thumbnail695.webp"", ""https://www.property.co.zw/uploadedfiles/4d/79/de/4d79decc-d5d6-486b-8dc2-52913f05d12d_thumbnail695.webp"", ""https://www.property.co.zw/uploadedfiles/30/14/b7/3014b774-b0b9-42c9-ba45-ee03096e3e73_thumbnail695.webp"", ""https://www.property.co.zw/uploadedfiles/4a/8e/b9/4a8eb939-c98a-4547-9487-cbe1977790cc_thumbnail695.webp"", ""https://www.property.co.zw/uploadedfiles/d4/56/15/d4561590-e27c-4e85-a234-da045346076d_thumbnail695.webp"", ""https://www.property.co.zw/uploadedfiles/6a/2e/ad/6a2eadb4-8c51-4f1c-864a-909abc1c79ff_thumbnail695.webp"", ""https://www.property.co.zw/uploadedfiles/3f/bc/c7/3fbcc750-22cd-4399-821a-fe279c24dd2e_thumbnail695.webp"", ""https://www.property.co.zw/uploadedfiles/42/a0/e8/42a0e86f-c055-475c-9e48-31b301133c5c_thumbnail695.webp"", ""https://www.property.co.zw/uploadedfiles/a9/18/0e/a9180e91-afbf-49d8-bbc4-d1ec29ebc395_thumbnail695.webp"", ""https://www.property.co.zw/uploadedfiles/d5/56/ba/d556ba5a-2ca8-4c72-a21f-5a29575a0d2a_thumbnail695.webp""]",2026-09-23T16:23:24,False,130000.0,,already USD,False,True,True,True,,False,False,False,False,False,False,False,False,False,False,True,False,False,False,False,False,False,False,False,True,False,False,False,False,0
BNJR250220,https://www.property.co.zw/for-sale/houses-bnjr250220,Neat Mabvazuva House,125000.0,USD,Mabvazuva,Ruwa,Zimbabwe,"Mabvazuva, Ruwa, Mashonaland East",3,2.0,220.0,m²,405.0,m²,"Discover modern, secure estate living in this immaculate 4-bedroom capable home located in the prestigious Mabvazuva gated community. Perfect for families or",2026-06-29,2026-06-29T14:10:08+02:00,The Benjamins Realty,15,"[""https://www.property.co.zw/uploadedfiles/b5/4b/5f/b54b5f76-34ad-42c6-a060-d0e247d6e916_thumbnail695.webp"", ""https://www.property.co.zw/uploadedfiles/d3/b4/d2/d3b4d212-9c88-4101-95f5-8ae29f054600_thumbnail695.webp"", ""https://www.property.co.zw/uploadedfiles/c8/f4/7d/c8f47d1e-a8f3-43d0-80b0-1b4db444178c_thumbnail695.webp"", ""https://www.property.co.zw/uploadedfiles/e3/84/9c/e3849cda-13cf-4840-988b-66f31b1beb8b_thumbnail695.webp"", ""https://www.property.co.zw/uploadedfiles/90/b6/bd/90b6bd0f-aa1a-409c-8a45-1e9cf1bc4e6c_thumbnail695.webp"", ""https://www.property.co.zw/uploadedfiles/fa/54/8d/fa548d73-8ecc-46b3-8c45-86274039886c_thumbnail695.webp"", ""https://www.property.co.zw/uploadedfiles/f7/85/da/f785da8b-79eb-4eee-846d-d2262a32c8e0_thumbnail695.webp"", ""https://www.property.co.zw/uploadedfiles/22/aa/0b/22aa0ba1-4423-45a7-a085-a58d7351abf4_thumbnail695.webp"", ""https://www.property.co.zw/uploadedfiles/69/8d/33/698d33fd-27c5-41ce-a16a-020131019981_thumbnail695.webp"", ""https://www.property.co.zw/uploadedfiles/cb/04/8a/cb048a8e-9f72-4a8a-a978-b873d7be91c5_thumbnail695.webp"", ""https://www.property.co.zw/uploadedfiles/96/c5/6a/96c56a48-a1b8-44ab-90e1-33925597d856_thumbnail695.webp"", ""https://www.property.co.zw/uploadedfiles/df/8d/69/df8d6993-ca5d-4e1b-ad2a-89e6c87f019e_thumbnail695.webp"", ""https://www.property.co.zw/uploadedfiles/8a/2c/13/8a2c1397-c80f-4d76-8d60-184bed530c91_thumbnail695.webp"", ""https://www.property.co.zw/uploadedfiles/d5/6d/69/d56d698f-304a-44f7-ba16-d6039b08b827_thumbnail695.webp"", ""https://www.property.co.zw/uploadedfiles/68/27/51/68275170-5bb7-4df5-bc12-23a9d56228ac_thumbnail695.webp""]",2026-09-23T16:23:33,True,125000.0,,already USD,False,False,True,True,,False,False,False,False,False,False,False,True,False,False,False,False,False,False,False,False,False,False,False,False,False,False,False,False,3
PHL254549,https://www.property.co.zw/for-sale/houses-phl254549,Ashdown Park House for sale,160000.0,USD,Ashdown Park,Harare West,Zimbabwe,"Ashdown Park, Harare West, Harare",5,3.0,350.0,m²,887.0,m²,"Discover a versatile family home on a generous 887 m²  in Ashdown Park, Harare West — 350 m² of living space with 5 bedrooms and 3 bathrooms, ideal for families or",2026-09-03,2026-09-08T15:58:05+02:00,Propertyhill Realty,19,"[""https://www.property.co.zw/uploadedfiles/85/54/bf/8554bf9d-9317-4252-b821-3fc160c5c949_thumbnail695.webp"", ""https://www.property.co.zw/uploadedfiles/45/1f/03/451f03a3-ac12-46a3-94a0-b1afa8d9a43c_thumbnail695.webp"", ""https://www.property.co.zw/uploadedfiles/cb/70/37/cb70376d-9626-40a6-a58f-2c069d3cf169_thumbnail695.webp"", ""https://www.property.co.zw/uploadedfiles/25/93/46/25934661-8af2-4211-b889-86d096605b07_thumbnail695.webp"", ""https://www.property.co.zw/uploadedfiles/d2/a1/9a/d2a19a05-38b6-4249-868c-6d775adfca00_thumbnail695.webp"", ""https://www.property.co.zw/uploadedfiles/87/81/5e/87815ecc-7dbc-48b3-b134-63e94078d75f_thumbnail695.webp"", ""https://www.property.co.zw/uploadedfiles/62/4d/79/624d7928-37e3-4202-8672-cfa1b739cd4c_thumbnail695.webp"", ""https://www.property.co.zw/uploadedfiles/ba/a3/f2/baa3f2ba-b3e4-4556-bd7a-49f0008b4a51_thumbnail695.webp"", ""https://www.property.co.zw/uploadedfiles/ed/eb/73/edeb7392-03b4-4b7f-b2fc-c21baea8e3da_thumbnail695.webp"", ""https://www.property.co.zw/uploadedfiles/9f/db/43/9fdb435d-738d-441c-bafc-747266e31622_thumbnail695.webp"", ""https://www.property.co.zw/uploadedfiles/71/bf/49/71bf499e-767c-4123-9221-b9278bfa6046_thumbnail695.webp"", ""https://www.property.co.zw/uploadedfiles/65/6c/05/656c055f-b204-4997-a465-9ea53164cb11_thumbnail695.webp"", ""https://www.property.co.zw/uploadedfiles/2b/ef/3d/2bef3dfa-6f74-4ed9-8dcf-8382e7659c62_thumbnail695.webp"", ""https://www.property.co.zw/uploadedfiles/14/a0/1f/14a01fe3-fe8a-4f94-915e-c281b48929dd_thumbnail695.webp"", ""https://www.property.co.zw/uploadedfiles/02/fc/a1/02fca188-2a50-4384-94ac-d9f7c99707f1_thumbnail695.webp"", ""https://www.property.co.zw/uploadedfiles/26/af/30/26af3083-8887-4d97-acb0-102b1dcabbee_thumbnail695.webp"", ""https://www.property.co.zw/uploadedfiles/d5/83/fb/d583fbf1-7c72-4b62-9c83-397001c81955_thumbnail695.webp"", ""https://www.property.co.zw/uploadedfiles/e1/4d/15/e14d1551-2750-49bb-b217-4fb93e811d19_thumbnail695.webp"", ""https://www.property.co.zw/uploadedfiles/7a/67/a0/7a67a0f9-3608-40d9-a661-1ace125d3696_thumbnail695.webp""]",2026-09-23T16:23:37,False,160000.0,,already USD,False,False,True,True,,False,False,False,False,False,False,False,False,False,False,False,False,False,False,False,False,False,False,False,False,False,False,False,False,0
CHN250137,https://www.property.co.zw/for-sale/houses-chn250137,Mount Pleasant Heights House For Sale,420000.0,USD,Mount Pleasant Heights,Harare North,Zimbabwe,"Mount Pleasant Heights, Harare North, Harare",5,5.0,1.0,m²,2000.0,m²,"MOUNT PLEASANT HEIGHTS HOUSE
 Stand Size: 2000 sqm
 
 Main House 
 - 5 Bedrooms: 4 with en-suite bathrooms 
 - Kitchen: Fitted with cupboards,  stove & oven
",2026-06-26,2026-07-10T11:02:26+02:00,Chronicles Properties,8,"[""https://www.property.co.zw/uploadedfiles/57/f0/99/57f099fd-1812-48cb-93ac-6604acd9bee1_thumbnail695.webp"", ""https://www.property.co.zw/uploadedfiles/75/a6/e1/75a6e119-372d-46f3-b51b-ffe2adbca7c9_thumbnail695.webp"", ""https://www.property.co.zw/uploadedfiles/70/bd/98/70bd985c-131e-4f4d-88b4-7b901a321cae_thumbnail695.webp"", ""https://www.property.co.zw/uploadedfiles/e3/e1/b2/e3e1b233-fbf3-4577-ae93-9398394b5dc6_thumbnail695.webp"", ""https://www.property.co.zw/uploadedfiles/84/e9/cf/84e9cfd7-50bb-4936-b72e-ff717920f03c_thumbnail695.webp"", ""https://www.property.co.zw/uploadedfiles/99/a7/fa/99a7fa4d-09f7-455f-983a-a59a66807fe3_thumbnail695.webp"", ""https://www.property.co.zw/uploadedfiles/6f/eb/3d/6feb3dca-ee4c-4497-9ac4-bb85c608b1c0_thumbnail695.webp"", ""https://www.property.co.zw/uploadedfiles/59/2f/31/592f314b-af68-4593-888d-4e7b6b135bf5_thumbnail695.webp""]",2026-09-23T16:23:42,False,420000.0,,already USD,False,False,True,True,,False,False,False,False,False,False,False,False,False,False,False,False,False,False,False,False,False,False,False,True,False,False,False,False,0
RWS252798,https://www.property.co.zw/for-sale/houses-rws252798,Opportunity not to miss!,450000.0,USD,Greystone Park,Harare North,Zimbabwe,"Greystone Park, Harare North, Harare",4,3.0,500.0,m²,4047.0,m²,"Greystone Park House for Sale

$450,000 | 4047sqm | Title Deeds

This charming 4-bedroom residence features a spacious lounge, a dining area, and a",2026-08-04,2026-08-06T00:08:27+02:00,Rawson Properties Harare,13,"[""https://www.property.co.zw/uploadedfiles/55/4b/25/554b253d-c0c1-4e3e-9fb9-a9e4572f64ec_thumbnail695.webp"", ""https://www.property.co.zw/uploadedfiles/d1/a8/7f/d1a87ff9-6740-4e1d-95bb-021c97c020c6_thumbnail695.webp"", ""https://www.property.co.zw/uploadedfiles/be/11/e2/be11e2ad-e811-48a6-a7d8-6e031274003c_thumbnail695.webp"", ""https://www.property.co.zw/uploadedfiles/37/4d/ca/374dca98-987a-4530-92c0-6b6dece0841b_thumbnail695.webp"", ""https://www.property.co.zw/uploadedfiles/21/99/59/21995964-7911-4cab-b5bb-3959efcd95d4_thumbnail695.webp"", ""https://www.property.co.zw/uploadedfiles/bb/23/7f/bb237f76-85ed-400d-9295-4d941c75daa7_thumbnail695.webp"", ""https://www.property.co.zw/uploadedfiles/7f/e3/3e/7fe33ee5-2755-4ac3-92b5-5ac220083b35_thumbnail695.webp"", ""https://www.property.co.zw/uploadedfiles/fa/96/a2/fa96a295-e558-409c-acb5-d6b0c971cda9_thumbnail695.webp"", ""https://www.property.co.zw/uploadedfiles/42/63/ba/4263babf-ec78-47d8-aea2-d554459c7f2c_thumbnail695.webp"", ""https://www.property.co.zw/uploadedfiles/e7/ed/b6/e7edb6a6-4b44-4f6f-8308-0b9fb12c2146_thumbnail695.webp"", ""https://www.property.co.zw/uploadedfiles/81/1b/53/811b537e-6e4c-48e3-9f89-c3b919ab58dc_thumbnail695.webp"", ""https://www.property.co.zw/uploadedfiles/1c/95/5d/1c955d41-bd4c-48e5-b0f1-451cc9bc3296_thumbnail695.webp"", ""https://www.property.co.zw/uploadedfiles/e9/0e/01/e90e0185-0ee0-4920-a82c-316007000d5e_thumbnail695.webp""]",2026-09-23T16:23:46,False,450000.0,,already USD,False,False,True,True,,False,False,False,False,False,False,False,False,False,False,False,False,False,False,False,False,False,False,False,False,False,False,True,False,0
NST248051,https://www.property.co.zw/for-sale/houses-nst248051,Prime Road Frontage Opportunity in Alexandra Park,550000.0,USD,Alexandra Park,Harare North,Zimbabwe,"Alexandra Park, Harare North, Harare",4,3.0,300.0,m²,2644.0,m²,"Set on a rectangular 2,644m² stand, this strategically positioned property on sought-after College Road offers exceptional visibility and access—making it an ideal",2026-05-28,2026-06-13T17:23:31+02:00,Nest Property,20,"[""https://www.property.co.zw/uploadedfiles/17/c0/47/17c04736-5dfa-46ce-9a2a-f11a7599727f_thumbnail695.webp"", ""https://www.property.co.zw/uploadedfiles/ab/15/f9/ab15f9bd-cc8f-4769-9829-b24db5372c29_thumbnail695.webp"", ""https://www.property.co.zw/uploadedfiles/d4/bb/f1/d4bbf1c8-0fce-46f2-a406-32aa7ada1a40_thumbnail695.webp"", ""https://www.property.co.zw/uploadedfiles/59/c3/78/59c378ec-31ab-4740-ba36-3d3249a666ed_thumbnail695.webp"", ""https://www.property.co.zw/uploadedfiles/b1/9a/93/b19a9315-8cd7-4a3a-a7bf-700487ad933e_thumbnail695.webp"", ""https://www.property.co.zw/uploadedfiles/ee/81/03/ee8103a1-bbe0-4aa6-b412-4a168c44d92d_thumbnail695.webp"", ""https://www.property.co.zw/uploadedfiles/18/1a/e6/181ae600-1452-4a69-bb96-81f243f422ef_thumbnail695.webp"", ""https://www.property.co.zw/uploadedfiles/dd/3e/03/dd3e03a3-f170-4747-9a1c-bb263c25cf21_thumbnail695.webp"", ""https://www.property.co.zw/uploadedfiles/ed/5d/ab/ed5dab6d-2a3f-447a-a1cd-7d9a1635775a_thumbnail695.webp"", ""https://www.property.co.zw/uploadedfiles/25/37/70/25377030-5fe6-424e-b581-fe305c09bbe0_thumbnail695.webp"", ""https://www.property.co.zw/uploadedfiles/8f/5c/8a/8f5c8a58-81a7-44b2-95bb-7781587b2b4d_thumbnail695.webp"", ""https://www.property.co.zw/uploadedfiles/d9/c9/eb/d9c9ebf9-c3d4-49c9-97f0-c6e7f06870b7_thumbnail695.webp"", ""https://www.property.co.zw/uploadedfiles/73/cc/41/73cc4130-3b87-4d94-9383-b0444b9deac7_thumbnail695.webp"", ""https://www.property.co.zw/uploadedfiles/d3/b7/78/d3b7786c-591d-4d02-ba61-66d2ee4528b4_thumbnail695.webp"", ""https://www.property.co.zw/uploadedfiles/f6/e1/ee/f6e1ee8c-3f72-42fa-9981-016dbbc39f49_thumbnail695.webp"", ""https://www.property.co.zw/uploadedfiles/75/0d/00/750d00a2-b01c-4ecd-a323-38212ebaf768_thumbnail695.webp"", ""https://www.property.co.zw/uploadedfiles/ec/8d/ff/ec8dff4d-e380-4b65-b06d-1f04479d4b05_thumbnail695.webp"", ""https://www.property.co.zw/uploadedfiles/c5/b9/dc/c5b9dcad-29f0-4521-8233-55a772aabb60_thumbnail695.webp"", ""https://www.property.co.zw/uploadedfiles/4b/2a/45/4b2a45c7-5769-4b26-8323-f6ba444ab988_thumbnail695.webp"", ""https://www.property.co.zw/uploadedfiles/e0/a8/8c/e0a88ce0-c0bf-4446-bd3c-a53aac98a1c3_thumbnail695.webp""]",2026-09-23T16:23:51,False,550000.0,,already USD,False,False,True,True,,False,False,False,False,False,False,False,False,False,False,False,False,False,False,False,False,False,False,False,False,False,False,False,False,0
CAC254449,https://www.property.co.zw/for-sale/houses-cac254449,Classic and Secure,610000.0,USD,Emerald Hill,Harare West,Zimbabwe,"Emerald Hill, Harare West, Harare",4,3.0,500.0,m²,4000.0,m²,"A very neat and cozy double storey home tucked on a quiet Close in the beautiful suburb of Emerald Hill, closer to Golden Stairs shops The huge property comes in",2026-09-02,2026-09-02T01:51:42+02:00,Carson & Carson Real Estate,18,"[""https://www.property.co.zw/uploadedfiles/fa/02/62/fa02620a-6a06-484a-9b08-127271bd6697_thumbnail695.webp"", ""https://www.property.co.zw/uploadedfiles/d1/c6/4d/d1c64d15-51f6-4292-93ea-3c6569d2c7ca_thumbnail695.webp"", ""https://www.property.co.zw/uploadedfiles/42/13/44/4213444a-2d2a-4387-929b-6f67da132f20_thumbnail695.webp"", ""https://www.property.co.zw/uploadedfiles/60/b9/b3/60b9b368-0584-49b4-a7f6-343db89c4106_thumbnail695.webp"", ""https://www.property.co.zw/uploadedfiles/5f/13/3a/5f133ac3-4e2d-4942-bdbd-b36af682406c_thumbnail695.webp"", ""https://www.property.co.zw/uploadedfiles/be/0c/8f/be0c8f4c-53b5-483a-9c6a-729d1339eda6_thumbnail695.webp"", ""https://www.property.co.zw/uploadedfiles/5c/0a/e0/5c0ae021-727d-4eba-9e4a-540901708a00_thumbnail695.webp"", ""https://www.property.co.zw/uploadedfiles/16/5e/dc/165edc01-f418-4bd6-b56b-b49e2ab64ffd_thumbnail695.webp"", ""https://www.property.co.zw/uploadedfiles/ad/1f/0e/ad1f0eca-d37d-42da-93f6-110e80b14d6e_thumbnail695.webp"", ""https://www.property.co.zw/uploadedfiles/33/e5/a9/33e5a9bb-23cb-4a6c-a1dd-cb310b6ead01_thumbnail695.webp"", ""https://www.property.co.zw/uploadedfiles/18/90/14/189014ae-7272-4f5e-b26f-5a738ce299c1_thumbnail695.webp"", ""https://www.property.co.zw/uploadedfiles/57/e4/69/57e469bf-6996-466b-a4ac-4732dc6fb763_thumbnail695.webp"", ""https://www.property.co.zw/uploadedfiles/d8/10/6b/d8106b75-e22d-4eb9-bb6c-46a211412f3f_thumbnail695.webp"", ""https://www.property.co.zw/uploadedfiles/ef/25/1c/ef251cab-cc63-4d63-ae46-84516940d547_thumbnail695.webp"", ""https://www.property.co.zw/uploadedfiles/d6/28/c8/d628c85c-cf1e-418c-acd5-c0c91ea92757_thumbnail695.webp"", ""https://www.property.co.zw/uploadedfiles/f8/1d/d5/f81dd582-ba6f-4d11-9c79-645cc98a5acd_thumbnail695.webp"", ""https://www.property.co.zw/uploadedfiles/86/c6/10/86c61075-882f-4df2-8ff0-05244e263eac_thumbnail695.webp"", ""https://www.property.co.zw/uploadedfiles/fe/5d/28/fe5d2804-0c28-4f33-a82f-e451dbc29fba_thumbnail695.webp""]",2026-09-23T16:23:56,False,610000.0,,already USD,False,False,True,True,,False,False,False,False,False,False,False,False,False,False,False,False,False,False,False,False,False,False,False,False,False,False,False,False,0
KHA251239,https://www.property.co.zw/for-sale/houses-kha251239,Hatfield Spacious property for sale ,370000.0,USD,Hatfield,Harare South,Zimbabwe,"Hatfield, Harare South, Harare",5,3.0,450.0,m²,5050.0,m²,"*HATFIELD PROPERTY FOR SALE*
*STAND SIZE 5050sqm* 
  
Harare South  , close to Alrington estate

Title  deeds
Asking for US$370 000
* Property comprises of",2026-07-13,2026-09-17T20:35:35+02:00,Khalida Realty,20,"[""https://www.property.co.zw/uploadedfiles/ae/66/9b/ae669b4a-fd5d-46ad-a220-3185eb7b6b10_thumbnail695.webp"", ""https://www.property.co.zw/uploadedfiles/af/a4/c0/afa4c087-3073-4e4c-bf19-c4d1e32f0c1c_thumbnail695.webp"", ""https://www.property.co.zw/uploadedfiles/da/96/8c/da968c8a-e402-46cb-b58f-9d9e8bb0d57b_thumbnail695.webp"", ""https://www.property.co.zw/uploadedfiles/c4/df/70/c4df70aa-473f-4bc7-8ae6-416ae048de67_thumbnail695.webp"", ""https://www.property.co.zw/uploadedfiles/a9/d4/d3/a9d4d3c7-f807-4919-bceb-0105097b6ec7_thumbnail695.webp"", ""https://www.property.co.zw/uploadedfiles/30/3f/bf/303fbfe8-1f8b-4d8f-9027-47484f1369aa_thumbnail695.webp"", ""https://www.property.co.zw/uploadedfiles/83/f6/70/83f67068-0201-4fd3-839e-4ac5d175494d_thumbnail695.webp"", ""https://www.property.co.zw/uploadedfiles/cf/92/76/cf9276a5-be2d-4cee-ac9c-d4d84000f8a7_thumbnail695.webp"", ""https://www.property.co.zw/uploadedfiles/56/4e/19/564e190b-b9d5-4525-a8d4-de28cbff0b4b_thumbnail695.webp"", ""https://www.property.co.zw/uploadedfiles/e5/43/0c/e5430c6f-3585-472d-92c6-c18e96f8d027_thumbnail695.webp"", ""https://www.property.co.zw/uploadedfiles/33/08/e7/3308e7bb-f1d8-4ffd-a079-a4bfb54fdfbf_thumbnail695.webp"", ""https://www.property.co.zw/uploadedfiles/e8/79/b4/e879b4cc-01e7-4815-a57c-46c75cf6daab_thumbnail695.webp"", ""https://www.property.co.zw/uploadedfiles/b5/d9/7f/b5d97fe6-1ad2-4557-a7ab-997a88dba938_thumbnail695.webp"", ""https://www.property.co.zw/uploadedfiles/6c/e9/e0/6ce9e0dd-8f9a-4c42-8ce3-5200eea6a2ae_thumbnail695.webp"", ""https://www.property.co.zw/uploadedfiles/89/c3/20/89c32036-1303-4232-b93c-339c55218be5_thumbnail695.webp"", ""https://www.property.co.zw/uploadedfiles/34/b6/8e/34b68efc-6ca6-4b31-b7a9-2995d4a70ab7_thumbnail695.webp"", ""https://www.property.co.zw/uploadedfiles/df/c3/f1/dfc3f13c-227f-481a-bb1d-d6386cc2b674_thumbnail695.webp"", ""https://www.property.co.zw/uploadedfiles/bd/cd/b5/bdcdb588-5426-4455-8f0c-ee02846f41e5_thumbnail695.webp"", ""https://www.property.co.zw/uploadedfiles/ef/ee/b7/efeeb7db-4fb0-49d1-bdf3-e97468aed35e_thumbnail695.webp"", ""https://www.property.co.zw/uploadedfiles/da/a0/bf/daa0bf65-5435-45da-aebb-81fca7c74461_thumbnail695.webp""]",2026-09-23T16:24:00,False,370000.0,,already USD,False,False,True,True,,False,False,False,False,False,False,False,False,False,False,False,False,False,False,False,False,False,False,False,False,False,False,True,False,0
RWS251833,https://www.property.co.zw/for-sale/houses-rws251833,Glenorah house for sale,55000.0,USD,Glen Norah,Harare High Density,Zimbabwe,"Glen Norah, Harare High Density, Harare",3,1.0,200.0,m²,300.0,m²,"HOUSE FOR SALE IN GLEN NORAH A (CHITUBU)
3 bedrooms
Kitchen 
Combined lounge/dining 
Inside toilet with tub
External shower 
Sitting on 200sqm
Council",2026-07-20,2026-07-20T17:29:50+02:00,Rawson Properties Harare,6,"[""https://www.property.co.zw/uploadedfiles/e7/9b/7c/e79b7c2e-3d42-4ef5-ab00-a1bbc24b80d0_thumbnail695.webp"", ""https://www.property.co.zw/uploadedfiles/fd/c4/17/fdc41726-daf2-4656-8072-bd352f972dc4_thumbnail695.webp"", ""https://www.property.co.zw/uploadedfiles/6b/8f/9e/6b8f9ecf-a60c-487e-92bc-6b5f7c081a0f_thumbnail695.webp"", ""https://www.property.co.zw/uploadedfiles/39/6d/27/396d27ea-cf6f-42f3-8b1d-3876fa91bf6f_thumbnail695.webp"", ""https://www.property.co.zw/uploadedfiles/5e/93/09/5e930946-15e7-424a-9ea8-e038f6c2c806_thumbnail695.webp"", ""https://www.property.co.zw/uploadedfiles/2c/14/b7/2c14b7cd-2032-4769-8c84-c89e8bf095eb_thumbnail695.webp""]",2026-09-23T16:24:05,False,55000.0,,already USD,False,False,True,True,,False,False,False,False,False,False,False,False,False,False,False,False,False,False,False,False,False,False,False,False,False,False,False,False,0
CHAS251429,https://www.property.co.zw/for-sale/houses-chas251429,90% Complete House Charlote Brooke,55000.0,USD,Charlotte Brooke,Harare North,Zimbabwe,"Charlotte Brooke, Harare North, Harare",4,2.0,300.0,m²,1000.0,m²,A perfect opportunity to create your dream home in Charlotte Brooke! This exceptional house is 90% complete and awaits your personal touch to bring it to life,2026-07-15,2026-08-13T13:11:41+02:00,CHAS EVERITT,10,"[""https://www.property.co.zw/uploadedfiles/d9/b2/28/d9b228da-a56f-4cfb-a495-31dc1a274b96_thumbnail695.webp"", ""https://www.property.co.zw/uploadedfiles/31/ea/03/31ea0336-d6c2-42be-a4b2-4f9384235404_thumbnail695.webp"", ""https://www.property.co.zw/uploadedfiles/b4/92/ad/b492ad01-928b-4876-b529-7c3d8e40706b_thumbnail695.webp"", ""https://www.property.co.zw/uploadedfiles/06/78/3f/06783fce-9e0a-4ae3-a3e7-dc1737b9c32f_thumbnail695.webp"", ""https://www.property.co.zw/uploadedfiles/44/be/c9/44bec98b-fb9a-47ba-b990-5f3395620f26_thumbnail695.webp"", ""https://www.property.co.zw/uploadedfiles/19/ff/06/19ff062c-fdc0-4fdd-9453-867c0ab2d13b_thumbnail695.webp"", ""https://www.property.co.zw/uploadedfiles/51/c5/99/51c599eb-4775-4589-8b1e-9be127f5b8a9_thumbnail695.webp"", ""https://www.property.co.zw/uploadedfiles/bc/fa/17/bcfa17e8-3d45-4eaa-94ee-c72a11f74619_thumbnail695.webp"", ""https://www.property.co.zw/uploadedfiles/94/6b/90/946b90e7-cd25-42d7-9824-c62962e22502_thumbnail695.webp"", ""https://www.property.co.zw/uploadedfiles/8d/f7/26/8df72692-5c69-44cc-bf8d-7692fa587653_thumbnail695.webp""]",2026-09-23T16:24:09,False,55000.0,,already USD,False,False,True,True,,False,False,False,False,False,False,False,False,False,False,False,False,False,False,False,False,False,False,False,False,False,False,False,False,0
ZANE254543,https://www.property.co.zw/for-sale/houses-zane254543,9 roomed incomplete house Cold Comfort ,30000.0,USD,Cold Comfort,Harare West,Zimbabwe,"Cold Comfort, Harare West, Harare",4,2.0,180.0,m²,300.0,m²," 9 roomed incomplete house Coldcormfort Harare along Highglen road opp Kuwadzana with 10 000 liter water tank
asking$50 000  councel  cession water  sawer zesa ",2026-09-03,2026-09-21T06:48:07+02:00,Zaneta Real Estate,10,"[""https://www.property.co.zw/uploadedfiles/6c/e6/b9/6ce6b9ec-d592-4b70-9d8b-149659763727_thumbnail695.webp"", ""https://www.property.co.zw/uploadedfiles/41/b4/71/41b47143-9d8c-4b8a-8272-fd4706246bbe_thumbnail695.webp"", ""https://www.property.co.zw/uploadedfiles/47/21/52/47215212-7495-41f8-b630-4c5dcd2193b5_thumbnail695.webp"", ""https://www.property.co.zw/uploadedfiles/c7/7e/e5/c77ee576-4266-49ef-be5d-a3687be8314d_thumbnail695.webp"", ""https://www.property.co.zw/uploadedfiles/30/3d/87/303d8737-87a3-4525-a143-ba42a6eef1d5_thumbnail695.webp"", ""https://www.property.co.zw/uploadedfiles/45/5f/13/455f13ed-cc0b-4be2-bdd8-b458c896ba6c_thumbnail695.webp"", ""https://www.property.co.zw/uploadedfiles/d7/de/81/d7de8103-5561-47d6-b905-2ce6c8d47c87_thumbnail695.webp"", ""https://www.property.co.zw/uploadedfiles/c4/38/9b/c4389b2f-2e6a-46ce-9f73-8c97a33d8672_thumbnail695.webp"", ""https://www.property.co.zw/uploadedfiles/82/9c/ac/829cac2d-3f0e-4d0d-91dc-4260f826c8d2_thumbnail695.webp"", ""https://www.property.co.zw/uploadedfiles/5a/2a/72/5a2a723e-11e1-4f74-b331-5f026a7bdb63_thumbnail695.webp""]",2026-09-23T16:24:14,False,30000.0,,already USD,False,True,True,True,,False,False,False,False,False,False,False,False,False,False,False,False,False,False,False,True,False,False,False,False,False,False,False,True,1
PGP242543,https://www.property.co.zw/for-sale/houses-pgp242543,The Complete Family Estate In The Heart Of Greengrove,500000.0,USD,Greengrove,Harare East,Zimbabwe,"Greengrove, Harare East, Harare",4,2.0,,,4238.0,m²,"Set on a generous 4,238 square metre stand, this outstanding Greengrove home offers an unrivalled combination of space, security, and self-sufficiency.
The main",2026-03-12,2026-09-08T13:11:20+02:00,Pam Golding Properties,20,"[""https://www.property.co.zw/uploadedfiles/fe/7d/54/fe7d54cf-0e1c-4e4b-8766-c6f91e564a7e_thumbnail695.webp"", ""https://www.property.co.zw/uploadedfiles/9a/f7/1d/9af71d21-8a06-4eeb-9d3f-aa26c2f7dc29_thumbnail695.webp"", ""https://www.property.co.zw/uploadedfiles/b0/75/c3/b075c3af-3ce3-4be5-8a79-d2398d88f058_thumbnail695.webp"", ""https://www.property.co.zw/uploadedfiles/81/47/6b/81476bf6-1509-4d90-b2a1-b2d28c421af5_thumbnail695.webp"", ""https://www.property.co.zw/uploadedfiles/60/d4/8b/60d48bb3-23a2-4bbc-a3d4-54a0f9be676b_thumbnail695.webp"", ""https://www.property.co.zw/uploadedfiles/31/2e/d8/312ed8db-aad1-4c5d-a3e0-8fe2597b395c_thumbnail695.webp"", ""https://www.property.co.zw/uploadedfiles/93/31/86/933186ed-e8ba-4b69-ac79-679a8e92b95e_thumbnail695.webp"", ""https://www.property.co.zw/uploadedfiles/2a/a8/e4/2aa8e481-77f4-4581-838b-6701338b9157_thumbnail695.webp"", ""https://www.property.co.zw/uploadedfiles/ae/4c/17/ae4c1749-19db-4078-8aae-79806b662358_thumbnail695.webp"", ""https://www.property.co.zw/uploadedfiles/55/f9/5d/55f95daf-beb5-4a31-af5f-6199a2572218_thumbnail695.webp"", ""https://www.property.co.zw/uploadedfiles/60/2e/19/602e19b5-95c1-4569-acc6-d698e51c8027_thumbnail695.webp"", ""https://www.property.co.zw/uploadedfiles/2c/80/2e/2c802eb1-ad63-4d20-81bd-2b2eba947c48_thumbnail695.webp"", ""https://www.property.co.zw/uploadedfiles/11/78/b1/1178b185-7b6d-458c-87ee-686f5cce2f82_thumbnail695.webp"", ""https://www.property.co.zw/uploadedfiles/e5/a6/bc/e5a6bc0e-915c-421c-a197-5757a38fb2df_thumbnail695.webp"", ""https://www.property.co.zw/uploadedfiles/1b/e3/eb/1be3ebca-cd95-49f7-bb47-2fa5dd87d755_thumbnail695.webp"", ""https://www.property.co.zw/uploadedfiles/99/09/8b/99098bbd-4403-4884-94c0-11228aececca_thumbnail695.webp"", ""https://www.property.co.zw/uploadedfiles/25/87/3a/25873a02-2a53-4b58-b14d-2c8841091251_thumbnail695.webp"", ""https://www.property.co.zw/uploadedfiles/3a/5f/51/3a5f51b1-e798-4a1e-8676-cfe988f73b51_thumbnail695.webp"", ""https://www.property.co.zw/uploadedfiles/40/40/16/4040165b-980b-44c6-93eb-8966f1dc48a2_thumbnail695.webp"", ""https://www.property.co.zw/uploadedfiles/f1/79/0f/f1790f80-b9dd-4abf-8b4e-08999962dd8a_thumbnail695.webp""]",2026-09-23T16:24:18,False,500000.0,,already USD,False,True,True,False,,False,False,False,False,False,False,False,False,False,False,False,False,False,False,False,False,False,False,False,False,False,False,False,False,0
JSPP209242,https://www.property.co.zw/for-sale/houses-jspp209242,House for sale in Mt Pleasant Heights,350000.0,USD,Mt Pleasant Heights,Harare West,Zimbabwe,"Mt Pleasant Heights, Harare West, Harare",7,8.0,500.0,m²,3000.0,m²,"2 lounges downstairs 
2 bedrooms downstairs all ensuite 
Dining
Kitchen fitted 
Pantry
Guest bathroom 
Tripple lock up garage 

Upstairs Lounge",2024-12-11,2026-09-07T09:56:07+02:00,Just Property,13,"[""https://www.property.co.zw/uploadedfiles/0a/69/12/0a691278-f339-4f1b-bba3-83bcf7d80d84_thumbnail695.webp"", ""https://www.property.co.zw/uploadedfiles/c6/fc/f2/c6fcf261-ce3e-43be-bbf2-e1a456bf543f_thumbnail695.webp"", ""https://www.property.co.zw/uploadedfiles/73/b6/93/73b69364-7381-4ad4-93ee-78c92d3fb7b6_thumbnail695.webp"", ""https://www.property.co.zw/uploadedfiles/cb/c7/ec/cbc7ecad-fdea-4fe8-8dea-7b61d12542aa_thumbnail695.webp"", ""https://www.property.co.zw/uploadedfiles/97/ce/7a/97ce7a24-4e0a-4339-b756-46b3a44d3fec_thumbnail695.webp"", ""https://www.property.co.zw/uploadedfiles/03/49/9b/03499b4c-4985-451b-a7ac-cce57716fecc_thumbnail695.webp"", ""https://www.property.co.zw/uploadedfiles/4c/fe/be/4cfebe67-b35f-45f2-8964-65641848233c_thumbnail695.webp"", ""https://www.property.co.zw/uploadedfiles/11/ce/c4/11cec498-5a0f-4888-8646-0bb7ae1d37ca_thumbnail695.webp"", ""https://www.property.co.zw/uploadedfiles/9e/c1/91/9ec19167-e688-4910-a69a-7f171503a35d_thumbnail695.webp"", ""https://www.property.co.zw/uploadedfiles/9f/53/14/9f5314b4-9d7a-4651-8a0a-02878865612c_thumbnail695.webp"", ""https://www.property.co.zw/uploadedfiles/97/6f/a0/976fa000-0c48-4133-9005-1d39e6ead279_thumbnail695.webp"", ""https://www.property.co.zw/uploadedfiles/81/66/fb/8166fb2f-fc65-42d0-86c0-e836b08f5ae2_thumbnail695.webp"", ""https://www.property.co.zw/uploadedfiles/14/e2/8a/14e28aac-3fc9-415c-9a84-475e331b2e1f_thumbnail695.webp""]",2026-09-23T16:24:22,False,350000.0,,already USD,False,False,True,True,,False,False,False,False,False,False,False,False,False,False,False,False,False,False,False,False,False,False,False,True,False,False,False,False,0
MAC252905,https://www.property.co.zw/for-sale/houses-mac252905,Finish To Own Taste- Incomplete Double-Storey House For Sale,160000.0,USD,Sandton Park,Harare West,Zimbabwe,"Sandton Park, Harare West, Harare",6,4.0,280.0,m²,2000.0,m²,"INCOMPLETE DOUBLE-STOREY HOUSE FOR SALE - SANDTON PHASE 1
Asking Price: US$160,000 (Cession)

Property Details
- Stand Size: 2,000 sqm
- Structure:",2026-08-05,2026-08-07T14:40:56+02:00,Mac Homes,26,"[""https://www.property.co.zw/uploadedfiles/4a/34/81/4a3481d7-4585-44d2-b0bc-e7bcfc099678_thumbnail695.webp"", ""https://www.property.co.zw/uploadedfiles/02/74/84/02748411-bc91-4090-98f5-367eeb3c8515_thumbnail695.webp"", ""https://www.property.co.zw/uploadedfiles/d7/d3/2d/d7d32dd6-4560-4e76-b611-7cc84d4c3d11_thumbnail695.webp"", ""https://www.property.co.zw/uploadedfiles/99/a5/ed/99a5edf2-3947-4234-986b-b8051b5ffd84_thumbnail695.webp"", ""https://www.property.co.zw/uploadedfiles/ef/71/73/ef7173e5-6f3f-49b2-85d3-0a9bbd006011_thumbnail695.webp"", ""https://www.property.co.zw/uploadedfiles/ae/0b/3e/ae0b3e57-e877-435c-b5f6-221687ed13fa_thumbnail695.webp"", ""https://www.property.co.zw/uploadedfiles/cc/b4/49/ccb4492c-fd60-4f26-9c12-41819c4e445a_thumbnail695.webp"", ""https://www.property.co.zw/uploadedfiles/9f/42/de/9f42de3e-d724-4aeb-81f5-541977438c3d_thumbnail695.webp"", ""https://www.property.co.zw/uploadedfiles/6a/37/79/6a377903-9d88-42b9-876d-87432a6337bb_thumbnail695.webp"", ""https://www.property.co.zw/uploadedfiles/bb/7b/0b/bb7b0bd4-375c-4d66-b4f1-36b0bd248249_thumbnail695.webp"", ""https://www.property.co.zw/uploadedfiles/a7/14/ab/a714abaf-989a-474a-a35d-d324359c7759_thumbnail695.webp"", ""https://www.property.co.zw/uploadedfiles/7d/af/3a/7daf3a20-3f06-44c1-a206-d98a9a86529b_thumbnail695.webp"", ""https://www.property.co.zw/uploadedfiles/63/9a/d8/639ad849-7b7f-4a67-8d3f-eafee9e7025e_thumbnail695.webp"", ""https://www.property.co.zw/uploadedfiles/36/1e/58/361e582d-8d10-4cbe-b857-2139c7ae6a2e_thumbnail695.webp"", ""https://www.property.co.zw/uploadedfiles/9d/92/e6/9d92e609-a654-483c-b5f8-0e157d15bb82_thumbnail695.webp"", ""https://www.property.co.zw/uploadedfiles/e2/84/7b/e2847bdf-be20-489a-a800-44eb4c8d111c_thumbnail695.webp"", ""https://www.property.co.zw/uploadedfiles/df/6a/d8/df6ad85f-c198-4eae-80f9-a2a34eb15d81_thumbnail695.webp"", ""https://www.property.co.zw/uploadedfiles/71/85/f7/7185f740-2c21-40b3-a11e-6c070450f016_thumbnail695.webp"", ""https://www.property.co.zw/uploadedfiles/3e/74/f4/3e74f44c-5255-41c7-a4fb-524eb5e67801_thumbnail695.webp"", ""https://www.property.co.zw/uploadedfiles/ae/bf/c4/aebfc43d-bb34-4df1-8041-3bdf4d7620de_thumbnail695.webp"", ""https://www.property.co.zw/uploadedfiles/02/03/64/020364c8-e2bd-47c2-846d-c89b72e32f84_thumbnail695.webp"", ""https://www.property.co.zw/uploadedfiles/c0/db/51/c0db515b-d870-4e9c-9e6e-33ae1d6cc6e4_thumbnail695.webp"", ""https://www.property.co.zw/uploadedfiles/13/c3/1f/13c31f32-10ae-4f10-8d7c-ae72ec032f9c_thumbnail695.webp"", ""https://www.property.co.zw/uploadedfiles/b0/69/9c/b0699cb2-14e0-4e44-9746-2844038acad7_thumbnail695.webp"", ""https://www.property.co.zw/uploadedfiles/02/0f/da/020fdaf5-4699-45ca-81d6-7a40b1b57976_thumbnail695.webp"", ""https://www.property.co.zw/uploadedfiles/2b/77/28/2b772833-e46d-4b2e-8873-3b036f480134_thumbnail695.webp""]",2026-09-23T16:24:27,False,160000.0,,already USD,False,False,True,True,,False,False,False,False,False,False,False,False,False,False,False,False,False,False,False,False,False,False,False,False,False,False,False,True,1
PSN252953,https://www.property.co.zw/for-sale/houses-psn252953,Partly Finished 5-Bed Shawasha Home with Borehole,330000.0,USD,Gletwin Park,Harare North,Zimbabwe,"Gletwin Park, Harare North, Harare",5,4.5,620.0,m²,2680.0,m²,"Spacious 5-bedroom family home on a generous 2,680 m² stand in sought-after Gletwin Park, Harare North. This 620 m² property offers excellent scope for finishing",2026-08-06,2026-08-08T10:56:24+02:00,Property Solutions,20,"[""https://www.property.co.zw/uploadedfiles/54/09/eb/5409ebb4-96f1-4f0f-8966-786e66ae421d_thumbnail695.webp"", ""https://www.property.co.zw/uploadedfiles/ab/a6/75/aba6756f-7b16-45ae-a19a-832445312d37_thumbnail695.webp"", ""https://www.property.co.zw/uploadedfiles/52/86/dd/5286ddd4-5814-4126-b16a-24cf05adb7e1_thumbnail695.webp"", ""https://www.property.co.zw/uploadedfiles/94/a4/94/94a49428-2060-40a8-bf86-0619d23f3f9b_thumbnail695.webp"", ""https://www.property.co.zw/uploadedfiles/bc/01/0b/bc010b14-1988-4e91-a6aa-d6898b8a72f4_thumbnail695.webp"", ""https://www.property.co.zw/uploadedfiles/b4/32/98/b432983a-fe04-41e9-81ce-80a3c6127315_thumbnail695.webp"", ""https://www.property.co.zw/uploadedfiles/db/d2/65/dbd265b3-2cab-4ea9-a840-ef555ac7a23f_thumbnail695.webp"", ""https://www.property.co.zw/uploadedfiles/de/27/33/de273394-3c8f-4a03-9300-8247003a01ce_thumbnail695.webp"", ""https://www.property.co.zw/uploadedfiles/17/5e/63/175e63af-7cb0-4102-adfd-07e90f77d45b_thumbnail695.webp"", ""https://www.property.co.zw/uploadedfiles/d1/77/86/d177866c-025e-48a8-b60d-52795d8de3e1_thumbnail695.webp"", ""https://www.property.co.zw/uploadedfiles/0e/b7/57/0eb7576b-4af9-4859-a957-38c8a37b48a9_thumbnail695.webp"", ""https://www.property.co.zw/uploadedfiles/14/55/4a/14554a2d-fb0d-4f95-b395-c3b7b7b0ce8a_thumbnail695.webp"", ""https://www.property.co.zw/uploadedfiles/8f/38/f9/8f38f998-b6da-4052-ad38-c77de9230b50_thumbnail695.webp"", ""https://www.property.co.zw/uploadedfiles/2e/c8/f3/2ec8f3b1-6713-4778-a6b4-4801cb76ab74_thumbnail695.webp"", ""https://www.property.co.zw/uploadedfiles/98/7c/2a/987c2ace-5af7-450a-bd8c-4c6994724218_thumbnail695.webp"", ""https://www.property.co.zw/uploadedfiles/9c/90/9b/9c909b9e-bf82-4811-a3ab-294024d27d12_thumbnail695.webp"", ""https://www.property.co.zw/uploadedfiles/6c/d9/74/6cd974df-4064-48e3-97e3-081ea8aa7f56_thumbnail695.webp"", ""https://www.property.co.zw/uploadedfiles/fa/e9/44/fae9441c-1816-4972-8630-595aaafb7aff_thumbnail695.webp"", ""https://www.property.co.zw/uploadedfiles/15/4a/65/154a6532-8404-447b-bb77-baccf135b4a4_thumbnail695.webp"", ""https://www.property.co.zw/uploadedfiles/3b/ee/71/3bee7121-d5b4-4c9c-a57e-b98a74a06c96_thumbnail695.webp""]",2026-09-23T16:24:31,False,330000.0,,already USD,False,True,True,True,,False,False,False,False,False,False,False,False,False,False,False,False,False,False,False,False,False,False,False,False,False,False,False,False,0
HMN229439,https://www.property.co.zw/for-sale/houses-hmn229439,Chitungwiza Unit L Extension Property For Sale,35000.0,USD,Chitungwiza,Chitungwiza,Zimbabwe,"Chitungwiza, Mashonaland East",3,2.0,200.0,m²,300.0,m²,"
3 bedroomed house 
 Open plan kitchen,  lounge and dining room
Combined bathroom and toilet 
Walled and gated
Cession",2025-09-16,2026-07-02T15:06:32+02:00,Harmonyland Properties,11,"[""https://www.property.co.zw/uploadedfiles/98/dd/77/98dd7771-ee02-4b18-ac35-86cadb832d4e_thumbnail695.webp"", ""https://www.property.co.zw/uploadedfiles/f1/9d/ed/f19ded3d-dbd0-416f-884e-5e06de642305_thumbnail695.webp"", ""https://www.property.co.zw/uploadedfiles/87/46/4f/87464f5c-7ca1-477f-9ae1-292a9f8dbaa1_thumbnail695.webp"", ""https://www.property.co.zw/uploadedfiles/6e/b9/bb/6eb9bb43-26b6-4b81-82d2-df059da5ead4_thumbnail695.webp"", ""https://www.property.co.zw/uploadedfiles/f8/0f/0e/f80f0e5c-e9a1-4ec3-b640-4d35f59ab730_thumbnail695.webp"", ""https://www.property.co.zw/uploadedfiles/bc/85/29/bc8529ae-d05d-4be4-86be-32ca44502f3d_thumbnail695.webp"", ""https://www.property.co.zw/uploadedfiles/5b/92/ef/5b92efee-c1ab-4222-b345-c037476a405d_thumbnail695.webp"", ""https://www.property.co.zw/uploadedfiles/c8/c1/e5/c8c1e5f0-b21a-49c1-8346-03a3d3b68582_thumbnail695.webp"", ""https://www.property.co.zw/uploadedfiles/06/f9/93/06f99326-8aac-4836-bac1-cd33e72dd343_thumbnail695.webp"", ""https://www.property.co.zw/uploadedfiles/69/7f/4c/697f4ca5-e6c2-4716-8048-8cd37a8b1c40_thumbnail695.webp"", ""https://www.property.co.zw/uploadedfiles/63/4f/eb/634febe0-cf91-4f0c-a4ed-04787fc32cfe_thumbnail695.webp""]",2026-09-23T16:24:36,False,35000.0,,already USD,False,False,True,True,,False,False,False,False,True,False,False,False,False,False,False,False,False,False,False,False,False,False,False,False,False,False,False,True,0
KNP218587,https://www.property.co.zw/for-sale/houses-knp218587,Investment opportunity with passive income,1600000.0,USD,Pomona,Harare North,Zimbabwe,"Pomona, Harare North, Harare",11,10.0,,,8099.0,m²," Pomona Estate of Pomona. Investment opportunity with passive income.
Main house BUT:	3 bedrooms, 2 en suite and family bathroom. Living / dining room / office.",2025-04-25,2026-05-13T15:05:47+02:00,Kennan Properties,20,"[""https://www.property.co.zw/uploadedfiles/0b/3d/af/0b3daf90-5e20-4753-ad19-757572bd73f8_thumbnail695.webp"", ""https://www.property.co.zw/uploadedfiles/57/85/8e/57858ed4-0cb6-4779-85ab-d8b7702d2867_thumbnail695.webp"", ""https://www.property.co.zw/uploadedfiles/06/a1/7d/06a17dfc-6e1f-473e-aca6-c795d710e699_thumbnail695.webp"", ""https://www.property.co.zw/uploadedfiles/17/a3/c2/17a3c247-dabb-4112-8636-4a912d4b2c05_thumbnail695.webp"", ""https://www.property.co.zw/uploadedfiles/da/42/89/da4289cf-01f8-4051-aa4d-8430903ed066_thumbnail695.webp"", ""https://www.property.co.zw/uploadedfiles/05/a0/31/05a0318f-41e7-4ccf-9ab3-16d15b286b29_thumbnail695.webp"", ""https://www.property.co.zw/uploadedfiles/64/24/f4/6424f417-f2a1-4930-9b50-1dca268dc59d_thumbnail695.webp"", ""https://www.property.co.zw/uploadedfiles/dd/17/78/dd177895-811a-40cd-b8d1-3b89d7781c64_thumbnail695.webp"", ""https://www.property.co.zw/uploadedfiles/80/7f/77/807f7770-9484-423d-a073-eeaddb4a68b9_thumbnail695.webp"", ""https://www.property.co.zw/uploadedfiles/e2/a4/2d/e2a42dda-db3c-4d2f-8b16-090d393a4bf9_thumbnail695.webp"", ""https://www.property.co.zw/uploadedfiles/24/03/da/2403da15-c903-45f1-b2d2-a8dbd273c57a_thumbnail695.webp"", ""https://www.property.co.zw/uploadedfiles/6d/79/20/6d7920ae-6a18-49a7-9b23-9be0209b0b18_thumbnail695.webp"", ""https://www.property.co.zw/uploadedfiles/57/c0/41/57c041e5-6819-44ac-b85a-3e428544cf42_thumbnail695.webp"", ""https://www.property.co.zw/uploadedfiles/44/9a/8a/449a8a9e-be89-473c-a646-5091919f535f_thumbnail695.webp"", ""https://www.property.co.zw/uploadedfiles/b6/84/5d/b6845dd3-b64a-46e6-bfca-f463b386b700_thumbnail695.webp"", ""https://www.property.co.zw/uploadedfiles/75/1a/db/751adb36-592a-420a-a5a5-5b0eb289ed92_thumbnail695.webp"", ""https://www.property.co.zw/uploadedfiles/e2/7a/fa/e27afa91-f43c-4db3-9104-77e0dbdbbbd7_thumbnail695.webp"", ""https://www.property.co.zw/uploadedfiles/a3/ae/29/a3ae291a-05a1-4ef5-9e8b-ce2037cac1c3_thumbnail695.webp"", ""https://www.property.co.zw/uploadedfiles/81/f9/6b/81f96b2a-0b33-497e-a883-f983119301f7_thumbnail695.webp"", ""https://www.property.co.zw/uploadedfiles/e8/37/e7/e837e7c3-485c-4cb9-a5ef-f5ec28cc9c9a_thumbnail695.webp""]",2026-09-23T16:24:40,False,1600000.0,,already USD,False,False,True,False,,False,False,False,False,False,False,False,False,False,False,False,False,False,False,False,False,False,False,False,True,False,False,False,False,0
CRO210060,https://www.property.co.zw/for-sale/houses-cro210060,House For Sale.,800000.0,USD,Brookview,Harare North,Zimbabwe,"Brookview, Harare North, Harare",8,4.0,,,4000.0,m²,"An intimate luxurious eight bedroomed double storey home. Top quality finishes and sitting on 4000 square meters of magnificent land, this fully titled property",2025-01-03,2026-08-19T12:34:21+02:00,Crowne Properties,18,"[""https://www.property.co.zw/uploadedfiles/34/8b/97/348b9774-0256-4973-ab37-7efd662ec918_thumbnail695.webp"", ""https://www.property.co.zw/uploadedfiles/0c/c6/04/0cc604c4-4435-41ed-bb27-4bcbe5ff40a1_thumbnail695.webp"", ""https://www.property.co.zw/uploadedfiles/9e/31/6d/9e316d6e-7f75-406e-b3ff-bde438a95c52_thumbnail695.webp"", ""https://www.property.co.zw/uploadedfiles/d4/10/13/d41013cc-cf36-4f36-b096-d6ee119247e2_thumbnail695.webp"", ""https://www.property.co.zw/uploadedfiles/03/46/5d/03465d7b-0bea-4875-910b-85938fb5f12a_thumbnail695.webp"", ""https://www.property.co.zw/uploadedfiles/9a/e0/17/9ae017a5-04a2-4e6e-9d8e-8b0f44834e3c_thumbnail695.webp"", ""https://www.property.co.zw/uploadedfiles/c1/55/e1/c155e140-b89a-415b-a140-91531c86d5bb_thumbnail695.webp"", ""https://www.property.co.zw/uploadedfiles/c8/fb/90/c8fb9045-96bf-4945-8746-31eeb0f9bcb6_thumbnail695.webp"", ""https://www.property.co.zw/uploadedfiles/52/bb/8a/52bb8a0e-7fb8-4707-ae45-8f00f7561416_thumbnail695.webp"", ""https://www.property.co.zw/uploadedfiles/b5/d7/18/b5d718d1-52c0-46af-9895-767bf44e1b87_thumbnail695.webp"", ""https://www.property.co.zw/uploadedfiles/7f/fa/aa/7ffaaa4b-ca6f-4736-a489-95de8dc5bbf2_thumbnail695.webp"", ""https://www.property.co.zw/uploadedfiles/6f/a5/d2/6fa5d2e1-00ff-4ec2-a6db-b8153956e611_thumbnail695.webp"", ""https://www.property.co.zw/uploadedfiles/b0/b4/c7/b0b4c7a7-9351-47a5-ac7f-7134c3813982_thumbnail695.webp"", ""https://www.property.co.zw/uploadedfiles/b2/5c/93/b25c93b1-adf5-4eae-bb28-654f0e9ea1d4_thumbnail695.webp"", ""https://www.property.co.zw/uploadedfiles/4c/d8/a8/4cd8a86c-1e23-460a-b395-b1302f55255b_thumbnail695.webp"", ""https://www.property.co.zw/uploadedfiles/d3/00/b4/d300b498-cd04-406e-8881-a0bb4ae07453_thumbnail695.webp"", ""https://www.property.co.zw/uploadedfiles/85/44/c8/8544c8d7-0573-4088-92ce-7fdbba3625ab_thumbnail695.webp"", ""https://www.property.co.zw/uploadedfiles/a3/6b/18/a36b18da-8f45-4d4e-9ae3-5f687e430579_thumbnail695.webp""]",2026-09-23T16:24:44,False,800000.0,,already USD,False,False,True,False,,False,False,False,False,False,False,False,False,False,False,False,False,False,False,False,False,False,False,False,False,False,False,False,False,0
CHAS254037,https://www.property.co.zw/for-sale/houses-chas254037,Mt Pleasant Heights House for sale ,400000.0,USD,Mount Pleasant Heights,Harare North,Zimbabwe,"Mount Pleasant Heights, Harare North, Harare",5,5.0,320.0,m²,1800.0,m²,"Stunning brand-new modern family home in Mount Pleasant Heights, Harare North — 5 bedrooms, 5 bathrooms on a generous 1,800 m² stand with 320 m² of beautifully",2026-08-26,2026-09-20T03:35:10+02:00,CHAS EVERITT,0,[],2026-09-23T16:24:49,False,400000.0,,already USD,False,False,True,True,,False,False,False,False,False,False,False,False,False,False,False,False,False,False,False,False,False,False,False,False,False,False,False,False,0
JSPP252719,https://www.property.co.zw/for-sale/houses-jspp252719,"Glen View 3-Bed Home — Walled, Title Deed",60000.0,USD,Glen View,Harare High Density,Zimbabwe,"Glen View, Harare High Density, Harare",3,1.0,150.0,m²,,200,"Bright, secure and well-presented 3-bedroom, 1-bathroom family home in Glen View (Harare High Density) on a 300 m² stand with 200 m² building area. As seen in the",2026-08-03,2026-09-03T05:55:26+02:00,Just Property,6,"[""https://www.property.co.zw/uploadedfiles/2a/f1/27/2af1270f-ccc3-4833-a65b-25560946f91d_thumbnail695.webp"", ""https://www.property.co.zw/uploadedfiles/d7/64/cb/d764cb1c-5f4f-4ede-bd49-5f7c224ec9ac_thumbnail695.webp"", ""https://www.property.co.zw/uploadedfiles/96/7b/55/967b5583-650b-44e0-a0e7-8131f9e0d3eb_thumbnail695.webp"", ""https://www.property.co.zw/uploadedfiles/62/14/13/6214135c-0088-4c6e-89ea-cda414cc3380_thumbnail695.webp"", ""https://www.property.co.zw/uploadedfiles/3b/aa/9e/3baa9e35-8389-4370-b244-5a9d2a9e29b0_thumbnail695.webp"", ""https://www.property.co.zw/uploadedfiles/25/10/7f/25107f2c-2197-4e41-a498-88653c5ea155_thumbnail695.webp""]",2026-09-23T16:24:53,False,60000.0,,already USD,False,False,False,True,,False,False,False,False,False,False,False,False,False,False,False,False,False,False,False,False,False,False,False,False,False,False,False,False,0
BLS253869,https://www.property.co.zw/for-sale/houses-bls253869,2 bedroom house for sale in dzivarasekwa project-Nbs,42000.0,USD,Dzivarasekwa,Harare High Density,Zimbabwe,"Dzivarasekwa, Harare High Density, Harare",2,2.0,100.0,m²,230.0,m²,"NBS cession-Great Investment

A neat core house situated on a 230sqm stand in the established NBS development area of Dzivarasekwa. Perfect for 1st time buyers,",2026-08-24,2026-09-02T20:27:23+02:00,Blissful Real Estate,6,"[""https://www.property.co.zw/uploadedfiles/e0/5b/71/e05b71a9-2f58-4afc-8778-8f54ba2f1e1e_thumbnail695.webp"", ""https://www.property.co.zw/uploadedfiles/59/e9/b0/59e9b000-fb7a-489c-b02b-a7cd7c320430_thumbnail695.webp"", ""https://www.property.co.zw/uploadedfiles/95/1d/81/951d8146-46dd-4b48-8cb2-a2b5da1fdbee_thumbnail695.webp"", ""https://www.property.co.zw/uploadedfiles/29/cd/c9/29cdc9c0-8cf3-4679-aaab-c05bd0f95ff8_thumbnail695.webp"", ""https://www.property.co.zw/uploadedfiles/98/02/a1/9802a14d-e8fb-4970-86db-ea115fe935f6_thumbnail695.webp"", ""https://www.property.co.zw/uploadedfiles/37/1b/26/371b260c-c680-420d-bc14-ab49c6cd96d1_thumbnail695.webp""]",2026-09-23T16:24:58,False,42000.0,,already USD,False,False,True,True,,False,False,False,False,False,False,False,False,False,False,False,False,False,False,False,False,False,False,False,False,False,False,False,True,0
KHA253105,https://www.property.co.zw/for-sale/houses-kha253105,Norton Knowe Phase ,135000.0,USD,Knowe,Norton,Zimbabwe,"Knowe, Norton, Mashonaland West",5,2.0,250.0,m²,2000.0,m²,"Norton Knowe phase 1 for sale
                                                                                                                                    ",2026-08-11,2026-08-24T09:56:00+02:00,Khalida Realty,18,"[""https://www.property.co.zw/uploadedfiles/d4/29/d8/d429d883-779b-439c-be77-7bca31b3fade_thumbnail695.webp"", ""https://www.property.co.zw/uploadedfiles/d9/d1/d0/d9d1d0b3-42a3-4722-9bc4-b9010d8d4b8c_thumbnail695.webp"", ""https://www.property.co.zw/uploadedfiles/54/13/38/54133890-5301-4e11-b45c-eebf0e1d7bbb_thumbnail695.webp"", ""https://www.property.co.zw/uploadedfiles/b5/cf/ff/b5cfffa0-7c00-4ad5-9c09-a915a75e8fd5_thumbnail695.webp"", ""https://www.property.co.zw/uploadedfiles/1e/dc/e5/1edce52c-a38f-4cb6-8d14-72b0bcceea9d_thumbnail695.webp"", ""https://www.property.co.zw/uploadedfiles/f8/a0/57/f8a0578a-48d7-4bb0-807a-311fb091e700_thumbnail695.webp"", ""https://www.property.co.zw/uploadedfiles/69/7d/8c/697d8c83-1174-410d-879b-fefd587377bd_thumbnail695.webp"", ""https://www.property.co.zw/uploadedfiles/20/8b/af/208bafa2-0009-4971-8333-fad30ff0a236_thumbnail695.webp"", ""https://www.property.co.zw/uploadedfiles/43/6c/99/436c990f-f561-41e5-badd-522d95bc6fe9_thumbnail695.webp"", ""https://www.property.co.zw/uploadedfiles/35/2e/45/352e450c-df39-4b15-885a-7f9ad5086374_thumbnail695.webp"", ""https://www.property.co.zw/uploadedfiles/14/32/ad/1432ada2-720b-47a7-8265-9f26d11de5d5_thumbnail695.webp"", ""https://www.property.co.zw/uploadedfiles/b5/61/70/b56170c1-2fd2-491d-ad8c-9b28517d56c0_thumbnail695.webp"", ""https://www.property.co.zw/uploadedfiles/7a/84/07/7a8407d2-fa86-4a16-80c8-978f824c7c5a_thumbnail695.webp"", ""https://www.property.co.zw/uploadedfiles/09/6d/23/096d23f9-730c-48e1-8143-160c32d814bb_thumbnail695.webp"", ""https://www.property.co.zw/uploadedfiles/4f/5c/fb/4f5cfb89-6b6a-4326-bdbf-d09567e42ad0_thumbnail695.webp"", ""https://www.property.co.zw/uploadedfiles/d8/a2/e4/d8a2e42f-e2ca-4725-bad6-56c44f4ba3c2_thumbnail695.webp"", ""https://www.property.co.zw/uploadedfiles/0e/36/fc/0e36fc3e-dc74-4371-a5d5-bc1a06b6830d_thumbnail695.webp"", ""https://www.property.co.zw/uploadedfiles/55/98/e5/5598e5b2-8b11-4b30-af7d-ba4ab5ca41c1_thumbnail695.webp""]",2026-09-23T16:25:02,False,135000.0,,already USD,False,False,True,True,,False,False,False,False,False,False,False,False,False,False,False,False,False,False,False,False,False,False,False,False,False,False,False,False,0
SEF255252,https://www.property.co.zw/for-sale/houses-sef255252,Prime Investment Opportunity: Multi-Family Conversion Project with Income-Generating Cottages,210000.0,USD,Mount Pleasant Heights,Harare North,Zimbabwe,"Mount Pleasant Heights, Harare North, Harare",12,8.0,625.0,m²,1591.0,m²,"Unlock incredible potential with this expansive, high-yield investment property! Sold as-is, this incomplete structure is ready to be transformed into a lucrative",2026-09-16,2026-09-16T11:32:06+02:00,Seeff Zimbabwe,24,"[""https://www.property.co.zw/uploadedfiles/7f/34/24/7f342430-aa2b-4c94-a8bc-4a6e7b8646d5_thumbnail695.webp"", ""https://www.property.co.zw/uploadedfiles/53/f7/79/53f779aa-08ec-4b7b-9789-5607f2d4bc4c_thumbnail695.webp"", ""https://www.property.co.zw/uploadedfiles/60/b0/61/60b06164-a8ff-41d5-8629-4e70d52ff463_thumbnail695.webp"", ""https://www.property.co.zw/uploadedfiles/e3/c1/65/e3c165db-b17a-4aba-aec6-2dae6dadd317_thumbnail695.webp"", ""https://www.property.co.zw/uploadedfiles/98/06/b4/9806b478-0bc4-4471-8265-698e581020e4_thumbnail695.webp"", ""https://www.property.co.zw/uploadedfiles/7e/97/35/7e97350f-8b1e-4839-b208-5b23dcbfda9c_thumbnail695.webp"", ""https://www.property.co.zw/uploadedfiles/dc/ea/4c/dcea4cf9-4a71-49c7-bfbd-54f056778970_thumbnail695.webp"", ""https://www.property.co.zw/uploadedfiles/db/ea/46/dbea467f-3bf9-4b74-b516-31a3b247238c_thumbnail695.webp"", ""https://www.property.co.zw/uploadedfiles/b3/0a/df/b30adfca-5118-45b2-88c7-e10cfc4816de_thumbnail695.webp"", ""https://www.property.co.zw/uploadedfiles/10/21/ad/1021adc6-7e14-4094-8620-a14ed0b98246_thumbnail695.webp"", ""https://www.property.co.zw/uploadedfiles/fe/ae/a2/feaea2d0-f9b2-4062-ac0b-f6bdb659fa37_thumbnail695.webp"", ""https://www.property.co.zw/uploadedfiles/81/32/b4/8132b475-1b4c-42f7-b628-cd36388710b3_thumbnail695.webp"", ""https://www.property.co.zw/uploadedfiles/83/b5/f1/83b5f191-2a13-43ac-b385-6b4823214c1f_thumbnail695.webp"", ""https://www.property.co.zw/uploadedfiles/54/5e/54/545e5467-06db-46d7-8aa4-69408eb5335a_thumbnail695.webp"", ""https://www.property.co.zw/uploadedfiles/c3/b5/f5/c3b5f500-3970-4510-b4a4-da05a8cd2283_thumbnail695.webp"", ""https://www.property.co.zw/uploadedfiles/8c/e4/87/8ce48735-8280-4a60-8db3-f63432c9c3c1_thumbnail695.webp"", ""https://www.property.co.zw/uploadedfiles/9f/83/35/9f8335d2-07a0-4470-844e-2040afe6882b_thumbnail695.webp"", ""https://www.property.co.zw/uploadedfiles/02/eb/ad/02ebad59-d9ed-45f2-8067-1a29489a7513_thumbnail695.webp"", ""https://www.property.co.zw/uploadedfiles/e9/c3/16/e9c31620-c9aa-49eb-a0af-3817701576cd_thumbnail695.webp"", ""https://www.property.co.zw/uploadedfiles/ef/1d/d4/ef1dd45a-7be4-4714-b10c-caf447e88363_thumbnail695.webp"", ""https://www.property.co.zw/uploadedfiles/ca/6b/05/ca6b05e5-5e6d-4343-9e10-6cef9721b16e_thumbnail695.webp"", ""https://www.property.co.zw/uploadedfiles/c2/5c/3e/c25c3e6b-1b08-44a2-b66e-294b1c074e96_thumbnail695.webp"", ""https://www.property.co.zw/uploadedfiles/11/1b/de/111bdeb2-b795-4352-a723-cb1ed4f447d9_thumbnail695.webp"", ""https://www.property.co.zw/uploadedfiles/0b/a9/a2/0ba9a2a3-cfc6-4b05-8ccd-44929b5ba551_thumbnail695.webp""]",2026-09-23T16:25:07,False,210000.0,,already USD,False,False,True,True,"statistical price outlier within its suburb (log-price, 1.5xIQR rule) -- inspect manually, do not assume error",False,False,False,False,False,False,False,False,False,False,False,False,False,False,False,False,False,False,False,False,False,False,False,False,1
PLZP255486,https://www.property.co.zw/for-sale/houses-plzp255486,5 Bedroom House For Sale In Greystone Park,990000.0,USD,Greystone Park,Harare North,Zimbabwe,"Greystone Park, Harare North, Harare",5,4.0,600.0,m²,4160.0,m²,"Plaza Properties presents this exceptional contemporary masterpiece, elevated in the prestigious hills of Greystone Park. Built in 2023 and set on a generous",2026-09-18,2026-09-18T16:19:25+02:00,Plaza Properties,20,"[""https://www.property.co.zw/uploadedfiles/d5/07/51/d507513b-b31f-418d-a335-f0524b04a505_thumbnail695.webp"", ""https://www.property.co.zw/uploadedfiles/0c/9f/1a/0c9f1a07-1899-4662-bc5d-13394c592f9d_thumbnail695.webp"", ""https://www.property.co.zw/uploadedfiles/9c/49/ce/9c49ce1d-6b12-4660-9840-40421885aaa1_thumbnail695.webp"", ""https://www.property.co.zw/uploadedfiles/24/32/1d/24321d05-8e3f-4fe9-9f00-79be71b5585b_thumbnail695.webp"", ""https://www.property.co.zw/uploadedfiles/18/a1/dd/18a1dd9e-fe0e-4ff9-89bd-ec11cd6cd55c_thumbnail695.webp"", ""https://www.property.co.zw/uploadedfiles/e8/c8/c1/e8c8c18d-7678-4012-81ec-4159e793764c_thumbnail695.webp"", ""https://www.property.co.zw/uploadedfiles/1f/91/8f/1f918f3b-e631-4cd7-9e9e-77aac45a0c68_thumbnail695.webp"", ""https://www.property.co.zw/uploadedfiles/d2/a8/48/d2a848e6-ce79-44e5-8fa8-6ff2ece4ab47_thumbnail695.webp"", ""https://www.property.co.zw/uploadedfiles/65/10/86/6510864d-0f36-47b6-8e3c-c7bed1243494_thumbnail695.webp"", ""https://www.property.co.zw/uploadedfiles/43/33/0e/43330e56-704e-4b42-947c-66f034054033_thumbnail695.webp"", ""https://www.property.co.zw/uploadedfiles/0c/fc/3d/0cfc3de2-99dc-4b0b-89e1-7946ceea3473_thumbnail695.webp"", ""https://www.property.co.zw/uploadedfiles/2e/ed/9a/2eed9ad9-019a-4096-ab66-34a2efcba3be_thumbnail695.webp"", ""https://www.property.co.zw/uploadedfiles/f6/9e/10/f69e1073-6e7a-4c28-8e3a-2b30723d2cfa_thumbnail695.webp"", ""https://www.property.co.zw/uploadedfiles/64/3c/20/643c20d3-e4ab-4e65-903c-770070254ac1_thumbnail695.webp"", ""https://www.property.co.zw/uploadedfiles/b0/9e/79/b09e79f5-4556-4d35-b55b-7808c2715c55_thumbnail695.webp"", ""https://www.property.co.zw/uploadedfiles/47/5e/96/475e962d-3b88-48c3-89c3-0611d76ca768_thumbnail695.webp"", ""https://www.property.co.zw/uploadedfiles/55/1f/00/551f00f9-7084-450f-85c0-1ff450b6bd09_thumbnail695.webp"", ""https://www.property.co.zw/uploadedfiles/db/fe/ea/dbfeea70-00f9-4389-9329-f1e0ca0621ef_thumbnail695.webp"", ""https://www.property.co.zw/uploadedfiles/29/b6/87/29b68756-985d-4b5f-b217-4f9fa15b41f1_thumbnail695.webp"", ""https://www.property.co.zw/uploadedfiles/dd/b3/bf/ddb3bfe4-ecba-44e0-83c6-02c933fa52c7_thumbnail695.webp""]",2026-09-23T16:25:11,False,990000.0,,already USD,False,False,True,True,,False,False,False,False,False,False,False,False,False,False,False,False,False,False,False,False,False,False,False,False,False,False,False,False,0
CLRP252341,https://www.property.co.zw/for-sale/houses-clrp252341,"Multi-Dwelling Estate, Investor's Opportunity!",1600000.0,USD,Pomona,Harare North,Zimbabwe,"Pomona, Harare North, Harare",3,2.0,1000.0,m²,8093.7128448,Acres,"Clark Properties is proud to present an outstanding investment opportunity in the sought-after Pomona area, this unique property sits on approximately 2 acres and",2026-07-28,2026-08-20T10:29:18+02:00,Clark Properties,30,"[""https://www.property.co.zw/uploadedfiles/26/a3/00/26a3007e-8da9-472f-a42a-21ebc0534ea7_thumbnail695.webp"", ""https://www.property.co.zw/uploadedfiles/3f/36/85/3f368519-6528-4206-9b3f-65d226a550e8_thumbnail695.webp"", ""https://www.property.co.zw/uploadedfiles/d6/89/db/d689db29-5fc8-4580-a704-40b1490d7236_thumbnail695.webp"", ""https://www.property.co.zw/uploadedfiles/77/a1/7f/77a17fc0-e1a6-4498-b5f1-609fce0a4eee_thumbnail695.webp"", ""https://www.property.co.zw/uploadedfiles/77/e9/58/77e95821-7277-433c-b2cf-accda9a01a81_thumbnail695.webp"", ""https://www.property.co.zw/uploadedfiles/68/0c/b9/680cb984-e80d-43c8-964e-5efa7397e19b_thumbnail695.webp"", ""https://www.property.co.zw/uploadedfiles/d7/3f/95/d73f9566-c0b4-4555-8973-90b31ccfa0fc_thumbnail695.webp"", ""https://www.property.co.zw/uploadedfiles/e9/bb/51/e9bb512c-3985-4311-b4e0-44d0a6a2554d_thumbnail695.webp"", ""https://www.property.co.zw/uploadedfiles/70/47/fa/7047fa90-6718-41fc-8a08-b5f9e53be949_thumbnail695.webp"", ""https://www.property.co.zw/uploadedfiles/d4/4c/97/d44c97ae-1fde-48a1-b9d8-33a548f06adb_thumbnail695.webp"", ""https://www.property.co.zw/uploadedfiles/01/15/e8/0115e860-6c3d-40b8-80d0-3de7e9995eaa_thumbnail695.webp"", ""https://www.property.co.zw/uploadedfiles/29/2a/1a/292a1ae2-3563-4c9e-83be-5b8782432afb_thumbnail695.webp"", ""https://www.property.co.zw/uploadedfiles/ee/4a/db/ee4adb8a-3514-423c-b103-aee0c5373240_thumbnail695.webp"", ""https://www.property.co.zw/uploadedfiles/83/02/1c/83021c6d-6199-4f9e-a765-e9bfddf3abae_thumbnail695.webp"", ""https://www.property.co.zw/uploadedfiles/81/05/22/810522dd-d6d4-4627-af5c-d05ed2e7e893_thumbnail695.webp"", ""https://www.property.co.zw/uploadedfiles/3c/18/c5/3c18c54c-69b7-4be6-acd5-aa8433f0fe15_thumbnail695.webp"", ""https://www.property.co.zw/uploadedfiles/ae/08/95/ae089511-2ebf-4f92-a688-053c75bb6a4c_thumbnail695.webp"", ""https://www.property.co.zw/uploadedfiles/eb/a7/03/eba703ab-cdd5-4838-949a-851f203b7088_thumbnail695.webp"", ""https://www.property.co.zw/uploadedfiles/60/0b/8d/600b8dbe-b9fd-45ee-b99d-18461ff801f1_thumbnail695.webp"", ""https://www.property.co.zw/uploadedfiles/56/0d/a4/560da4d7-8c22-4fbe-b335-fcfb009c079e_thumbnail695.webp"", ""https://www.property.co.zw/uploadedfiles/39/97/ab/3997ab16-c57d-4012-9836-c05a1133d759_thumbnail695.webp"", ""https://www.property.co.zw/uploadedfiles/32/0d/6a/320d6a75-6d58-4d38-be8f-45fd2e5d5739_thumbnail695.webp"", ""https://www.property.co.zw/uploadedfiles/8c/7b/33/8c7b3362-ff2b-499d-a36c-0a72206498b1_thumbnail695.webp"", ""https://www.property.co.zw/uploadedfiles/34/3d/c3/343dc332-a3f6-4ffb-91ed-191012288598_thumbnail695.webp"", ""https://www.property.co.zw/uploadedfiles/02/7b/95/027b955c-32fe-4b99-a6be-a13d607193d9_thumbnail695.webp"", ""https://www.property.co.zw/uploadedfiles/3e/33/86/3e3386a2-cad0-45f1-a705-4c7604c04685_thumbnail695.webp"", ""https://www.property.co.zw/uploadedfiles/df/d7/80/dfd78019-0c7e-4db7-b03b-7c7438c43168_thumbnail695.webp"", ""https://www.property.co.zw/uploadedfiles/c9/7c/4a/c97c4a45-a84f-4cda-9e7e-29fad2f6ac1c_thumbnail695.webp"", ""https://www.property.co.zw/uploadedfiles/37/d0/79/37d0792f-e2f2-47dd-af6c-0e32408bd786_thumbnail695.webp"", ""https://www.property.co.zw/uploadedfiles/de/98/6e/de986e8a-6bdb-4e0b-8cf1-399d73e5b60a_thumbnail695.webp""]",2026-09-23T16:25:15,False,1600000.0,,already USD,False,False,True,True,,False,False,False,False,False,False,False,False,False,False,False,False,False,False,False,False,False,False,False,False,False,False,False,False,0
DING245765,https://www.property.co.zw/for-sale/houses-ding245765,Highlands park ,400000.0,USD,Highlands,Harare North,Zimbabwe,"Highlands, Harare North, Harare",13,6.0,1400.0,m²,2000.0,m²,"Perched in the sought-after Highlands Park on a substantial 2,000-square-meter stand with secure title deeds, this property boasts a strategic location just off",2026-04-27,2026-08-06T10:22:03+02:00,Dingamuzi Real Estate,3,"[""https://www.property.co.zw/uploadedfiles/e3/bd/ed/e3bdedad-136f-4c05-b00b-632131bea43d_thumbnail695.webp"", ""https://www.property.co.zw/uploadedfiles/aa/d7/5f/aad75f6d-190f-4090-819a-fcc0bf08276c_thumbnail695.webp"", ""https://www.property.co.zw/uploadedfiles/99/42/ec/9942ec6f-fe7d-4430-a43b-98f70ff64c02_thumbnail695.webp""]",2026-09-23T16:25:19,False,400000.0,,already USD,False,False,True,True,,False,False,False,False,False,False,False,False,False,False,False,False,False,False,False,False,False,False,False,False,False,False,True,False,0
GPP254899,https://www.property.co.zw/for-sale/houses-gpp254899,Westgate home for sale ,240000.0,USD,Westgate,Harare West,Zimbabwe,"Westgate, Harare West, Harare",4,3.0,600.0,m²,1000.0,m²,"?? HOUSE FOR SALE - WESTGATE ADLYN
$240,000 USD

4 Bed | Main Ensuite + BIC + Walk-in Dressing
Kitchen + Pantry | Lounge | Dining | Bar | Quiet Room
Double",2026-09-09,2026-09-09T14:50:06+02:00,Grapple Properties,17,"[""https://www.property.co.zw/uploadedfiles/43/21/03/432103d9-49c4-4dce-9522-ebc33cee70a6_thumbnail695.webp"", ""https://www.property.co.zw/uploadedfiles/ec/29/41/ec2941a8-9010-4f1a-ac00-679551d82bc2_thumbnail695.webp"", ""https://www.property.co.zw/uploadedfiles/6e/1e/d8/6e1ed860-e840-4e86-a54a-52b66ea45394_thumbnail695.webp"", ""https://www.property.co.zw/uploadedfiles/bf/7f/e5/bf7fe579-f40c-4334-9bdf-0f121e7adc9c_thumbnail695.webp"", ""https://www.property.co.zw/uploadedfiles/c8/61/8c/c8618c6b-3338-4c0d-b504-b8278e7d32c6_thumbnail695.webp"", ""https://www.property.co.zw/uploadedfiles/30/a5/ca/30a5cad7-d781-4416-9e80-a2f4aadc7356_thumbnail695.webp"", ""https://www.property.co.zw/uploadedfiles/3b/66/d8/3b66d89b-7d30-4694-b0dd-7b3eda8e508c_thumbnail695.webp"", ""https://www.property.co.zw/uploadedfiles/65/ed/87/65ed871c-136b-4a18-9d13-fae92d378a73_thumbnail695.webp"", ""https://www.property.co.zw/uploadedfiles/12/41/fd/1241fd07-7442-40a7-a8c7-88c9bfeda73b_thumbnail695.webp"", ""https://www.property.co.zw/uploadedfiles/b5/a1/ed/b5a1edf2-a71a-407b-8470-066b3e408fea_thumbnail695.webp"", ""https://www.property.co.zw/uploadedfiles/d8/48/74/d8487442-9373-4e2a-8583-fae6e8f144fa_thumbnail695.webp"", ""https://www.property.co.zw/uploadedfiles/44/b0/5b/44b05bc0-badc-4ee2-bf3f-fb0cf809e461_thumbnail695.webp"", ""https://www.property.co.zw/uploadedfiles/b2/1a/84/b21a841a-545f-41cf-937b-a9bc58715b89_thumbnail695.webp"", ""https://www.property.co.zw/uploadedfiles/5c/4b/63/5c4b6388-8092-4cd7-a31a-4ac6db33ec59_thumbnail695.webp"", ""https://www.property.co.zw/uploadedfiles/26/22/17/2622172c-3f49-432e-9ae6-68aa9d6882b0_thumbnail695.webp"", ""https://www.property.co.zw/uploadedfiles/27/17/5d/27175da4-b2e9-4046-a829-c84eaf20c0c5_thumbnail695.webp"", ""https://www.property.co.zw/uploadedfiles/23/ec/70/23ec70fc-c5ad-449e-b945-13f0480924c4_thumbnail695.webp""]",2026-09-23T16:25:23,False,240000.0,,already USD,False,False,True,True,,False,False,False,False,False,False,False,False,False,False,False,False,False,False,False,False,False,False,False,True,True,False,False,False,0
PPK249113,https://www.property.co.zw/for-sale/houses-ppk249113,Belgravia 7-Bed Family Home on 4053m² in one of the regions most attractive investment zones,1200000.0,USD,Belgravia,Harare North,Zimbabwe,"Belgravia, Harare North, Harare",7,5.0,350.0,m²,,4053,"Colonial family home in Belgravia, Harare North — 7 bedrooms, 5 bathrooms on a generous 4,053 m², located in a prime location with strong investment potential. The",2026-06-11,2026-09-22T10:19:04+02:00,Property Peak,16,"[""https://www.property.co.zw/uploadedfiles/64/60/11/646011ee-f7f2-4e2f-a99a-cb33cecdf700_thumbnail695.webp"", ""https://www.property.co.zw/uploadedfiles/f0/34/ea/f034eaa7-29ac-48a2-845d-f9a32616ceac_thumbnail695.webp"", ""https://www.property.co.zw/uploadedfiles/b0/ec/2e/b0ec2eeb-6eb1-4bd9-86f8-96f47645e696_thumbnail695.webp"", ""https://www.property.co.zw/uploadedfiles/02/2a/81/022a8118-dfa3-4b96-8a8e-12ec91f1fd27_thumbnail695.webp"", ""https://www.property.co.zw/uploadedfiles/85/d3/47/85d347b7-467f-4a92-937c-089f399071d1_thumbnail695.webp"", ""https://www.property.co.zw/uploadedfiles/60/92/f3/6092f3ea-eb4f-4107-9cb6-5ab977fba369_thumbnail695.webp"", ""https://www.property.co.zw/uploadedfiles/21/6b/63/216b632e-713e-4e7b-8c3b-620547e2bb50_thumbnail695.webp"", ""https://www.property.co.zw/uploadedfiles/95/c8/73/95c873be-12a3-46ec-b10a-838f7410565c_thumbnail695.webp"", ""https://www.property.co.zw/uploadedfiles/9d/21/d8/9d21d8e2-83eb-4645-b2c6-4b95c3ebadda_thumbnail695.webp"", ""https://www.property.co.zw/uploadedfiles/b7/32/6b/b7326b87-cb8e-42b4-88f3-aad93f21a45d_thumbnail695.webp"", ""https://www.property.co.zw/uploadedfiles/5d/29/91/5d2991d8-ebcb-49ce-bc38-9f887752cbd3_thumbnail695.webp"", ""https://www.property.co.zw/uploadedfiles/9c/07/3d/9c073d4e-3f1e-496a-9969-b9a89636a451_thumbnail695.webp"", ""https://www.property.co.zw/uploadedfiles/8f/9d/6a/8f9d6a1e-55c6-4fb5-b7da-11ca43a3ec50_thumbnail695.webp"", ""https://www.property.co.zw/uploadedfiles/0f/23/68/0f236899-2605-4bfb-ae9e-1e5f3b44b576_thumbnail695.webp"", ""https://www.property.co.zw/uploadedfiles/a1/de/94/a1de94c3-caec-46fc-932c-80ac0d506749_thumbnail695.webp"", ""https://www.property.co.zw/uploadedfiles/06/59/df/0659dfb0-9736-497a-bca8-49b27246fc65_thumbnail695.webp""]",2026-09-23T16:25:28,False,1200000.0,,already USD,False,False,False,True,,False,False,False,False,False,False,False,False,False,False,False,False,False,False,False,False,False,False,False,False,False,False,False,False,0
PLZP227760,https://www.property.co.zw/for-sale/houses-plzp227760,Your Dream Home Awaits In Mabvazuva,115000.0,USD,Mabvazuva,Ruwa,Zimbabwe,"Mabvazuva, Ruwa, Mashonaland East",4,3.0,200.0,m²,400.0,m²,"This incomplete 4-bedroom house in Mabvazuva offers a unique opportunity to put your personal touch on your dream home. Situated on a spacious 400sqm stand, the",2025-08-23,2026-07-02T15:14:14+02:00,Plaza Properties,25,"[""https://www.property.co.zw/uploadedfiles/d9/dc/fa/d9dcfa29-69f9-4af3-811e-db45a126b9b9_thumbnail695.webp"", ""https://www.property.co.zw/uploadedfiles/d5/df/f9/d5dff94f-8173-401b-bd57-c980ca80f6f4_thumbnail695.webp"", ""https://www.property.co.zw/uploadedfiles/4f/d7/a0/4fd7a09c-625d-4e87-8207-c8355d22fa43_thumbnail695.webp"", ""https://www.property.co.zw/uploadedfiles/fd/63/f8/fd63f8e0-ffdb-4e6d-a651-94e632028c54_thumbnail695.webp"", ""https://www.property.co.zw/uploadedfiles/dc/42/61/dc426113-225d-4457-a7ca-5698b2256585_thumbnail695.webp"", ""https://www.property.co.zw/uploadedfiles/f6/ba/45/f6ba4586-8ac1-4366-a0a7-17b08b27b5d6_thumbnail695.webp"", ""https://www.property.co.zw/uploadedfiles/99/71/c6/9971c6ca-5dd4-4db3-acbe-f48299f295a8_thumbnail695.webp"", ""https://www.property.co.zw/uploadedfiles/91/af/38/91af38ab-938e-4873-99bf-ffb0ca314b47_thumbnail695.webp"", ""https://www.property.co.zw/uploadedfiles/ee/1d/cd/ee1dcda0-38eb-4181-b0e3-5c7cf71840d7_thumbnail695.webp"", ""https://www.property.co.zw/uploadedfiles/8c/97/2c/8c972c93-746a-4bdf-8c1b-f056a3739003_thumbnail695.webp"", ""https://www.property.co.zw/uploadedfiles/65/01/be/6501be88-5dc0-4e8d-80f2-8f567a41500a_thumbnail695.webp"", ""https://www.property.co.zw/uploadedfiles/f9/25/e6/f925e6ca-1262-47ee-aa1c-4cb4489bfa91_thumbnail695.webp"", ""https://www.property.co.zw/uploadedfiles/d5/52/32/d5523201-ba45-4041-a000-24304c53c047_thumbnail695.webp"", ""https://www.property.co.zw/uploadedfiles/2e/20/4e/2e204e6c-9e23-49fa-9b40-66f4577c5569_thumbnail695.webp"", ""https://www.property.co.zw/uploadedfiles/59/25/ee/5925eed9-af8b-4eb1-b24f-7e150cf311e3_thumbnail695.webp"", ""https://www.property.co.zw/uploadedfiles/6e/0c/e0/6e0ce09c-9c8b-4b22-9f8a-c6da1c8f2278_thumbnail695.webp"", ""https://www.property.co.zw/uploadedfiles/c2/bd/96/c2bd96aa-93d4-47bd-b87e-415252fc9a17_thumbnail695.webp"", ""https://www.property.co.zw/uploadedfiles/56/dd/66/56dd6680-0b28-4c12-9cb1-daef5f7a06a0_thumbnail695.webp"", ""https://www.property.co.zw/uploadedfiles/dc/1e/ad/dc1ead3e-53e8-4d3a-b602-2b0afa59d0e3_thumbnail695.webp"", ""https://www.property.co.zw/uploadedfiles/81/ab/aa/81abaa89-afbd-4f93-b0e1-c86fb07f6ad6_thumbnail695.webp"", ""https://www.property.co.zw/uploadedfiles/bc/4f/d0/bc4fd01c-16eb-4c92-b5f8-a0a56824944b_thumbnail695.webp"", ""https://www.property.co.zw/uploadedfiles/0c/87/71/0c87717e-06a4-4b93-8124-e56c39f37cbc_thumbnail695.webp"", ""https://www.property.co.zw/uploadedfiles/d2/7c/b3/d27cb30a-5a22-4b0c-a5f7-504b0894475c_thumbnail695.webp"", ""https://www.property.co.zw/uploadedfiles/19/0d/30/190d30c4-d9eb-4dd5-82e0-fe20c1289df2_thumbnail695.webp"", ""https://www.property.co.zw/uploadedfiles/1b/2b/6a/1b2b6a1f-fbbe-4f9f-9e0c-3423b5dd8f06_thumbnail695.webp""]",2026-09-23T16:25:32,False,115000.0,,already USD,False,False,True,True,,False,False,False,False,False,False,False,False,False,False,False,False,False,False,False,False,False,False,False,False,False,False,False,False,1
SMTP244459,https://www.property.co.zw/for-sale/houses-smtp244459,"4-Bedroom Modern House | Glen Dacomb, Chisipite",630000.0,USD,Chisipite,Harare North,Zimbabwe,"Chisipite, Harare North, Harare",4,3.0,600.0,m²,300.0,m²,"Key Features: 4 Beds (2 Ensuite) | 3 Baths | 12kVA Solar | 25,000L Water | Staff Quarters
Experience luxury and total off-grid autonomy in this prestigious gated",2026-04-10,2026-07-17T13:58:44+02:00,Summit Properties,18,"[""https://www.property.co.zw/uploadedfiles/0c/af/10/0caf106a-50c5-400b-9e0b-4485bae6b474_thumbnail695.webp"", ""https://www.property.co.zw/uploadedfiles/fc/40/c0/fc40c092-8d55-4635-bb11-bfdae74bdaec_thumbnail695.webp"", ""https://www.property.co.zw/uploadedfiles/f5/dd/82/f5dd8231-4b45-4942-bb4e-4863fc64f396_thumbnail695.webp"", ""https://www.property.co.zw/uploadedfiles/60/1f/3e/601f3e6e-dda6-481b-85fb-faa7aaec5516_thumbnail695.webp"", ""https://www.property.co.zw/uploadedfiles/25/a9/32/25a9324c-26f4-404b-b963-59d308252aaa_thumbnail695.webp"", ""https://www.property.co.zw/uploadedfiles/e1/6e/42/e16e420d-c27a-437f-a540-0c0cee3ce60c_thumbnail695.webp"", ""https://www.property.co.zw/uploadedfiles/9c/b7/17/9cb71735-61ac-4773-9968-dd852af8a1fb_thumbnail695.webp"", ""https://www.property.co.zw/uploadedfiles/2f/78/fe/2f78fe40-9cab-4d9d-baf2-d8207572e23e_thumbnail695.webp"", ""https://www.property.co.zw/uploadedfiles/94/9f/cc/949fcc96-daa4-4dd8-9362-dabe4ac80954_thumbnail695.webp"", ""https://www.property.co.zw/uploadedfiles/8a/07/d8/8a07d82c-6140-4724-b68c-58cfd8fd0d9d_thumbnail695.webp"", ""https://www.property.co.zw/uploadedfiles/9b/58/70/9b5870e1-89f8-4008-822a-d64c03f331d7_thumbnail695.webp"", ""https://www.property.co.zw/uploadedfiles/65/f5/e3/65f5e3e9-70de-47d9-abbc-ea1ec9d93992_thumbnail695.webp"", ""https://www.property.co.zw/uploadedfiles/cf/71/c6/cf71c61f-0055-405e-8b5a-e9f66f775874_thumbnail695.webp"", ""https://www.property.co.zw/uploadedfiles/02/71/bf/0271bfdf-cbb5-4889-a6ee-15bc0556acc4_thumbnail695.webp"", ""https://www.property.co.zw/uploadedfiles/38/34/a5/3834a563-8f13-4b35-ad60-c3fd90708f26_thumbnail695.webp"", ""https://www.property.co.zw/uploadedfiles/72/07/f7/7207f765-ee0d-4556-a68c-f4a9b592eeff_thumbnail695.webp"", ""https://www.property.co.zw/uploadedfiles/f8/2b/a1/f82ba1a7-7a04-49f3-a1dd-8ad885cd72f6_thumbnail695.webp"", ""https://www.property.co.zw/uploadedfiles/4b/43/63/4b436341-9b08-47fb-9746-9e229c7070b3_thumbnail695.webp""]",2026-09-23T16:25:36,False,630000.0,,already USD,False,False,True,True,,False,False,False,False,False,False,False,False,False,False,False,False,False,False,False,False,False,True,False,True,False,True,False,False,0
XDS251879,https://www.property.co.zw/for-sale/houses-xds251879,Cluster Homes for sale,140000.0,USD,Arlington,Harare South,Zimbabwe,"Arlington, Harare South, Harare",4,3.0,200.0,m²,382.0,m²,"NEW MANDATE
Arlington Estate - U$D 140,000
Incomplete Double Storey | Finish to Your Own Taste  Stand Size: 382m² | Title: Deeds  Layout:
Downstairs: 2",2026-07-21,2026-07-21T10:47:51+02:00,Exodus and Company,10,"[""https://www.property.co.zw/uploadedfiles/9e/51/c0/9e51c08e-c387-4256-a76c-e586d4270d47_thumbnail695.webp"", ""https://www.property.co.zw/uploadedfiles/06/fa/e9/06fae9b7-21b2-46d9-8858-b6b4504d168f_thumbnail695.webp"", ""https://www.property.co.zw/uploadedfiles/3c/77/68/3c776850-a7cf-4770-ae0d-184bef7d2e7e_thumbnail695.webp"", ""https://www.property.co.zw/uploadedfiles/94/57/f5/9457f576-e31b-45dc-8add-fbbe865e0290_thumbnail695.webp"", ""https://www.property.co.zw/uploadedfiles/c0/50/c3/c050c376-40f5-4864-8e6b-c27ba3847e02_thumbnail695.webp"", ""https://www.property.co.zw/uploadedfiles/69/2e/4b/692e4bcb-cf21-4cd4-b7dc-805f74cf5b58_thumbnail695.webp"", ""https://www.property.co.zw/uploadedfiles/a9/5e/fe/a95efe94-76f4-4d94-8de4-db21acb1b407_thumbnail695.webp"", ""https://www.property.co.zw/uploadedfiles/ce/c8/20/cec8208c-dbec-467c-949f-f8c0e66bd80c_thumbnail695.webp"", ""https://www.property.co.zw/uploadedfiles/61/fc/e5/61fce55b-627b-429d-bf5d-c49ddc8ccd84_thumbnail695.webp"", ""https://www.property.co.zw/uploadedfiles/d2/fa/10/d2fa1064-2640-4a8a-b252-f8b71c3f0054_thumbnail695.webp""]",2026-09-23T16:25:41,False,140000.0,,already USD,False,False,True,True,,True,False,False,False,False,False,False,False,False,False,False,False,False,False,False,False,False,False,False,False,False,False,False,False,2
RWS234944,https://www.property.co.zw/for-sale/houses-rws234944, Investment House For Sale,205000.0,USD,Tynwald,Harare West,Zimbabwe,"Tynwald, Harare West, Harare",4,2.0,400.0,m²,4047.0,m²,"Development opportunity
An investments opportunity offers 4 bedroom house with main ensuite, all bedrooms have Bics. The property has fitted kitchen, a spacious",2025-11-25,2026-09-09T10:09:59+02:00,Rawson Properties Harare,20,"[""https://www.property.co.zw/uploadedfiles/7c/c7/0a/7cc70a71-878d-4dc0-93e6-a8eb7c9402b5_thumbnail695.webp"", ""https://www.property.co.zw/uploadedfiles/8a/fc/65/8afc65b1-60e3-47ba-8da8-ed682b13da1d_thumbnail695.webp"", ""https://www.property.co.zw/uploadedfiles/5f/01/0b/5f010ba9-455b-4bc3-9046-14e12dd68eaf_thumbnail695.webp"", ""https://www.property.co.zw/uploadedfiles/ce/d2/51/ced25113-5012-4de9-b014-dfbbab106067_thumbnail695.webp"", ""https://www.property.co.zw/uploadedfiles/34/ef/2e/34ef2ef4-5085-4943-a3c7-5032e15e0dbb_thumbnail695.webp"", ""https://www.property.co.zw/uploadedfiles/f0/c0/45/f0c0450f-fcc0-4b00-882a-1c09a9db6c53_thumbnail695.webp"", ""https://www.property.co.zw/uploadedfiles/74/32/87/74328743-6cd9-4e98-aaf2-ffe4e2b7e14c_thumbnail695.webp"", ""https://www.property.co.zw/uploadedfiles/08/89/18/088918bf-436f-4ecd-a1e0-729140d392f0_thumbnail695.webp"", ""https://www.property.co.zw/uploadedfiles/fc/a1/71/fca171e1-7a5e-4416-833e-dba8fdd5c659_thumbnail695.webp"", ""https://www.property.co.zw/uploadedfiles/eb/0a/02/eb0a0263-b658-40df-af43-4e74d77c91b0_thumbnail695.webp"", ""https://www.property.co.zw/uploadedfiles/fb/dc/a9/fbdca9d7-8dfa-4d40-ab54-a13c2fcd8f96_thumbnail695.webp"", ""https://www.property.co.zw/uploadedfiles/46/a5/82/46a582c2-aa3b-4998-8daa-e61ca3d03cb5_thumbnail695.webp"", ""https://www.property.co.zw/uploadedfiles/e2/0e/e2/e20ee2fd-8d70-4d6e-a24f-8710b551a01b_thumbnail695.webp"", ""https://www.property.co.zw/uploadedfiles/bb/1b/5a/bb1b5af7-ba43-4369-b5f1-ca869643062a_thumbnail695.webp"", ""https://www.property.co.zw/uploadedfiles/4d/51/20/4d5120c1-743f-488b-a50a-e9249dab45d1_thumbnail695.webp"", ""https://www.property.co.zw/uploadedfiles/95/20/19/95201955-56e8-4323-8eb9-f1f3b88856fa_thumbnail695.webp"", ""https://www.property.co.zw/uploadedfiles/5e/59/ed/5e59edab-3117-4d68-9ce0-e26b4670dcbf_thumbnail695.webp"", ""https://www.property.co.zw/uploadedfiles/6c/27/5b/6c275bb1-d397-4f64-bb17-c2adecdd185e_thumbnail695.webp"", ""https://www.property.co.zw/uploadedfiles/5f/10/7a/5f107a44-02ac-477f-836d-9bfc9164567d_thumbnail695.webp"", ""https://www.property.co.zw/uploadedfiles/3d/59/81/3d598130-3a23-4330-b715-4d152417c68c_thumbnail695.webp""]",2026-09-23T16:25:45,False,205000.0,,already USD,False,False,True,True,,False,False,False,False,False,False,False,False,False,False,True,False,False,False,False,False,False,False,False,True,True,False,False,False,0
MTFP244444,https://www.property.co.zw/for-sale/houses-mtfp244444,Sunridge Property for sale ,180000.0,USD,Sunridge,Harare West,Zimbabwe,"Sunridge, Harare West, Harare",3,1.0,300.0,m²,,1200,This 3 bed house with a lush garden has great potential as your next investment. It is located in a peaceful neighborhood. ,2026-04-10,2026-06-24T13:37:41+02:00,Mountfin Properties,14,"[""https://www.property.co.zw/uploadedfiles/c8/0f/1a/c80f1a03-46a1-404e-926a-490ea470711b_thumbnail695.webp"", ""https://www.property.co.zw/uploadedfiles/c7/ac/8e/c7ac8e17-ea31-4169-a54d-d6b59c5be5a9_thumbnail695.webp"", ""https://www.property.co.zw/uploadedfiles/b2/53/b5/b253b57e-2f4e-4e36-b5ad-5da31f91a1c3_thumbnail695.webp"", ""https://www.property.co.zw/uploadedfiles/5e/90/25/5e902596-8068-4ceb-acf8-87f3a6f5ab0b_thumbnail695.webp"", ""https://www.property.co.zw/uploadedfiles/06/99/d0/0699d079-7274-451a-8b8f-02837df9b2cc_thumbnail695.webp"", ""https://www.property.co.zw/uploadedfiles/ea/36/2d/ea362d29-01ed-480e-b9fc-651998c3e768_thumbnail695.webp"", ""https://www.property.co.zw/uploadedfiles/eb/a7/ca/eba7ca1b-0736-42fd-b0d3-dea34661a538_thumbnail695.webp"", ""https://www.property.co.zw/uploadedfiles/79/97/69/7997691c-3923-4d09-9613-c6e4c84a1b95_thumbnail695.webp"", ""https://www.property.co.zw/uploadedfiles/e6/4e/e2/e64ee2d0-a7fd-4e8a-800f-7c8678312cf5_thumbnail695.webp"", ""https://www.property.co.zw/uploadedfiles/f8/4f/ae/f84faea6-6ab6-4474-8dd0-a1ca101f4bc0_thumbnail695.webp"", ""https://www.property.co.zw/uploadedfiles/c0/df/e3/c0dfe319-7b49-40d8-9546-4a88f4627d32_thumbnail695.webp"", ""https://www.property.co.zw/uploadedfiles/84/0b/d4/840bd406-02c7-4fd9-aef5-588931dee228_thumbnail695.webp"", ""https://www.property.co.zw/uploadedfiles/bb/1c/3d/bb1c3d52-a0eb-474a-a055-5339b28eba6e_thumbnail695.webp"", ""https://www.property.co.zw/uploadedfiles/cb/71/b0/cb71b01d-dffe-4d1e-a9e4-a8ec06a94e95_thumbnail695.webp""]",2026-09-23T16:25:49,False,180000.0,,already USD,False,False,False,True,,False,False,False,False,False,False,False,False,False,False,False,False,False,False,False,False,False,False,False,False,False,False,False,False,0
PPK252397,https://www.property.co.zw/for-sale/houses-ppk252397,Beautiful Mount Pleasant Heights Home w/ Cottage & Garage,380000.0,USD,Mount Pleasant Heights,Harare North,Zimbabwe,"Mount Pleasant Heights, Harare North, Harare",8,6.0,600.0,m²,,2000,"Stunning home in the sought-after Mount Pleasant Heights, Harare North. Set on a generous 2,000 m² stand, this walled and secure property offers privacy and peace",2026-07-28,2026-09-17T08:48:53+02:00,Property Peak,11,"[""https://www.property.co.zw/uploadedfiles/b5/00/3a/b5003a54-7a21-47ec-9735-6aa20e6589ab_thumbnail695.webp"", ""https://www.property.co.zw/uploadedfiles/88/3e/a8/883ea8d2-ee56-4671-88b7-b959c6c8304d_thumbnail695.webp"", ""https://www.property.co.zw/uploadedfiles/fd/b9/4f/fdb94fd1-ecc5-483a-885a-e644838dcdec_thumbnail695.webp"", ""https://www.property.co.zw/uploadedfiles/f2/3d/08/f23d08bf-abdf-4ee7-889b-7283d5eeac57_thumbnail695.webp"", ""https://www.property.co.zw/uploadedfiles/e8/fc/27/e8fc278a-aa6b-4688-80a0-d0e601fa2f4b_thumbnail695.webp"", ""https://www.property.co.zw/uploadedfiles/1c/01/c9/1c01c9c1-51ed-40f1-8824-cd56efb30232_thumbnail695.webp"", ""https://www.property.co.zw/uploadedfiles/f4/82/14/f482143b-d7e2-4bfe-808a-2a5fdc049947_thumbnail695.webp"", ""https://www.property.co.zw/uploadedfiles/38/20/0a/38200ae5-21cb-494b-a3e8-d6107e5353d7_thumbnail695.webp"", ""https://www.property.co.zw/uploadedfiles/9b/bb/81/9bbb81a5-42dd-42d8-9b20-18b40d08aa1b_thumbnail695.webp"", ""https://www.property.co.zw/uploadedfiles/fd/b7/46/fdb7464f-e4bb-42b1-b119-f897686f515e_thumbnail695.webp"", ""https://www.property.co.zw/uploadedfiles/17/cf/98/17cf98be-3312-4abe-b216-ecded183c66e_thumbnail695.webp""]",2026-09-23T16:25:53,False,380000.0,,already USD,False,False,False,True,,False,False,False,False,True,False,False,False,False,False,False,False,False,False,False,False,False,False,False,False,False,False,False,False,0
HTNP242406,https://www.property.co.zw/for-sale/houses-htnp242406,"Hillside 4-Bed Home - Borehole, Solar & Double Carport",250000.0,USD,Hillside,Harare South,Zimbabwe,"Hillside, Harare South, Harare",4,4.0,420.0,m²,1160.0,m²,"Charming 4-bedroom, 4-bath family home in sought-after Hillside, Harare South — sitting on a generous 1,160 m². This attractive single-level residence is",2026-03-11,2026-08-27T10:16:16+02:00,Hilton Properties,20,"[""https://www.property.co.zw/uploadedfiles/b8/8c/b9/b88cb918-0b42-4f6d-a1ca-b698edb4981e_thumbnail695.webp"", ""https://www.property.co.zw/uploadedfiles/45/38/dc/4538dc53-976f-4fe5-9fa7-93fcb4716a46_thumbnail695.webp"", ""https://www.property.co.zw/uploadedfiles/06/f4/8f/06f48ffc-4183-48c9-b392-8f6cb80cddd3_thumbnail695.webp"", ""https://www.property.co.zw/uploadedfiles/57/51/5a/57515a8b-4e71-46ab-9239-1ad0205b62f6_thumbnail695.webp"", ""https://www.property.co.zw/uploadedfiles/2b/08/8c/2b088c0f-a1d8-4604-859a-87d21850a5dc_thumbnail695.webp"", ""https://www.property.co.zw/uploadedfiles/68/44/e6/6844e6c2-58b9-4417-8375-bac3a8189d92_thumbnail695.webp"", ""https://www.property.co.zw/uploadedfiles/ca/75/e1/ca75e1a8-3b8a-456d-ade1-ca031f1a2473_thumbnail695.webp"", ""https://www.property.co.zw/uploadedfiles/16/05/02/1605023b-a01d-4989-a88d-ce0edcb53df5_thumbnail695.webp"", ""https://www.property.co.zw/uploadedfiles/1f/ff/f6/1ffff6ed-d5eb-4283-b7c6-707b9c3b9fa4_thumbnail695.webp"", ""https://www.property.co.zw/uploadedfiles/c0/7e/34/c07e341d-f1ea-4c34-96d7-aaab9584b498_thumbnail695.webp"", ""https://www.property.co.zw/uploadedfiles/ff/a4/6a/ffa46a15-aba5-43f3-bfa3-bf2293bfd648_thumbnail695.webp"", ""https://www.property.co.zw/uploadedfiles/20/c6/d0/20c6d0c8-b0e8-4b0f-9efd-117ce5159c80_thumbnail695.webp"", ""https://www.property.co.zw/uploadedfiles/d1/d6/ff/d1d6ff09-8238-41ef-8c7e-df1bcb2746c5_thumbnail695.webp"", ""https://www.property.co.zw/uploadedfiles/ee/8b/71/ee8b7189-bae4-461d-acf6-e10b174cb7f1_thumbnail695.webp"", ""https://www.property.co.zw/uploadedfiles/04/e5/b4/04e5b4d0-2594-4746-88ed-8177ed3549d6_thumbnail695.webp"", ""https://www.property.co.zw/uploadedfiles/88/ba/a8/88baa842-53e3-4dfd-b495-f2cd33f0cb51_thumbnail695.webp"", ""https://www.property.co.zw/uploadedfiles/ad/e7/7e/ade77e9d-c620-40d9-8833-6071431cdd3e_thumbnail695.webp"", ""https://www.property.co.zw/uploadedfiles/f7/bc/68/f7bc6825-fa8d-43b7-b024-57dd4653c6db_thumbnail695.webp"", ""https://www.property.co.zw/uploadedfiles/17/c0/10/17c0102f-929a-4b4b-b91c-3d3d4737dac8_thumbnail695.webp"", ""https://www.property.co.zw/uploadedfiles/85/0a/8d/850a8d1c-14c6-460f-a2bb-92ac37016dea_thumbnail695.webp""]",2026-09-23T16:25:57,False,250000.0,,already USD,False,False,True,True,,False,False,False,False,False,False,False,False,False,False,False,False,False,False,False,False,False,False,False,False,False,False,False,False,0
HEE253587,https://www.property.co.zw/for-sale/houses-hee253587,5 bedroom family home,598000.0,USD,Vainona,Harare North,Zimbabwe,"Vainona, Harare North, Harare",5,3.0,600000.0,m²,4667.0,m²,"In Vainona, Harare, a well-established family home on a mature, tree-lined property offering five bedrooms, three bathrooms, and three lounges.

Inside, the",2026-08-19,2026-09-12T14:14:50+02:00,Hollands Harare Estate Agents,10,"[""https://www.property.co.zw/uploadedfiles/e0/eb/2a/e0eb2a21-461f-4d7d-85ce-9b55c98b8011_thumbnail695.webp"", ""https://www.property.co.zw/uploadedfiles/5b/80/3e/5b803e33-d748-4e12-b87b-6da6f403f697_thumbnail695.webp"", ""https://www.property.co.zw/uploadedfiles/c2/82/d6/c282d6cd-daf7-4ca2-b9da-b9d73f962aa1_thumbnail695.webp"", ""https://www.property.co.zw/uploadedfiles/7e/86/a5/7e86a565-432e-4c80-8815-1fda4fd83ac3_thumbnail695.webp"", ""https://www.property.co.zw/uploadedfiles/39/c8/95/39c89534-6176-4cea-b04c-7167677a5ab0_thumbnail695.webp"", ""https://www.property.co.zw/uploadedfiles/9e/b9/1f/9eb91fcf-49ee-4b20-a684-65471a0a7be0_thumbnail695.webp"", ""https://www.property.co.zw/uploadedfiles/47/7f/5c/477f5cbd-6a88-4642-b3e7-f072472b0e2c_thumbnail695.webp"", ""https://www.property.co.zw/uploadedfiles/81/b9/c7/81b9c7bb-ae3b-4444-bec9-c9f6142fcc9c_thumbnail695.webp"", ""https://www.property.co.zw/uploadedfiles/a3/5c/a0/a35ca03f-15af-413e-a0aa-dd2c2d658a60_thumbnail695.webp"", ""https://www.property.co.zw/uploadedfiles/d3/e8/7b/d3e87bbc-4585-4df1-8dbf-7ebe6b4e838a_thumbnail695.webp""]",2026-09-23T16:26:01,False,598000.0,,already USD,False,False,True,True,,False,False,False,False,False,False,False,False,False,False,False,False,False,False,False,False,False,False,False,False,False,False,False,False,0
OAS241082,https://www.property.co.zw/for-sale/houses-oas241082,Stunning double storey home for sale on developer cession!,460000.0,USD,Gletwin Park,Harare North,Zimbabwe,"Gletwin Park, Harare North, Harare",5,4.0,500.0,m²,2030.0,m²,"Oasis Realty is pleased to offer for sale this lovely double storey home in a secure part of Gletwin. The home comprises of 5 spacious bedrooms, of which 2 have",2026-02-20,2026-06-04T10:58:39+02:00,Oasis Realty,16,"[""https://www.property.co.zw/uploadedfiles/e4/cf/ae/e4cfaec2-07f0-4289-9a61-08b0f7a538a4_thumbnail695.webp"", ""https://www.property.co.zw/uploadedfiles/bb/d8/42/bbd842ce-389e-467d-b24a-f41159468172_thumbnail695.webp"", ""https://www.property.co.zw/uploadedfiles/7a/a7/f7/7aa7f789-f9db-4d77-95fb-7b52989db7b9_thumbnail695.webp"", ""https://www.property.co.zw/uploadedfiles/d8/2d/bc/d82dbc89-7c22-4f2c-bf9b-04001de94228_thumbnail695.webp"", ""https://www.property.co.zw/uploadedfiles/10/c5/27/10c52790-a8bf-4d59-b67b-0306e871f1b2_thumbnail695.webp"", ""https://www.property.co.zw/uploadedfiles/1c/1f/0c/1c1f0c54-8e0a-44fd-a32f-218a7202d194_thumbnail695.webp"", ""https://www.property.co.zw/uploadedfiles/ef/c3/05/efc30594-e678-42d0-a776-50381443a400_thumbnail695.webp"", ""https://www.property.co.zw/uploadedfiles/61/79/02/617902b9-10c2-4f4a-8193-832510dd4505_thumbnail695.webp"", ""https://www.property.co.zw/uploadedfiles/73/e1/98/73e198ca-dd3a-4900-9a30-d3add056895a_thumbnail695.webp"", ""https://www.property.co.zw/uploadedfiles/6a/9b/dd/6a9bdd72-9474-4158-9ab0-6f66347cede7_thumbnail695.webp"", ""https://www.property.co.zw/uploadedfiles/b2/bb/2a/b2bb2a41-7bb9-473f-8a8d-a2f6237e06bf_thumbnail695.webp"", ""https://www.property.co.zw/uploadedfiles/7f/88/ef/7f88ef2f-34cf-44f7-b202-e174fa6b6d0a_thumbnail695.webp"", ""https://www.property.co.zw/uploadedfiles/7a/af/53/7aaf530a-5875-4031-a96a-c1b16aa3f878_thumbnail695.webp"", ""https://www.property.co.zw/uploadedfiles/b0/c9/80/b0c980f3-98aa-4590-b137-727bce19ac21_thumbnail695.webp"", ""https://www.property.co.zw/uploadedfiles/cd/c7/6d/cdc76d31-f872-4e9a-bce3-33623de01716_thumbnail695.webp"", ""https://www.property.co.zw/uploadedfiles/4e/c8/ef/4ec8ef90-1bae-46a1-a8a0-cd02362d269b_thumbnail695.webp""]",2026-09-23T16:26:06,False,460000.0,,already USD,False,False,True,True,,False,False,False,False,False,False,False,False,False,False,False,False,False,False,False,False,False,False,False,False,False,False,False,False,0
GNRE252376,https://www.property.co.zw/for-sale/houses-gnre252376,Mount Pleasant Heights,380000.0,USD,Mount Pleasant Heights,Harare North,Zimbabwe,"Mount Pleasant Heights, Harare North, Harare",5,6.0,478.0,m²,2033.0,m²,"Large multi-dwelling property on 2,033 sqm on developer cession. 
? Under Roof (478 sqm total):
• Main House: 5 beds (all BIC), 6 baths, granite kitchen with",2026-07-28,2026-09-01T10:59:35+02:00,Genesis Real Estate,15,"[""https://www.property.co.zw/uploadedfiles/af/15/61/af15610a-a182-4c2d-af0f-9c41849b0b11_thumbnail695.webp"", ""https://www.property.co.zw/uploadedfiles/c6/df/0e/c6df0ead-3602-482d-92a9-494ffc4bf60a_thumbnail695.webp"", ""https://www.property.co.zw/uploadedfiles/93/56/a2/9356a2f6-8730-4673-aa5b-48fc01952427_thumbnail695.webp"", ""https://www.property.co.zw/uploadedfiles/88/4e/cd/884ecd32-7a67-4198-a52d-641de76ad67a_thumbnail695.webp"", ""https://www.property.co.zw/uploadedfiles/74/36/5e/74365e0d-dc9d-4d2f-ae38-871d71e13231_thumbnail695.webp"", ""https://www.property.co.zw/uploadedfiles/52/7b/01/527b0194-04e3-4fbd-ba8d-ee12dd9b4849_thumbnail695.webp"", ""https://www.property.co.zw/uploadedfiles/29/97/40/2997403a-71c9-41a0-bf2a-4b08b8f1cba9_thumbnail695.webp"", ""https://www.property.co.zw/uploadedfiles/1b/7c/28/1b7c28ae-da6e-42dd-9055-a33a4ee89d59_thumbnail695.webp"", ""https://www.property.co.zw/uploadedfiles/2b/d4/76/2bd476ca-8cf8-4267-b42e-37840c9cba94_thumbnail695.webp"", ""https://www.property.co.zw/uploadedfiles/cc/e1/46/cce14613-ec57-4fb8-a1ed-dfff927fb0b0_thumbnail695.webp"", ""https://www.property.co.zw/uploadedfiles/01/40/c0/0140c07e-7772-4238-9c3f-290ea7913c36_thumbnail695.webp"", ""https://www.property.co.zw/uploadedfiles/36/e5/7a/36e57afa-6a89-430f-ab23-596d89f9ee80_thumbnail695.webp"", ""https://www.property.co.zw/uploadedfiles/0a/83/e7/0a83e719-701c-4b51-a4bd-95cd238bf6d5_thumbnail695.webp"", ""https://www.property.co.zw/uploadedfiles/ad/ab/6f/adab6f0d-12c3-49a7-a615-83662feef554_thumbnail695.webp"", ""https://www.property.co.zw/uploadedfiles/df/57/a7/df57a7c6-cd4f-471b-a9e9-8fc1e7d82ded_thumbnail695.webp""]",2026-09-23T16:26:10,False,380000.0,,already USD,False,False,True,True,,False,False,False,False,False,False,False,False,False,False,False,False,False,False,False,False,False,False,False,False,True,False,False,True,0
SMY214988,https://www.property.co.zw/for-sale/houses-smy214988,Double Storey  Property Up For Grabs in Zimre Park ,135000.0,USD,Zimre Park,Harare East,Zimbabwe,"Zimre Park, Harare East, Harare",4,2.0,800.0,m²,1000.0,m²,"Zimre Park.   Double storey property, comprises of - On the upper floor  with 2 bedrooms, lounge, guest wing with a lounge, kitchen and a bedroom, bathroom/toilet,",2025-03-05,2026-09-04T12:22:14+02:00,Sermony Properties,15,"[""https://www.property.co.zw/uploadedfiles/0f/e2/4d/0fe24d90-57b3-4a25-9593-5167dd941bcb_thumbnail695.webp"", ""https://www.property.co.zw/uploadedfiles/4a/de/dc/4adedc09-c7ff-4508-944f-4494e9f811ab_thumbnail695.webp"", ""https://www.property.co.zw/uploadedfiles/8f/44/ef/8f44ef48-1fed-408c-a38b-c20720bf3eb2_thumbnail695.webp"", ""https://www.property.co.zw/uploadedfiles/9e/d3/5e/9ed35ef0-d067-4cb4-aaa7-bef411ce7a15_thumbnail695.webp"", ""https://www.property.co.zw/uploadedfiles/42/7e/d8/427ed837-a488-42c0-952a-8025296ed0d5_thumbnail695.webp"", ""https://www.property.co.zw/uploadedfiles/64/bb/12/64bb126a-a326-436e-8a9e-58f74646d8df_thumbnail695.webp"", ""https://www.property.co.zw/uploadedfiles/82/ae/e0/82aee0f5-cde3-4086-8aa5-0189b99da4f6_thumbnail695.webp"", ""https://www.property.co.zw/uploadedfiles/52/71/c7/5271c7b6-8bba-4ffd-9bed-ed4d073cb104_thumbnail695.webp"", ""https://www.property.co.zw/uploadedfiles/9e/c1/20/9ec1206c-8a3f-40f8-8143-9bdee99aa063_thumbnail695.webp"", ""https://www.property.co.zw/uploadedfiles/76/4e/33/764e33a4-1179-4cf2-b451-79d3653c5e06_thumbnail695.webp"", ""https://www.property.co.zw/uploadedfiles/30/fd/4d/30fd4d9e-433d-44f7-a7ad-2ebab4726c28_thumbnail695.webp"", ""https://www.property.co.zw/uploadedfiles/1b/39/f4/1b39f430-7589-4603-99ab-773a56e27681_thumbnail695.webp"", ""https://www.property.co.zw/uploadedfiles/c6/20/80/c6208009-fb5a-4d2d-bfdb-1955eaa9ece1_thumbnail695.webp"", ""https://www.property.co.zw/uploadedfiles/50/d0/60/50d060a8-5d39-4076-adba-3dd360f606f9_thumbnail695.webp"", ""https://www.property.co.zw/uploadedfiles/fa/c2/65/fac26567-924f-4c9d-a718-495257794146_thumbnail695.webp""]",2026-09-23T16:26:14,False,135000.0,,already USD,False,True,True,True,"statistical price outlier within its suburb (log-price, 1.5xIQR rule) -- inspect manually, do not assume error",False,False,False,False,False,False,False,False,False,False,False,False,False,False,False,False,False,False,False,False,False,False,False,False,0
PGP247776,https://www.property.co.zw/for-sale/houses-pgp247776,Beautiful Modern Family Home in Helensvale,600000.0,USD,Helensvale,Harare North,Zimbabwe,"Helensvale, Harare North, Harare",4,4.0,550.0,m²,5058.0,m²,"Set in the heart of prestigious Helensvale along sought-after Elshaddai Road, this exceptional contemporary residence offers luxury living in one of Harare’s most",2026-05-25,2026-06-10T19:34:29+02:00,Pam Golding Properties,19,"[""https://www.property.co.zw/uploadedfiles/3d/5a/e4/3d5ae420-82c2-4ccd-9d0d-93afdda161bb_thumbnail695.webp"", ""https://www.property.co.zw/uploadedfiles/9a/f4/a1/9af4a161-12d6-46e9-8ebe-c02efc8c3088_thumbnail695.webp"", ""https://www.property.co.zw/uploadedfiles/6d/c3/84/6dc3840a-7094-47bd-bb85-45244f2b2989_thumbnail695.webp"", ""https://www.property.co.zw/uploadedfiles/de/96/bd/de96bd0f-2989-42ab-84fe-b50f2049d431_thumbnail695.webp"", ""https://www.property.co.zw/uploadedfiles/f9/da/bd/f9dabd6a-1450-4fa4-bd56-c13d5b987439_thumbnail695.webp"", ""https://www.property.co.zw/uploadedfiles/dd/ae/cd/ddaecdf5-7bf7-40bf-afc9-14cf8a2af305_thumbnail695.webp"", ""https://www.property.co.zw/uploadedfiles/4e/2c/74/4e2c7429-01aa-4e62-9fe5-b0676dff7f94_thumbnail695.webp"", ""https://www.property.co.zw/uploadedfiles/69/21/30/692130f5-f887-4e6e-a1bd-d089b2e0422a_thumbnail695.webp"", ""https://www.property.co.zw/uploadedfiles/05/bb/9f/05bb9faf-58fc-468b-bc14-cd005ed98f9a_thumbnail695.webp"", ""https://www.property.co.zw/uploadedfiles/f1/22/53/f12253a1-00b8-4715-ad9c-e7617220ea98_thumbnail695.webp"", ""https://www.property.co.zw/uploadedfiles/8c/83/d3/8c83d367-25c8-48d8-ad8c-d64f924af871_thumbnail695.webp"", ""https://www.property.co.zw/uploadedfiles/1d/9a/59/1d9a599b-615e-41c7-84f2-6e03ddd84bbb_thumbnail695.webp"", ""https://www.property.co.zw/uploadedfiles/0d/37/ed/0d37ed65-8f14-4b46-87eb-14259dec3fac_thumbnail695.webp"", ""https://www.property.co.zw/uploadedfiles/40/b3/27/40b327d1-15eb-4baa-a8cd-86fc745b590a_thumbnail695.webp"", ""https://www.property.co.zw/uploadedfiles/a9/38/bc/a938bc3b-5eff-4024-aa77-299de1faa375_thumbnail695.webp"", ""https://www.property.co.zw/uploadedfiles/c3/cc/ab/c3ccab22-cff0-430a-9a63-94c6f73e5837_thumbnail695.webp"", ""https://www.property.co.zw/uploadedfiles/28/95/a8/2895a8f8-e287-456a-88b7-cdfa7d435d0f_thumbnail695.webp"", ""https://www.property.co.zw/uploadedfiles/a5/c4/3c/a5c43c35-3297-4df2-92c6-b439649a3053_thumbnail695.webp"", ""https://www.property.co.zw/uploadedfiles/49/7d/07/497d07a5-2ad1-45f7-9ca7-7d88e59f648d_thumbnail695.webp""]",2026-09-23T16:26:18,False,600000.0,,already USD,False,False,True,True,,False,False,False,False,False,False,False,False,False,False,False,False,False,False,False,False,False,False,False,False,False,False,False,False,0
OHRE253530,https://www.property.co.zw/for-sale/houses-ohre253530,Warren Park Houswe for sale,65000.0,USD,Warren Park,Harare High Density,Zimbabwe,"Warren Park, Harare High Density, Harare",4,2.0,100.0,m²,300.0,m²,"Warren Park D Graceland Newly Built House for Sale. The house consists of 4 bedrooms with main ensuite, additional two bathrooms and toilets. Combined dining and",2026-08-19,2026-09-09T09:32:42+02:00,Own Your Home Real Estate,9,"[""https://www.property.co.zw/uploadedfiles/8e/f6/b9/8ef6b918-d437-45ac-b8a5-6136fdf299d0_thumbnail695.webp"", ""https://www.property.co.zw/uploadedfiles/2b/7e/d4/2b7ed45a-1bf3-44aa-8180-17c51780bbb8_thumbnail695.webp"", ""https://www.property.co.zw/uploadedfiles/1d/4d/13/1d4d1341-95fc-45ed-806a-4cd6aeca60a7_thumbnail695.webp"", ""https://www.property.co.zw/uploadedfiles/1a/2b/26/1a2b26d3-cbe3-441d-8bff-a7e061c4e3c2_thumbnail695.webp"", ""https://www.property.co.zw/uploadedfiles/b6/27/84/b62784c8-5573-4657-919d-8cc0dd2c76f0_thumbnail695.webp"", ""https://www.property.co.zw/uploadedfiles/b7/c5/ab/b7c5ab44-5d2d-47de-9b99-e516139d4562_thumbnail695.webp"", ""https://www.property.co.zw/uploadedfiles/35/88/ce/3588ce56-f62c-4c1f-a79e-49e42ebff6e7_thumbnail695.webp"", ""https://www.property.co.zw/uploadedfiles/11/7f/f4/117ff4ea-2c0f-497b-a340-fbe956587185_thumbnail695.webp"", ""https://www.property.co.zw/uploadedfiles/7e/ca/86/7eca86a3-dc46-42d3-8635-a4decfec8278_thumbnail695.webp""]",2026-09-23T16:26:22,False,65000.0,,already USD,False,False,True,True,,False,False,False,False,False,False,False,False,False,False,False,False,False,False,False,False,False,False,False,True,False,False,False,False,0
TEH255729,https://www.property.co.zw/for-sale/houses-teh255729,"Highfields house.50k.7roomed house in New Canaan .5 Bedrooms, a dining and a Kitchen.On 348sqm.Deeds",50000.0,USD,Highfield,Harare High Density,Zimbabwe,"Highfield, Harare High Density, Harare",5,2.0,200.0,m²,348.0,m²,"Highfields house.50k.7roomed house in New Canaan .5 Bedrooms, a dining and a Kitchen.On 348sqm.Deeds",2026-09-22,2026-09-22T21:40:39+02:00,Tanvel Real Estate Harare North,4,"[""https://www.property.co.zw/uploadedfiles/eb/62/d5/eb62d5f2-a9fd-43d3-bbee-495955ecdc59_thumbnail695.webp"", ""https://www.property.co.zw/uploadedfiles/dd/b0/c2/ddb0c28d-f23b-4c52-8643-ca038aa7a581_thumbnail695.webp"", ""https://www.property.co.zw/uploadedfiles/5a/f3/6b/5af36bc1-13d8-4179-a8c1-d604d2344a87_thumbnail695.webp"", ""https://www.property.co.zw/uploadedfiles/81/5a/80/815a8014-1ca6-4830-897c-33fd818e4b6e_thumbnail695.webp""]",2026-09-23T16:26:27,False,50000.0,,already USD,False,True,True,True,,False,False,False,False,False,False,False,False,False,False,False,False,False,False,False,False,False,False,False,False,False,False,False,False,0
RRT238936,https://www.property.co.zw/for-sale/houses-rrt238936,Incomplete House for sale,65000.0,USD,Cold Comfort,Harare West,Zimbabwe,"Cold Comfort, Harare West, Harare",3,2.0,150.0,m²,400.0,m²,For sale is an incomplete house in Cold Comfort situated on 400m2.  The house is designed to offer 3 bedrooms including a main bedroom with en-suite bathroom. ,2026-01-27,2026-08-24T12:24:55+02:00,Robert Root,17,"[""https://www.property.co.zw/uploadedfiles/ca/65/50/ca6550af-1e5a-4ec4-aa8a-ea60f95e658b_thumbnail695.webp"", ""https://www.property.co.zw/uploadedfiles/cc/04/36/cc04360c-5eca-4269-8f9a-d909115c63dc_thumbnail695.webp"", ""https://www.property.co.zw/uploadedfiles/4f/72/89/4f728914-ffe4-488a-8b87-e4336ed0f6b3_thumbnail695.webp"", ""https://www.property.co.zw/uploadedfiles/8f/9e/a4/8f9ea4e6-d93f-4c10-972f-fbe419922441_thumbnail695.webp"", ""https://www.property.co.zw/uploadedfiles/32/77/f9/3277f9a5-74a1-4ce3-b293-12de121e754f_thumbnail695.webp"", ""https://www.property.co.zw/uploadedfiles/7d/e8/ff/7de8ff4f-4cc6-4f31-9550-b3a00d72d5bf_thumbnail695.webp"", ""https://www.property.co.zw/uploadedfiles/39/62/ad/3962ad23-3e88-4720-a292-5a4a4248b3ae_thumbnail695.webp"", ""https://www.property.co.zw/uploadedfiles/b9/32/2b/b9322bfb-eeaa-41c6-a7c2-db18e69cd67d_thumbnail695.webp"", ""https://www.property.co.zw/uploadedfiles/f6/69/d0/f669d011-5c66-46b1-b389-f7f1c7c6b295_thumbnail695.webp"", ""https://www.property.co.zw/uploadedfiles/83/53/fb/8353fb4d-a86a-415e-8f17-ec8b2f483af0_thumbnail695.webp"", ""https://www.property.co.zw/uploadedfiles/3a/7d/29/3a7d2980-917b-42d5-8cbc-12d568031666_thumbnail695.webp"", ""https://www.property.co.zw/uploadedfiles/e0/25/16/e02516d0-fb7c-44b8-abe5-e3b4e5106f91_thumbnail695.webp"", ""https://www.property.co.zw/uploadedfiles/b7/4c/af/b74cafd0-f668-45b4-a94f-1cb878dfe894_thumbnail695.webp"", ""https://www.property.co.zw/uploadedfiles/9e/5a/c3/9e5ac34e-f933-4965-bf90-38f91c1986f7_thumbnail695.webp"", ""https://www.property.co.zw/uploadedfiles/ee/06/ad/ee06ad8c-613b-4d82-bb1a-af4a12de8eed_thumbnail695.webp"", ""https://www.property.co.zw/uploadedfiles/1e/e6/8d/1ee68d6e-f637-4016-b968-30f49904fed9_thumbnail695.webp"", ""https://www.property.co.zw/uploadedfiles/43/af/43/43af434c-5747-48a5-b445-48ee4553471a_thumbnail695.webp""]",2026-09-23T16:26:31,False,65000.0,,already USD,False,False,True,True,,False,False,False,False,False,False,False,False,False,False,False,False,False,False,False,False,False,False,False,True,False,False,False,False,1
TRZ254112,https://www.property.co.zw/for-sale/houses-trz254112,"Spacious 4-Bedroom Home For Sale In Knowe Phase 2, Norton",105000.0,USD,Knowe,Norton,Zimbabwe,"Knowe, Norton, Mashonaland West",4,3.0,,,2100.0,m²,"Located in the sought-after Knowe Phase 2, this well-maintained property sits on a generous 2100m² stand, offering comfort, space, and modern living ideal for",2026-08-27,2026-08-27T12:00:08+02:00,Terezim Properties,15,"[""https://www.property.co.zw/uploadedfiles/f2/c4/a9/f2c4a9f0-fa01-483a-aef9-0871375a2c10_thumbnail695.webp"", ""https://www.property.co.zw/uploadedfiles/9f/0c/ae/9f0cae08-564c-4c44-96c7-16aa1aff8aac_thumbnail695.webp"", ""https://www.property.co.zw/uploadedfiles/46/38/b5/4638b59a-a79a-4350-b9c3-7041e93c58d8_thumbnail695.webp"", ""https://www.property.co.zw/uploadedfiles/3c/b2/e8/3cb2e880-8d1b-406e-a9f1-2085cfb1c2f2_thumbnail695.webp"", ""https://www.property.co.zw/uploadedfiles/d4/b4/9c/d4b49ca3-28a4-4b63-9e9b-18eb6ab5f350_thumbnail695.webp"", ""https://www.property.co.zw/uploadedfiles/14/ea/f5/14eaf58c-dbdd-4e4b-bf6b-650d5c605c6f_thumbnail695.webp"", ""https://www.property.co.zw/uploadedfiles/b4/f5/08/b4f508dd-9a62-432a-a0a9-b93c5897ccaa_thumbnail695.webp"", ""https://www.property.co.zw/uploadedfiles/7d/83/35/7d8335e0-1fac-4e26-bbaa-2534abe4acd5_thumbnail695.webp"", ""https://www.property.co.zw/uploadedfiles/d8/46/15/d84615c1-4d33-401e-ac6b-2e1986253b2b_thumbnail695.webp"", ""https://www.property.co.zw/uploadedfiles/f4/04/24/f40424d3-6a1b-4def-8dac-51f6a17439ef_thumbnail695.webp"", ""https://www.property.co.zw/uploadedfiles/fb/d6/29/fbd629e2-ab47-4c83-8384-486227df1076_thumbnail695.webp"", ""https://www.property.co.zw/uploadedfiles/38/ba/b0/38bab0a3-2754-4f7c-be6f-bb331cac3fc0_thumbnail695.webp"", ""https://www.property.co.zw/uploadedfiles/d5/8b/4a/d58b4a73-7eb5-47f7-8a66-e6c9a9ccc0f6_thumbnail695.webp"", ""https://www.property.co.zw/uploadedfiles/b5/ba/a2/b5baa236-bcb4-46c6-93af-5b274f328e71_thumbnail695.webp"", ""https://www.property.co.zw/uploadedfiles/47/53/2a/47532a65-8aa5-42e4-9554-79de7b9c30c9_thumbnail695.webp""]",2026-09-23T16:26:35,False,105000.0,,already USD,False,True,True,False,,False,False,False,False,False,False,False,False,False,False,False,False,False,False,False,False,False,False,False,False,False,False,False,False,0
ALX251403,https://www.property.co.zw/for-sale/houses-alx251403,Solid 3 Bedroomed House In Sentosa!,190000.0,USD,Sentosa,Harare West,Zimbabwe,"Sentosa, Harare West, Harare",3,2.0,300.0,m²,1200.0,m²,"NEW LISTING

SENTOSA
Along MEDWAY RD
Compact 3beds
1full bathroom
Separate kitchen dining-room cum lounge
Single lock-up garage
Borehole
Landsize:",2026-07-15,2026-08-26T10:44:43+02:00,AlexCourt Real Estate,10,"[""https://www.property.co.zw/uploadedfiles/1e/bd/ea/1ebdea8d-dd34-4faf-b157-ef9260c26bdd_thumbnail695.webp"", ""https://www.property.co.zw/uploadedfiles/5b/0c/41/5b0c41d0-44aa-412e-b8db-48d03a2df8e2_thumbnail695.webp"", ""https://www.property.co.zw/uploadedfiles/83/a5/82/83a58225-1245-4d50-8fb7-bf8095891c0a_thumbnail695.webp"", ""https://www.property.co.zw/uploadedfiles/44/94/9a/44949ab6-ee29-4588-a98f-f02e58dc3712_thumbnail695.webp"", ""https://www.property.co.zw/uploadedfiles/6d/6c/cc/6d6ccc8f-316b-4c89-b6ab-5a287dcf7344_thumbnail695.webp"", ""https://www.property.co.zw/uploadedfiles/29/0e/fc/290efc8c-ca3e-4c4e-8e05-c54dcb3b1337_thumbnail695.webp"", ""https://www.property.co.zw/uploadedfiles/bb/c1/b3/bbc1b3eb-1a7a-4f79-81b4-e6c9ac419bcb_thumbnail695.webp"", ""https://www.property.co.zw/uploadedfiles/02/70/d1/0270d1e7-903b-4e66-899b-b45b32b22750_thumbnail695.webp"", ""https://www.property.co.zw/uploadedfiles/2c/0f/18/2c0f18dc-ff21-4817-967f-bc0d6aca8703_thumbnail695.webp"", ""https://www.property.co.zw/uploadedfiles/50/95/41/50954185-0444-4f56-98d4-4ae0c720bab6_thumbnail695.webp""]",2026-09-23T16:26:39,False,190000.0,,already USD,False,False,True,True,,False,False,False,False,False,False,False,False,False,False,False,False,False,False,True,False,False,False,False,False,False,False,False,False,0
RIDDL248369,https://www.property.co.zw/for-sale/houses-riddl248369,Philadelphia House For Sale ,290000.0,USD,Philadelphia,Harare North,Zimbabwe,"Philadelphia, Harare North, Harare",4,2.0,180.0,m²,1860.0,m²,"Option 1

 Is to buy the whole property Option 1 and 2.

BORROWDALE PHILADELPHIA   HOUSE FOR SALE

?Sitting on 1860sqm
?4 Bedroomed house
?Close to all",2026-06-02,2026-09-21T10:55:00+02:00,Realty Riddle Real Estate,11,"[""https://www.property.co.zw/uploadedfiles/2f/d9/26/2fd926fa-4047-42c3-95cf-385dc9a00955_thumbnail695.webp"", ""https://www.property.co.zw/uploadedfiles/45/2c/64/452c642e-52b5-4c90-a36c-0c31b6ca20f3_thumbnail695.webp"", ""https://www.property.co.zw/uploadedfiles/49/91/4d/49914dd7-290a-4730-9de5-244fdd472ad0_thumbnail695.webp"", ""https://www.property.co.zw/uploadedfiles/43/ec/de/43ecde64-284e-4c37-868a-b3270b6d8d7e_thumbnail695.webp"", ""https://www.property.co.zw/uploadedfiles/9a/6a/fd/9a6afdbb-b453-4d55-8c00-779584acf315_thumbnail695.webp"", ""https://www.property.co.zw/uploadedfiles/b0/98/dc/b098dcc0-7223-4bbd-bb23-6b775035432c_thumbnail695.webp"", ""https://www.property.co.zw/uploadedfiles/06/9c/db/069cdbfe-c64d-4bcb-9f0a-3c188eb7f7e3_thumbnail695.webp"", ""https://www.property.co.zw/uploadedfiles/e3/01/27/e3012762-85e8-4fdc-a5b0-60d15aa2bbdd_thumbnail695.webp"", ""https://www.property.co.zw/uploadedfiles/67/d9/3b/67d93b0e-c3fd-40ed-8cca-85957ca64b54_thumbnail695.webp"", ""https://www.property.co.zw/uploadedfiles/77/96/6e/77966e5e-c27e-4ae1-a5d6-d0e6764700ba_thumbnail695.webp"", ""https://www.property.co.zw/uploadedfiles/60/e8/c5/60e8c5f8-3035-4709-a409-020d45abdf59_thumbnail695.webp""]",2026-09-23T16:26:43,False,290000.0,,already USD,False,False,True,True,,False,False,False,False,False,False,False,False,False,False,False,False,False,False,False,False,False,False,False,False,False,False,False,False,0
RRT227748,https://www.property.co.zw/for-sale/houses-rrt227748,A Developers Dream. Land With Huge Potential,950000.0,USD,Pomona,Harare North,Zimbabwe,"Pomona, Harare North, Harare",3,2.0,,,8190.0,m²,"Prime Land for Sale in Pomona, Harare North

Discover a gem in the heart of Pomona, Harare North. This expansive 8,190 m² plot is a blank canvas, ready for your",2025-08-22,2026-09-22T10:25:16+02:00,Robert Root,8,"[""https://www.property.co.zw/uploadedfiles/9e/d0/0d/9ed00d26-6714-4c6a-9490-5c4c2476b034_thumbnail695.webp"", ""https://www.property.co.zw/uploadedfiles/b0/5c/4c/b05c4c94-fcba-4bd7-aaa0-f947e2c325d9_thumbnail695.webp"", ""https://www.property.co.zw/uploadedfiles/41/96/0e/41960e24-0695-473c-847a-1dfd25afb512_thumbnail695.webp"", ""https://www.property.co.zw/uploadedfiles/17/d1/f9/17d1f99e-1549-4f39-8501-119fc2c72573_thumbnail695.webp"", ""https://www.property.co.zw/uploadedfiles/0c/bc/d6/0cbcd6f1-f32d-468a-a566-a38dbfbcfe18_thumbnail695.webp"", ""https://www.property.co.zw/uploadedfiles/a0/af/20/a0af20c6-b93d-4940-a9cd-fb43b3d6ef93_thumbnail695.webp"", ""https://www.property.co.zw/uploadedfiles/53/da/5c/53da5c86-3393-4cc2-8627-97d11b2683d7_thumbnail695.webp"", ""https://www.property.co.zw/uploadedfiles/a0/c4/26/a0c426d1-710f-4db6-879a-56722a9c82a9_thumbnail695.webp""]",2026-09-23T16:26:47,False,950000.0,,already USD,False,False,True,False,,False,False,False,False,False,False,False,False,False,False,False,False,False,False,False,False,False,False,False,False,False,False,False,False,0
PGP243191,https://www.property.co.zw/for-sale/houses-pgp243191,Large Modern Home In Shawasha Hills,400000.0,USD,Shawasha Hills,Harare North,Zimbabwe,"Shawasha Hills, Harare North, Harare",5,4.0,620.0,m²,,2000,"Set in the sought-after suburb of Shawasha Hills, this spacious and contemporary home offers stylish living, excellent entertainment spaces, and a thoughtful",2026-03-20,2026-09-09T10:11:18+02:00,Pam Golding Properties,20,"[""https://www.property.co.zw/uploadedfiles/8d/81/b8/8d81b8b4-b3b2-4c72-aa0a-e03dd692f2b4_thumbnail695.webp"", ""https://www.property.co.zw/uploadedfiles/14/46/1e/14461ee0-b067-46a4-b42d-89598c96ba64_thumbnail695.webp"", ""https://www.property.co.zw/uploadedfiles/be/64/8d/be648d5a-dfb6-438c-b553-540fde88c4b4_thumbnail695.webp"", ""https://www.property.co.zw/uploadedfiles/30/e8/73/30e873ce-0715-4b99-8e66-2f7746a4d95f_thumbnail695.webp"", ""https://www.property.co.zw/uploadedfiles/84/5c/b7/845cb78d-1aa0-4a82-946b-475b892d60dd_thumbnail695.webp"", ""https://www.property.co.zw/uploadedfiles/f8/b9/19/f8b91917-e0e1-4ed3-b348-661996d8c298_thumbnail695.webp"", ""https://www.property.co.zw/uploadedfiles/ea/b0/b9/eab0b96b-ded8-452f-9cc8-a6496dc2cc0a_thumbnail695.webp"", ""https://www.property.co.zw/uploadedfiles/3e/8c/29/3e8c29cb-0c1b-42a4-a7b0-c20ef4fa1a83_thumbnail695.webp"", ""https://www.property.co.zw/uploadedfiles/3e/b7/8b/3eb78b9f-8fe0-4d50-be60-f030cf37f779_thumbnail695.webp"", ""https://www.property.co.zw/uploadedfiles/71/e4/22/71e422e6-2b97-4696-837c-87ce78dea9cf_thumbnail695.webp"", ""https://www.property.co.zw/uploadedfiles/21/95/a3/2195a3b8-bb4f-4f29-abc1-0c657cd3bb01_thumbnail695.webp"", ""https://www.property.co.zw/uploadedfiles/8b/cf/2f/8bcf2fc9-0b48-4689-9d19-8609d0b507c7_thumbnail695.webp"", ""https://www.property.co.zw/uploadedfiles/7d/c4/49/7dc449f9-de51-4e33-94e1-bf76434c41be_thumbnail695.webp"", ""https://www.property.co.zw/uploadedfiles/03/ad/37/03ad379c-6258-4a0b-a3e1-1fc64c225011_thumbnail695.webp"", ""https://www.property.co.zw/uploadedfiles/46/0d/1f/460d1fe0-94ac-4568-a233-aa73ed5cd011_thumbnail695.webp"", ""https://www.property.co.zw/uploadedfiles/aa/df/0e/aadf0ede-ab23-49b3-ab04-9ffb028ff3c2_thumbnail695.webp"", ""https://www.property.co.zw/uploadedfiles/16/0f/ac/160fac5e-8638-433b-8657-ba1c34123b4f_thumbnail695.webp"", ""https://www.property.co.zw/uploadedfiles/f6/84/43/f6844315-27ae-44c8-9a11-899213a72590_thumbnail695.webp"", ""https://www.property.co.zw/uploadedfiles/9a/3c/b1/9a3cb105-1b88-46b3-abcb-5f3b511c33a2_thumbnail695.webp"", ""https://www.property.co.zw/uploadedfiles/84/e1/e2/84e1e293-920f-4b55-b633-e1a6471dd4e5_thumbnail695.webp""]",2026-09-23T16:26:51,False,400000.0,,already USD,False,False,False,True,,False,False,False,False,False,False,False,False,False,False,False,False,False,False,False,False,False,False,False,False,False,False,False,False,0
RWS204704,https://www.property.co.zw/for-sale/houses-rws204704,"A Rare Blend of Luxury, Space and Comfort",480000.0,USD,Athlone,Harare East,Zimbabwe,"Athlone, Harare East, Harare",8,9.0,380.0,m²,3010.0,m²,"GREENDALE ATHLONE | EXECUTIVE DOUBLE STOREY HOME
 | 3,010sqm
Experience luxury living in the prestigious suburb of Greendale Athlone with this elegant executive",2024-10-23,2026-07-30T12:07:54+02:00,Rawson Properties Harare,22,"[""https://www.property.co.zw/uploadedfiles/1c/f8/89/1cf88974-c9d7-4260-898f-071d71840e4b_thumbnail695.webp"", ""https://www.property.co.zw/uploadedfiles/4b/30/f5/4b30f5d3-c1f8-4a58-93fc-9bab389220bd_thumbnail695.webp"", ""https://www.property.co.zw/uploadedfiles/ce/e3/cd/cee3cd1f-5a48-40d0-ab93-c3cb385266f4_thumbnail695.webp"", ""https://www.property.co.zw/uploadedfiles/d8/12/c4/d812c482-7e20-4b0b-8e63-10ab9f950b8b_thumbnail695.webp"", ""https://www.property.co.zw/uploadedfiles/98/97/36/989736c6-ecdb-40b8-aceb-9830081d231b_thumbnail695.webp"", ""https://www.property.co.zw/uploadedfiles/c6/d4/88/c6d488bb-f1be-4fc7-87b3-42408ab5ebc7_thumbnail695.webp"", ""https://www.property.co.zw/uploadedfiles/c6/bf/77/c6bf7759-98f7-406e-b286-3b6b4f61dcd1_thumbnail695.webp"", ""https://www.property.co.zw/uploadedfiles/0c/49/7d/0c497d70-f4cd-44b1-801e-f1dd760293d7_thumbnail695.webp"", ""https://www.property.co.zw/uploadedfiles/6e/d5/d5/6ed5d5c3-9f1a-4ce8-8f50-c0d34a83cf0b_thumbnail695.webp"", ""https://www.property.co.zw/uploadedfiles/ac/e8/2e/ace82e7f-671f-4597-b4e9-225b5fb6b0fb_thumbnail695.webp"", ""https://www.property.co.zw/uploadedfiles/cd/f3/c2/cdf3c2f6-6b82-410b-b89a-e69fcd72a39e_thumbnail695.webp"", ""https://www.property.co.zw/uploadedfiles/a9/f1/c3/a9f1c3d0-a976-4f67-ae42-2786e32b721b_thumbnail695.webp"", ""https://www.property.co.zw/uploadedfiles/34/d1/73/34d173a4-1262-4062-9c3b-3c130adfb6fa_thumbnail695.webp"", ""https://www.property.co.zw/uploadedfiles/97/c3/07/97c307c7-9fc8-4c67-b63f-d0fe6f4c97e1_thumbnail695.webp"", ""https://www.property.co.zw/uploadedfiles/1b/65/f0/1b65f0d6-8c5c-45cd-a62c-05a720da9b25_thumbnail695.webp"", ""https://www.property.co.zw/uploadedfiles/90/36/3d/90363dfd-7209-47df-a0f4-6d8469ef12b4_thumbnail695.webp"", ""https://www.property.co.zw/uploadedfiles/97/e3/90/97e39047-7916-4aa5-9b55-a049c9d35f14_thumbnail695.webp"", ""https://www.property.co.zw/uploadedfiles/c4/88/97/c488975a-2a13-43a5-9453-f425083831ff_thumbnail695.webp"", ""https://www.property.co.zw/uploadedfiles/40/5a/7e/405a7e20-18e9-4620-9426-a492910f77b3_thumbnail695.webp"", ""https://www.property.co.zw/uploadedfiles/d4/8e/90/d48e9006-1c0a-47d2-ba96-647c99b7fb72_thumbnail695.webp"", ""https://www.property.co.zw/uploadedfiles/fc/47/cb/fc47cbeb-c361-4170-860b-4618eae973e1_thumbnail695.webp"", ""https://www.property.co.zw/uploadedfiles/8c/ac/77/8cac7752-44b7-419a-a6dc-501aad16d9e2_thumbnail695.webp""]",2026-09-23T16:26:55,False,480000.0,,already USD,False,False,True,True,,False,False,False,False,False,False,False,False,False,False,False,False,False,False,False,False,False,False,False,False,False,False,False,False,0
BLS253146,https://www.property.co.zw/for-sale/houses-bls253146,Incomplete Double Storey in Mount Pleasant for sale,180000.0,USD,Mount Pleasant,Harare North,Zimbabwe,"Mount Pleasant, Harare North, Harare",4,2.5,420.0,m²,1400.0,m²,"A fantastic opportunity to own a spacious property on a 1,400sqm stand, featuring an incomplete double-storey structure that offers plenty of room for",2026-08-12,2026-08-12T13:04:50+02:00,Blissful Real Estate,8,"[""https://www.property.co.zw/uploadedfiles/b2/64/fa/b264fa02-b1c0-4f52-a007-84529abc0fab_thumbnail695.webp"", ""https://www.property.co.zw/uploadedfiles/39/3c/33/393c33a0-748b-4178-b681-9e7032d83377_thumbnail695.webp"", ""https://www.property.co.zw/uploadedfiles/45/e0/90/45e090a6-3731-4f67-8856-aa10017fbb11_thumbnail695.webp"", ""https://www.property.co.zw/uploadedfiles/3f/e3/fb/3fe3fb1a-9f95-42a8-8b8c-b1bfa6d454eb_thumbnail695.webp"", ""https://www.property.co.zw/uploadedfiles/c1/71/00/c171004d-988e-4c86-b2d8-0309731c3b4c_thumbnail695.webp"", ""https://www.property.co.zw/uploadedfiles/79/50/9a/79509aae-f1da-4477-a06c-e305898e1491_thumbnail695.webp"", ""https://www.property.co.zw/uploadedfiles/a5/52/80/a5528090-7ed1-415b-bb72-c700ad6bb3a5_thumbnail695.webp"", ""https://www.property.co.zw/uploadedfiles/69/8f/42/698f4231-e9af-4e7c-8b97-3bfa3c221c94_thumbnail695.webp""]",2026-09-23T16:26:59,False,180000.0,,already USD,False,True,True,True,"statistical price outlier within its suburb (log-price, 1.5xIQR rule) -- inspect manually, do not assume error",False,False,False,False,False,False,False,False,False,False,False,False,False,False,False,False,False,False,False,False,False,False,False,False,1
LEG252801,https://www.property.co.zw/for-sale/houses-leg252801,"An Exclusive Residence For The Discerning Buyer,Timeless Elegance On 1,800M² Of Prime Real Estate.",400000.0,USD,Mount Pleasant Heights,Harare North,Zimbabwe,"Mount Pleasant Heights, Harare North, Harare",5,4.0,400.0,m²,1800.0,m²,"This exceptional executive residence in Mount Pleasant Heights offers the perfect combination of luxury, space, and modern family living. Set on a generous 1,800m²",2026-08-04,2026-09-10T13:57:11+02:00,Legacy Real Estate,26,"[""https://www.property.co.zw/uploadedfiles/42/fe/6c/42fe6cc7-d298-4056-885b-f8ffab9613b5_thumbnail695.webp"", ""https://www.property.co.zw/uploadedfiles/7c/d9/f4/7cd9f4d6-1a2c-4d81-9661-efb620d9f5a9_thumbnail695.webp"", ""https://www.property.co.zw/uploadedfiles/29/e6/33/29e6339b-ec28-433e-b5a0-4dbcb8caa42e_thumbnail695.webp"", ""https://www.property.co.zw/uploadedfiles/82/3a/c6/823ac6df-2fb5-4295-9911-e6f891a45480_thumbnail695.webp"", ""https://www.property.co.zw/uploadedfiles/96/b1/19/96b11981-c3b9-4297-b810-16522b3d3239_thumbnail695.webp"", ""https://www.property.co.zw/uploadedfiles/ee/26/82/ee2682de-3f00-4368-ba6d-d0f17a6f5334_thumbnail695.webp"", ""https://www.property.co.zw/uploadedfiles/24/0f/80/240f8093-fb6b-4b02-ba82-8f50bd4c18ce_thumbnail695.webp"", ""https://www.property.co.zw/uploadedfiles/cd/1b/cb/cd1bcbf5-1982-4305-989a-b873c2405fd8_thumbnail695.webp"", ""https://www.property.co.zw/uploadedfiles/6b/3d/13/6b3d13cd-1b41-4c7b-8e2e-bbf87ad7502f_thumbnail695.webp"", ""https://www.property.co.zw/uploadedfiles/ed/aa/ba/edaabaab-7724-4cd3-9d01-cfb1c1d9b6b5_thumbnail695.webp"", ""https://www.property.co.zw/uploadedfiles/c7/ab/b1/c7abb180-c7ef-4336-987b-0e888d21d615_thumbnail695.webp"", ""https://www.property.co.zw/uploadedfiles/e4/43/1d/e4431d3a-a384-4108-a8a6-0d75960ceb37_thumbnail695.webp"", ""https://www.property.co.zw/uploadedfiles/83/54/51/83545170-f4f1-45d4-accc-9b9004e1eac4_thumbnail695.webp"", ""https://www.property.co.zw/uploadedfiles/af/22/d3/af22d3f2-b4ba-4fd9-8a59-a46a2dcc3225_thumbnail695.webp"", ""https://www.property.co.zw/uploadedfiles/81/d3/e7/81d3e77b-d7b4-4196-8dbc-3720dc20440f_thumbnail695.webp"", ""https://www.property.co.zw/uploadedfiles/43/e1/ab/43e1ab8e-6168-48b8-ae68-992bf7bf572e_thumbnail695.webp"", ""https://www.property.co.zw/uploadedfiles/08/b0/c9/08b0c949-2e95-4d2f-b23b-30e73f70077d_thumbnail695.webp"", ""https://www.property.co.zw/uploadedfiles/40/78/8b/40788b29-cd08-4f1f-ab9c-d22a4a465afb_thumbnail695.webp"", ""https://www.property.co.zw/uploadedfiles/e1/2f/c8/e12fc83d-ccb3-4b12-9ae6-0429bf2df102_thumbnail695.webp"", ""https://www.property.co.zw/uploadedfiles/05/1d/c5/051dc57d-e789-4f65-b1ec-6ff433585664_thumbnail695.webp"", ""https://www.property.co.zw/uploadedfiles/db/9e/be/db9ebedf-88c0-42f4-8404-eec014fa1a49_thumbnail695.webp"", ""https://www.property.co.zw/uploadedfiles/82/8d/e9/828de9a6-9bec-4d45-bfd4-b98098bd7510_thumbnail695.webp"", ""https://www.property.co.zw/uploadedfiles/51/31/50/513150d4-76cd-4549-8260-d51dc80bc3e2_thumbnail695.webp"", ""https://www.property.co.zw/uploadedfiles/70/bf/1e/70bf1ec1-82f6-4986-a153-69ef6fe64d2e_thumbnail695.webp"", ""https://www.property.co.zw/uploadedfiles/87/a8/72/87a8728e-ad6d-4e7a-aedc-01cab7864883_thumbnail695.webp"", ""https://www.property.co.zw/uploadedfiles/64/1a/c2/641ac2df-da3a-4c12-ab9b-3c9333556078_thumbnail695.webp""]",2026-09-23T16:27:03,False,400000.0,,already USD,False,False,True,True,,False,False,False,False,False,False,False,False,False,False,False,False,False,False,False,False,False,False,False,False,False,False,False,False,0
GAT249082,https://www.property.co.zw/for-sale/houses-gat249082,Stand With A Two Beds Cottage For Sale In Elizabeth Park  Ruwa.,75000.0,USD,Ruwa,Ruwa,Zimbabwe,"Ruwa, Mashonaland East",2,3.0,400.0,m²,,1019,"In this prestigious neighborhood is a stand measuring 1019sqm with ample space room for a big family home, pool, garden, or cluster development if you’re thinking",2026-06-11,2026-06-11T12:35:32+02:00,Guest and Tanner Real Estate,17,"[""https://www.property.co.zw/uploadedfiles/4a/5b/aa/4a5baa16-debf-4e93-b89b-dfa400a8d256_thumbnail695.webp"", ""https://www.property.co.zw/uploadedfiles/6e/cf/a5/6ecfa558-1cb9-46b0-af79-9b008fc1eb34_thumbnail695.webp"", ""https://www.property.co.zw/uploadedfiles/76/ab/01/76ab015b-a2af-4881-915b-38cd801d8bf8_thumbnail695.webp"", ""https://www.property.co.zw/uploadedfiles/03/22/8b/03228b54-3837-468d-8acf-860eb4fafcbd_thumbnail695.webp"", ""https://www.property.co.zw/uploadedfiles/5f/34/6d/5f346df7-91cd-4931-b827-c94eb94920a1_thumbnail695.webp"", ""https://www.property.co.zw/uploadedfiles/18/dd/9f/18dd9f33-a5e3-4d60-b087-ae3b971d73fc_thumbnail695.webp"", ""https://www.property.co.zw/uploadedfiles/f4/e0/21/f4e021f4-f944-4410-9c6a-457b9af3439d_thumbnail695.webp"", ""https://www.property.co.zw/uploadedfiles/61/35/4b/61354b42-3482-4ef6-81b1-eb2da6bb9110_thumbnail695.webp"", ""https://www.property.co.zw/uploadedfiles/fc/58/f8/fc58f880-60bf-4994-89cf-9a1b26ef3505_thumbnail695.webp"", ""https://www.property.co.zw/uploadedfiles/f0/2c/9f/f02c9fee-080d-4b4b-801a-5b66c04c3036_thumbnail695.webp"", ""https://www.property.co.zw/uploadedfiles/b0/37/cd/b037cdae-73e5-4e17-9a66-e93f1cf4467d_thumbnail695.webp"", ""https://www.property.co.zw/uploadedfiles/1a/cb/7d/1acb7d16-442c-4a19-8b69-71ff1d8ed3b5_thumbnail695.webp"", ""https://www.property.co.zw/uploadedfiles/bf/36/c4/bf36c4f8-4ba3-4acc-9c47-381200037fb0_thumbnail695.webp"", ""https://www.property.co.zw/uploadedfiles/b6/9e/25/b69e2591-1fdb-49a5-ae4d-2fcea2723ecb_thumbnail695.webp"", ""https://www.property.co.zw/uploadedfiles/f0/d4/c6/f0d4c68a-55af-470e-ae0c-f376cb4758f3_thumbnail695.webp"", ""https://www.property.co.zw/uploadedfiles/de/da/e1/dedae1b1-524a-4d6f-bceb-a8854f6cdf97_thumbnail695.webp"", ""https://www.property.co.zw/uploadedfiles/e8/15/76/e8157672-90c2-4602-a8d2-e80fb2d5e1e7_thumbnail695.webp""]",2026-09-23T16:27:07,False,75000.0,,already USD,False,True,False,True,,False,False,False,False,False,False,False,False,False,False,False,False,False,False,False,False,False,False,False,False,False,False,False,False,0
MAC254478,https://www.property.co.zw/for-sale/houses-mac254478,House for sale in Gunhill ,550000.0,USD,Gunhill,Harare North,Zimbabwe,"Gunhill, Harare North, Harare",4,2.0,4200.0,m²,4200.0,m²,"An old & solid family home for sale in Gunhill Harare, this house consists of 4 bedrooms, the main bedroom with an ensuite , a full bathroom, 2 lounges, dining and",2026-09-02,2026-09-03T11:46:52+02:00,Mac Homes,19,"[""https://www.property.co.zw/uploadedfiles/70/60/b5/7060b543-7eab-438a-93c3-bf6e621d63f1_thumbnail695.webp"", ""https://www.property.co.zw/uploadedfiles/a0/dc/4c/a0dc4c04-8767-471e-9e88-376b6b0e7cb3_thumbnail695.webp"", ""https://www.property.co.zw/uploadedfiles/0d/a1/17/0da117b5-ba29-44cb-b714-ceeff191551a_thumbnail695.webp"", ""https://www.property.co.zw/uploadedfiles/e6/a8/07/e6a8077c-59b5-4d40-9b29-a91de3f431fd_thumbnail695.webp"", ""https://www.property.co.zw/uploadedfiles/ec/d0/9d/ecd09d22-c4c0-4eea-a572-a66caa01774f_thumbnail695.webp"", ""https://www.property.co.zw/uploadedfiles/34/d2/e9/34d2e931-ca60-4626-94e8-2e0a7b9dcfce_thumbnail695.webp"", ""https://www.property.co.zw/uploadedfiles/bc/05/70/bc05706a-370d-40d0-843b-2a0f6a557046_thumbnail695.webp"", ""https://www.property.co.zw/uploadedfiles/91/e0/ee/91e0ee89-c9f2-471d-9479-d4e3b18d5d49_thumbnail695.webp"", ""https://www.property.co.zw/uploadedfiles/f2/d5/7c/f2d57caf-92ad-4a10-b2e7-a2f6accd9fa9_thumbnail695.webp"", ""https://www.property.co.zw/uploadedfiles/97/f9/33/97f93396-e375-4ee8-81e4-1e0f96c5b58a_thumbnail695.webp"", ""https://www.property.co.zw/uploadedfiles/34/82/04/34820470-b513-4d82-acc4-a97f78b9efbe_thumbnail695.webp"", ""https://www.property.co.zw/uploadedfiles/f1/e1/64/f1e16460-15f5-42c7-aef0-60256297f226_thumbnail695.webp"", ""https://www.property.co.zw/uploadedfiles/f6/5d/94/f65d9462-d204-4015-8325-000b81f893ff_thumbnail695.webp"", ""https://www.property.co.zw/uploadedfiles/54/78/d6/5478d68b-f13b-4d34-92e1-9bef45ac9716_thumbnail695.webp"", ""https://www.property.co.zw/uploadedfiles/02/86/f0/0286f00e-d135-4265-8bdb-f41ea9b6cebd_thumbnail695.webp"", ""https://www.property.co.zw/uploadedfiles/33/9c/13/339c1340-5c0f-4868-8086-55519cf7b5ad_thumbnail695.webp"", ""https://www.property.co.zw/uploadedfiles/88/8d/07/888d078f-3c33-4e51-9310-36b0c6cbb348_thumbnail695.webp"", ""https://www.property.co.zw/uploadedfiles/78/17/94/78179413-ee8d-4d33-9926-8508ba6b4def_thumbnail695.webp"", ""https://www.property.co.zw/uploadedfiles/7e/87/7e/7e877ec6-8e16-4b43-8a21-349c9a132a4f_thumbnail695.webp""]",2026-09-23T16:27:11,False,550000.0,,already USD,False,False,True,True,,False,False,False,False,False,False,False,False,False,False,False,False,False,False,False,False,False,False,False,True,False,False,False,False,0
DDN254858,https://www.property.co.zw/for-sale/houses-ddn254858,House suitable fir offices and redevelopment for Clusters ,550000.0,USD,Highlands,Harare North,Zimbabwe,"Highlands, Harare North, Harare",5,2.0,800.0,m²,3800.0,m²,"Spacious 5-bedroom, 2-bathroom family home for sale in desirable Highlands (Harare North) on a large 3,800 m² stand with 800 m² of built area — an excellent",2026-09-09,2026-09-09T10:21:30+02:00,Deridon,11,"[""https://www.property.co.zw/uploadedfiles/3b/2c/cb/3b2ccb24-7c69-4e5d-9775-b9e84ad0ef99_thumbnail695.webp"", ""https://www.property.co.zw/uploadedfiles/23/dc/6f/23dc6f12-68e7-4569-b8c7-3eb34512ad08_thumbnail695.webp"", ""https://www.property.co.zw/uploadedfiles/91/94/46/91944605-2177-4d91-8b43-42317f9c90d0_thumbnail695.webp"", ""https://www.property.co.zw/uploadedfiles/61/25/e4/6125e48b-f09b-4a26-8a7b-e869b46c2818_thumbnail695.webp"", ""https://www.property.co.zw/uploadedfiles/44/eb/51/44eb5177-9dba-42eb-b286-65dba6a8fe19_thumbnail695.webp"", ""https://www.property.co.zw/uploadedfiles/65/87/cb/6587cbf1-2a37-43f4-a59e-83d4a69c4777_thumbnail695.webp"", ""https://www.property.co.zw/uploadedfiles/6a/2a/5a/6a2a5a3b-ae00-48d8-89e7-a854a5691ba8_thumbnail695.webp"", ""https://www.property.co.zw/uploadedfiles/e1/f3/f7/e1f3f73d-ec9c-43e1-b4bd-5fac522c6587_thumbnail695.webp"", ""https://www.property.co.zw/uploadedfiles/df/dd/d0/dfddd019-73a5-4b43-87af-22f0a2ec85d5_thumbnail695.webp"", ""https://www.property.co.zw/uploadedfiles/4f/2f/c8/4f2fc816-da1c-483e-a564-8a4367e14f93_thumbnail695.webp"", ""https://www.property.co.zw/uploadedfiles/fa/01/77/fa0177ae-af83-4a6c-b1f8-aef545ae2e48_thumbnail695.webp""]",2026-09-23T16:27:16,False,550000.0,,already USD,False,False,True,True,,False,False,False,False,False,False,False,False,False,False,False,False,False,False,False,False,False,False,False,False,False,False,False,False,0
ft254831,https://www.property.co.zw/for-sale/houses-ft254831,"Renovated 4-Bed Gated Home in Dzivarasekwa, Harare",45000.0,USD,Dzivarasekwa,Harare High Density,Zimbabwe,"Dzivarasekwa, Harare High Density, Harare",4,2.0,,,,,"Dzivarasekwa 
4 beds, lounge and dining, kitchen, toilet and  shower, walled and gated, cession$45k",2026-09-08,2026-09-08T16:22:58+02:00,t15,5,"[""https://www.property.co.zw/uploadedfiles/9d/35/46/9d3546ad-3851-4e32-9568-b8ca1aae7185_thumbnail695.webp"", ""https://www.property.co.zw/uploadedfiles/69/40/4b/69404bc3-8b3e-4f49-a484-62d97b026978_thumbnail695.webp"", ""https://www.property.co.zw/uploadedfiles/62/01/5d/62015dc3-5d12-447d-ada5-8db9055d0c7f_thumbnail695.webp"", ""https://www.property.co.zw/uploadedfiles/81/d3/17/81d317ff-8013-4b98-bc5f-498a694eea25_thumbnail695.webp"", ""https://www.property.co.zw/uploadedfiles/d6/76/a4/d676a41a-b7b7-4143-8d89-1bd9f5f8e02e_thumbnail695.webp""]",2026-09-23T16:27:20,False,45000.0,,already USD,False,True,False,False,,False,False,False,False,True,False,False,False,False,False,False,False,False,False,False,False,False,False,False,False,False,False,False,True,0
PTK252134,https://www.property.co.zw/for-sale/houses-ptk252134,Exceptional Executive Home!!,165000.0,USD,Philadelphia,Harare North,Zimbabwe,"Philadelphia, Harare North, Harare",4,2.0,283.0,m²,800.0,m²,"
Welcome to a masterpiece of modern luxury and effortless comfort in one of Borrowdale’s most sought-after enclaves. This magnificent executive residence is",2026-07-23,2026-09-23T05:49:22+02:00,Property track,10,"[""https://www.property.co.zw/uploadedfiles/6b/9b/ca/6b9bcaaf-c011-4e18-865c-338a69ec7519_thumbnail695.webp"", ""https://www.property.co.zw/uploadedfiles/01/48/0e/01480eb5-5985-482f-83c6-36e5e2322d48_thumbnail695.webp"", ""https://www.property.co.zw/uploadedfiles/fb/4a/2f/fb4a2f39-0215-4555-a4b5-d6f6651f2ecd_thumbnail695.webp"", ""https://www.property.co.zw/uploadedfiles/2c/80/9e/2c809ec0-2670-4bad-8704-321042e3eb64_thumbnail695.webp"", ""https://www.property.co.zw/uploadedfiles/ee/dd/c7/eeddc771-4f28-422b-8231-504f7d5e8d52_thumbnail695.webp"", ""https://www.property.co.zw/uploadedfiles/1a/83/db/1a83dbb4-c0f7-4c38-8937-a4cbf0a53b9d_thumbnail695.webp"", ""https://www.property.co.zw/uploadedfiles/7b/1e/83/7b1e83ca-9b11-451c-9ffc-e2d3c7a9c6a5_thumbnail695.webp"", ""https://www.property.co.zw/uploadedfiles/7b/d2/15/7bd2157e-4010-49a3-8bce-2308f6ff5090_thumbnail695.webp"", ""https://www.property.co.zw/uploadedfiles/ce/2f/97/ce2f97d1-6a52-461c-a772-fc122377d8dc_thumbnail695.webp"", ""https://www.property.co.zw/uploadedfiles/d1/1a/fc/d11afc38-e8fe-43fc-9093-d5f21a1848a7_thumbnail695.webp""]",2026-09-23T16:27:24,False,165000.0,,already USD,False,False,True,True,,False,False,False,False,False,False,False,False,False,False,False,False,False,False,False,False,False,False,False,False,False,False,False,False,0
RWS241484,https://www.property.co.zw/for-sale/houses-rws241484,Luxury meets self sufficient!!,280000.0,USD,Arlington,Harare South,Zimbabwe,"Arlington, Harare South, Harare",4,5.0,210.0,m²,535.0,m²,"Arlington East, newly built house
-  4 bedrooms (main with walk-in closet, all ensuite, built-in cupboards)
- Modern fitted, open-plan lounge and dining
- ",2026-02-26,2026-08-23T10:13:18+02:00,Rawson Properties Harare,14,"[""https://www.property.co.zw/uploadedfiles/49/94/78/49947862-b1a1-4d2a-8825-725d26fdf9f9_thumbnail695.webp"", ""https://www.property.co.zw/uploadedfiles/ac/3c/2a/ac3c2a03-d9ba-4876-af9b-6f5f15f75995_thumbnail695.webp"", ""https://www.property.co.zw/uploadedfiles/99/49/d8/9949d84f-4da7-4c97-9daf-1060b532c26f_thumbnail695.webp"", ""https://www.property.co.zw/uploadedfiles/d3/d0/da/d3d0dab6-79cc-4def-ba18-96e98a31caf1_thumbnail695.webp"", ""https://www.property.co.zw/uploadedfiles/cb/5c/44/cb5c447d-368b-4e2d-8b38-1b00fc0e6672_thumbnail695.webp"", ""https://www.property.co.zw/uploadedfiles/99/be/6f/99be6fcb-3536-47b1-9f43-9c84f934a843_thumbnail695.webp"", ""https://www.property.co.zw/uploadedfiles/41/81/cd/4181cd65-c09d-49e5-9713-2fd1de1fab9c_thumbnail695.webp"", ""https://www.property.co.zw/uploadedfiles/89/10/41/89104131-eb31-47f7-9ebf-a233966d479e_thumbnail695.webp"", ""https://www.property.co.zw/uploadedfiles/6a/d9/b8/6ad9b882-f96c-4c1a-9c1e-e39e45628b31_thumbnail695.webp"", ""https://www.property.co.zw/uploadedfiles/19/c5/42/19c542de-3591-4cd5-888e-8fd154a89ab3_thumbnail695.webp"", ""https://www.property.co.zw/uploadedfiles/74/fd/2a/74fd2a60-1921-4749-a75c-d9c06765ad5b_thumbnail695.webp"", ""https://www.property.co.zw/uploadedfiles/cc/8a/f3/cc8af3c5-66e6-4972-9441-e768b2665a82_thumbnail695.webp"", ""https://www.property.co.zw/uploadedfiles/81/16/a4/8116a405-4715-41d9-b889-54f80a75e5da_thumbnail695.webp"", ""https://www.property.co.zw/uploadedfiles/e5/03/0c/e5030c1f-40de-45f2-b12b-1bce52ce77ca_thumbnail695.webp""]",2026-09-23T16:27:28,False,280000.0,,already USD,False,False,True,True,,False,False,False,False,False,False,False,False,False,False,False,False,False,False,False,False,False,False,False,True,True,False,False,False,0
t27255097,https://www.property.co.zw/for-sale/houses-t27255097,"Affordable Cottage in Retreat, Waterfalls",7500.0,USD,Waterfalls,Harare South,Zimbabwe,"Waterfalls, Harare South, Harare",1,1.0,60.0,m²,250.0,m²,"Well-priced 2 roomed cottage plus toilet for sale in Retreat,Waterfalls (Harare South) — a compact 60 m² building on a generous 250 m² stand offering excellent",2026-09-13,2026-09-13T07:01:31+02:00,Test27,6,"[""https://www.property.co.zw/uploadedfiles/19/48/bf/1948bf72-0129-4188-96d4-0aa08e40f208_thumbnail695.webp"", ""https://www.property.co.zw/uploadedfiles/88/29/f2/8829f2ef-250d-4ea8-89f9-2dea88e7e958_thumbnail695.webp"", ""https://www.property.co.zw/uploadedfiles/f4/df/ba/f4dfba9b-15cc-4965-9485-d71c401accdc_thumbnail695.webp"", ""https://www.property.co.zw/uploadedfiles/b7/14/cf/b714cf99-fc1b-4398-b07b-509d1680b606_thumbnail695.webp"", ""https://www.property.co.zw/uploadedfiles/80/b1/18/80b1181e-a636-494f-86f2-549885237f7d_thumbnail695.webp"", ""https://www.property.co.zw/uploadedfiles/27/09/63/270963e3-048f-48a4-990d-96e8163b9b4e_thumbnail695.webp""]",2026-09-23T16:27:32,False,7500.0,,already USD,False,False,True,True,"statistical price outlier within its suburb (log-price, 1.5xIQR rule) -- inspect manually, do not assume error",False,False,False,False,False,False,False,False,False,False,False,False,False,False,False,False,False,False,False,False,False,True,False,False,0
RWS255499,https://www.property.co.zw/for-sale/houses-rws255499,Finish to your own taste ,58000.0,USD,Fidelity,Harare South,Zimbabwe,"Fidelity, Harare South, Harare",3,2.0,220.0,m²,280.0,m²,"Solid family home in Fidelity, Harare South — 3 bedrooms, 2 bathrooms on a compact 280 m² stand with 220 m² of living space. This neat, tiled home offers a bright",2026-09-19,2026-09-22T13:37:24+02:00,Rawson Properties Harare,11,"[""https://www.property.co.zw/uploadedfiles/64/ba/ca/64baca81-09f4-4245-911a-bf7df744b3b0_thumbnail695.webp"", ""https://www.property.co.zw/uploadedfiles/24/78/89/24788997-c585-423a-bef4-bee43014de86_thumbnail695.webp"", ""https://www.property.co.zw/uploadedfiles/e4/9e/c2/e49ec2bc-00da-4492-a1a8-ba8aed85ccc8_thumbnail695.webp"", ""https://www.property.co.zw/uploadedfiles/ab/25/11/ab25112e-7388-42d9-a09d-76a5379dc0f8_thumbnail695.webp"", ""https://www.property.co.zw/uploadedfiles/a5/54/a0/a554a0fe-0dd9-495f-af07-84975f6556a1_thumbnail695.webp"", ""https://www.property.co.zw/uploadedfiles/8e/78/99/8e7899b1-7efe-4ff9-b2ef-d88f42eb0de1_thumbnail695.webp"", ""https://www.property.co.zw/uploadedfiles/b0/98/85/b09885ac-b17d-46cf-9761-2aa8f65c47d6_thumbnail695.webp"", ""https://www.property.co.zw/uploadedfiles/9e/6d/4d/9e6d4d35-b4b4-41a9-ab79-84673430484b_thumbnail695.webp"", ""https://www.property.co.zw/uploadedfiles/50/2a/09/502a0986-4717-422d-97a3-eaae6e4b9acc_thumbnail695.webp"", ""https://www.property.co.zw/uploadedfiles/6e/e8/23/6ee82306-ed6d-423c-8bea-8a8512bd1f2a_thumbnail695.webp"", ""https://www.property.co.zw/uploadedfiles/34/75/63/34756353-ad64-44de-a670-d4a703bd51f8_thumbnail695.webp""]",2026-09-23T16:27:36,False,58000.0,,already USD,False,False,True,True,,False,False,False,False,False,False,False,False,False,False,False,False,True,False,False,False,False,False,False,False,False,False,False,False,0
KNP251697,https://www.property.co.zw/for-sale/houses-knp251697,Mediterranean-Inspired Property with Prime Second Street Extension Frontage,400000.0,USD,Mount Pleasant,Harare North,Zimbabwe,"Mount Pleasant, Harare North, Harare",3,3.0,,,2025.0,m²,"Positioned on a corner stand off Second Street Extension, is this distinctive property combining character, versatility, and an exceptional location with excellent",2026-07-18,2026-08-27T12:33:42+02:00,Kennan Properties,23,"[""https://www.property.co.zw/uploadedfiles/ef/2e/96/ef2e9688-3886-4bb7-b1f3-a22bd07f7bcc_thumbnail695.webp"", ""https://www.property.co.zw/uploadedfiles/7f/d2/10/7fd210a4-33d5-41f7-b16f-db2d8c94c337_thumbnail695.webp"", ""https://www.property.co.zw/uploadedfiles/ec/ff/83/ecff8337-9479-435d-a4c1-537150008290_thumbnail695.webp"", ""https://www.property.co.zw/uploadedfiles/2d/37/e7/2d37e75a-70bc-4a75-bb58-4476778aafdc_thumbnail695.webp"", ""https://www.property.co.zw/uploadedfiles/d6/88/18/d68818c7-18be-46e8-a499-f289a72547cb_thumbnail695.webp"", ""https://www.property.co.zw/uploadedfiles/77/f6/20/77f62038-40c1-40de-b0b0-149c19e8d90e_thumbnail695.webp"", ""https://www.property.co.zw/uploadedfiles/d6/ce/29/d6ce2903-b123-4da9-91a7-e6741a5d940a_thumbnail695.webp"", ""https://www.property.co.zw/uploadedfiles/45/b6/0b/45b60b26-af30-4639-bae9-6f1ead830c15_thumbnail695.webp"", ""https://www.property.co.zw/uploadedfiles/60/24/0a/60240a74-e9ae-4230-b006-1c351cfe24ac_thumbnail695.webp"", ""https://www.property.co.zw/uploadedfiles/80/16/b3/8016b396-9723-4529-aa8a-2c180031ec2a_thumbnail695.webp"", ""https://www.property.co.zw/uploadedfiles/77/e1/ec/77e1ecbb-acd4-4db7-85a6-856c8a235746_thumbnail695.webp"", ""https://www.property.co.zw/uploadedfiles/ab/0c/82/ab0c8250-b9ac-4d8f-869d-e6f9781c2160_thumbnail695.webp"", ""https://www.property.co.zw/uploadedfiles/02/6f/68/026f68b0-5499-41b6-91eb-97c7db9b172a_thumbnail695.webp"", ""https://www.property.co.zw/uploadedfiles/39/31/cc/3931cc01-4207-4f10-92d5-2b4666154b7d_thumbnail695.webp"", ""https://www.property.co.zw/uploadedfiles/29/52/17/29521709-f971-409f-a79c-dd7a44adbf31_thumbnail695.webp"", ""https://www.property.co.zw/uploadedfiles/45/32/45/45324590-d945-4536-a2fb-1851c9a73b2a_thumbnail695.webp"", ""https://www.property.co.zw/uploadedfiles/f6/e7/39/f6e7394d-e89c-43ce-8f70-1940ca3744b7_thumbnail695.webp"", ""https://www.property.co.zw/uploadedfiles/80/dd/d6/80ddd646-ec6b-4d89-a432-5f313c02cbc9_thumbnail695.webp"", ""https://www.property.co.zw/uploadedfiles/a8/05/fb/a805fbd8-6008-4b72-8315-9c1f1a1f8cef_thumbnail695.webp"", ""https://www.property.co.zw/uploadedfiles/50/b3/05/50b30574-e049-4c24-95e4-802ec7da0da8_thumbnail695.webp"", ""https://www.property.co.zw/uploadedfiles/48/3d/68/483d680c-ff8a-49c2-b379-6810fe9effd2_thumbnail695.webp"", ""https://www.property.co.zw/uploadedfiles/5a/df/3c/5adf3c27-5466-4e1c-9043-cf07fa48ca9a_thumbnail695.webp"", ""https://www.property.co.zw/uploadedfiles/0c/34/55/0c3455c2-0958-41a6-af52-e1ff409c0425_thumbnail695.webp""]",2026-09-23T16:27:41,False,400000.0,,already USD,False,False,True,False,,False,False,False,False,False,False,False,False,False,False,False,False,False,False,False,False,False,False,False,False,False,False,False,False,0
GRM243176,https://www.property.co.zw/for-sale/houses-grm243176,Beautiful Avondale West house for sale,300000.0,USD,Avondale West,Harare West,Zimbabwe,"Avondale West, Harare West, Harare",3,2.0,120.0,m²,793.0,m²,"3 bedrooms, main ensuite, fitted kitchen, dining room, lounge, bathroom, toilet, carport, water tanks, solar back up, borehole, electric fence alarm, walled and",2026-03-20,2026-05-15T14:20:51+02:00,Graham and Douglas Real Estate,12,"[""https://www.property.co.zw/uploadedfiles/d1/96/10/d1961085-66ac-4aad-b30d-ca97ef974e65_thumbnail695.webp"", ""https://www.property.co.zw/uploadedfiles/7a/c2/a2/7ac2a2a8-d944-420b-81e3-3fd878ca4152_thumbnail695.webp"", ""https://www.property.co.zw/uploadedfiles/44/48/c3/4448c37b-b59c-47b0-97ce-6757c823967c_thumbnail695.webp"", ""https://www.property.co.zw/uploadedfiles/0d/58/a1/0d58a1fb-7f08-49f1-b386-469071305612_thumbnail695.webp"", ""https://www.property.co.zw/uploadedfiles/de/fe/68/defe686a-2bcc-4685-a060-1d6d88e438e6_thumbnail695.webp"", ""https://www.property.co.zw/uploadedfiles/f0/41/bf/f041bf8a-9af7-4d28-b503-e5698a10e8cf_thumbnail695.webp"", ""https://www.property.co.zw/uploadedfiles/ea/e7/29/eae729f9-168a-4e8b-8de9-ec418147c698_thumbnail695.webp"", ""https://www.property.co.zw/uploadedfiles/0d/3e/fa/0d3efae6-029c-40a4-b366-0fc5b7f0b499_thumbnail695.webp"", ""https://www.property.co.zw/uploadedfiles/0e/22/51/0e22513c-c0f5-4689-8ecd-498718b84681_thumbnail695.webp"", ""https://www.property.co.zw/uploadedfiles/04/9e/67/049e6756-b426-4631-a937-4644bfb87b89_thumbnail695.webp"", ""https://www.property.co.zw/uploadedfiles/c9/62/b7/c962b7e2-8c7c-43d3-b570-a1f5c8bfd2e9_thumbnail695.webp"", ""https://www.property.co.zw/uploadedfiles/df/5c/59/df5c59ed-2ec3-4014-a48b-2ba19b15eb4a_thumbnail695.webp""]",2026-09-23T16:27:45,False,300000.0,,already USD,False,True,True,True,,False,False,False,False,True,False,True,False,False,False,True,False,False,False,True,False,False,True,False,True,False,False,False,False,0
GAT245488,https://www.property.co.zw/for-sale/houses-gat245488, FOR SALE- Prime Investment Property for in Waterfalls,200000.0,USD,Waterfalls,Harare South,Zimbabwe,"Waterfalls, Harare South, Harare",7,3.0,1000.0,m²,,2000," 
Well-positioned and spacious property on 2,000sqm, ideal for investment or extended family living. This complete house is divided into 3 self-contained units,",2026-04-23,2026-05-11T11:01:26+02:00,Guest and Tanner Real Estate,20,"[""https://www.property.co.zw/uploadedfiles/15/71/4e/15714e49-41f9-49d6-b84f-a6a6dd0674f0_thumbnail695.webp"", ""https://www.property.co.zw/uploadedfiles/b3/02/c9/b302c9e2-ba4f-411e-9b3a-09a3ca04b058_thumbnail695.webp"", ""https://www.property.co.zw/uploadedfiles/5c/8f/86/5c8f8628-d985-4203-8f7a-a0ff636c5628_thumbnail695.webp"", ""https://www.property.co.zw/uploadedfiles/18/2b/e2/182be24c-2e67-4cd5-b178-d66fd00c570c_thumbnail695.webp"", ""https://www.property.co.zw/uploadedfiles/dd/75/ba/dd75ba22-0efd-43f3-93da-a6a7f72c512d_thumbnail695.webp"", ""https://www.property.co.zw/uploadedfiles/86/72/7e/86727ef2-1b91-4aad-960c-ead3ccb153aa_thumbnail695.webp"", ""https://www.property.co.zw/uploadedfiles/00/8d/4e/008d4e72-5011-4516-90f7-73f8262b7ce9_thumbnail695.webp"", ""https://www.property.co.zw/uploadedfiles/85/ba/6b/85ba6b8d-7201-4e7c-bad2-1ebdde119812_thumbnail695.webp"", ""https://www.property.co.zw/uploadedfiles/2c/ea/60/2cea60ae-adb0-4802-8824-ac3a2d82b57e_thumbnail695.webp"", ""https://www.property.co.zw/uploadedfiles/15/86/31/158631e5-4bd5-4fbb-9f36-19e105af0a99_thumbnail695.webp"", ""https://www.property.co.zw/uploadedfiles/96/5b/73/965b73a6-0902-40b4-8977-c4c9789dd5cc_thumbnail695.webp"", ""https://www.property.co.zw/uploadedfiles/71/b2/00/71b200e7-c4b2-48de-962d-36eb012725ed_thumbnail695.webp"", ""https://www.property.co.zw/uploadedfiles/08/4d/d8/084dd84f-4f66-4ca1-8a01-d18ad047e310_thumbnail695.webp"", ""https://www.property.co.zw/uploadedfiles/5e/1e/3c/5e1e3c1e-fb0e-4d63-a7de-947ab5a20101_thumbnail695.webp"", ""https://www.property.co.zw/uploadedfiles/9c/d3/7b/9cd37b74-6200-4642-90c8-05955b58c236_thumbnail695.webp"", ""https://www.property.co.zw/uploadedfiles/63/7e/7c/637e7cb5-96c4-4c47-9c14-712baeb1dc6c_thumbnail695.webp"", ""https://www.property.co.zw/uploadedfiles/4f/1c/2e/4f1c2ecb-7588-41c6-95f4-5dd5758c414e_thumbnail695.webp"", ""https://www.property.co.zw/uploadedfiles/89/30/62/89306222-b8d5-4572-9c3c-dfbfb83e54b7_thumbnail695.webp"", ""https://www.property.co.zw/uploadedfiles/e4/1e/d2/e41ed273-053e-485f-8074-cd7c13c52141_thumbnail695.webp"", ""https://www.property.co.zw/uploadedfiles/77/1f/64/771f644e-5d81-454f-a79b-0755af6b712e_thumbnail695.webp""]",2026-09-23T16:27:49,False,200000.0,,already USD,False,False,False,True,,False,False,False,False,False,False,False,False,False,False,False,False,False,False,False,False,False,False,False,False,False,False,False,False,0
PRN242284,https://www.property.co.zw/for-sale/houses-prn242284,"House For Sale In Norton, Knowe ",145000.0,USD,Knowe,Norton,Zimbabwe,"Knowe, Norton, Mashonaland West",4,3.0,400.0,m²,2278.0,m²,"A 4-bedroom residence is available for purchase in Norton Knowe, featuring a master bedroom with an en-suite bathroom and built-in wardrobes. The property boasts a",2026-03-10,2026-07-07T09:45:28+02:00,Perennial Real Estate,12,"[""https://www.property.co.zw/uploadedfiles/db/5c/2e/db5c2e21-4ce9-4b30-b5c9-50d79df69a5e_thumbnail695.webp"", ""https://www.property.co.zw/uploadedfiles/4b/75/86/4b75868f-8d82-4e85-a9e5-faf2bc02234f_thumbnail695.webp"", ""https://www.property.co.zw/uploadedfiles/bd/4a/76/bd4a766e-62f5-4fdc-9d77-4db4745277ce_thumbnail695.webp"", ""https://www.property.co.zw/uploadedfiles/87/06/5e/87065e8c-bd40-4c46-a2c7-e28c1695813a_thumbnail695.webp"", ""https://www.property.co.zw/uploadedfiles/24/92/d2/2492d2ab-c20c-4304-ac88-8d119d733e56_thumbnail695.webp"", ""https://www.property.co.zw/uploadedfiles/a7/0b/4a/a70b4a67-b519-4428-8e15-84e0ac7efc15_thumbnail695.webp"", ""https://www.property.co.zw/uploadedfiles/10/4e/c0/104ec0c6-8c39-4676-b70a-0164e9946e06_thumbnail695.webp"", ""https://www.property.co.zw/uploadedfiles/0c/34/cf/0c34cf49-4d22-4ebd-914a-99d26f2880f1_thumbnail695.webp"", ""https://www.property.co.zw/uploadedfiles/67/21/59/672159e3-2eee-4b2e-8946-178f581bbe54_thumbnail695.webp"", ""https://www.property.co.zw/uploadedfiles/3e/a2/5d/3ea25d5b-e3e6-475b-a4a0-4a0b93bf48c5_thumbnail695.webp"", ""https://www.property.co.zw/uploadedfiles/d8/8b/5e/d88b5e39-23f1-47e1-b303-66e4927a4984_thumbnail695.webp"", ""https://www.property.co.zw/uploadedfiles/1e/59/c6/1e59c661-71ee-4057-b932-d0161b215dbf_thumbnail695.webp""]",2026-09-23T16:27:53,False,145000.0,,already USD,False,True,True,True,,False,False,False,False,False,False,False,False,False,False,False,False,False,False,False,False,False,False,False,True,False,False,False,False,0
SEF254618,https://www.property.co.zw/for-sale/houses-sef254618,Fairview Elegance | Spacious 4-Bedroom Home with a Fresh Mint Finish,290000.0,USD,Fairview,Harare West,Zimbabwe,"Fairview, Harare West, Harare",4,4.0,500.0,m²,1362.0,m²,"Contemporary Luxury Living in Fairview, Harare West
An exceptional 4-bedroom, 3-bathroom contemporary home set on a generous 1,362 m² stand, offering",2026-09-03,2026-09-21T09:45:49+02:00,Seeff Zimbabwe,24,"[""https://www.property.co.zw/uploadedfiles/37/a5/3f/37a53ff6-38a1-419d-b6bf-ed93b77ff03b_thumbnail695.webp"", ""https://www.property.co.zw/uploadedfiles/96/d3/75/96d375f3-70ce-4cb8-8803-ea65081d4774_thumbnail695.webp"", ""https://www.property.co.zw/uploadedfiles/71/3e/fc/713efc70-2570-4700-b84d-01f8735b28c1_thumbnail695.webp"", ""https://www.property.co.zw/uploadedfiles/da/9c/b5/da9cb579-2dc9-41ae-b945-cc504192de81_thumbnail695.webp"", ""https://www.property.co.zw/uploadedfiles/fc/b3/a0/fcb3a082-9490-45cd-9fae-c5daa1a85fc4_thumbnail695.webp"", ""https://www.property.co.zw/uploadedfiles/09/96/09/099609ee-cf8f-40c3-868a-0ee8f1b7fb44_thumbnail695.webp"", ""https://www.property.co.zw/uploadedfiles/f3/0f/4a/f30f4a3c-ef25-4c42-aaf0-f32f67692cb7_thumbnail695.webp"", ""https://www.property.co.zw/uploadedfiles/b6/c0/05/b6c00534-479d-48b1-85fd-643a8dfbbaf8_thumbnail695.webp"", ""https://www.property.co.zw/uploadedfiles/b9/f5/4b/b9f54b8e-071e-4b92-a800-dbc96bb4754f_thumbnail695.webp"", ""https://www.property.co.zw/uploadedfiles/e7/9d/97/e79d97e6-3b2a-44e7-aefb-a18cb4508ebf_thumbnail695.webp"", ""https://www.property.co.zw/uploadedfiles/5f/83/84/5f83841d-2c5c-439c-b278-343e4d66b958_thumbnail695.webp"", ""https://www.property.co.zw/uploadedfiles/b9/fc/fc/b9fcfc4a-43bd-4163-9a09-01e630406027_thumbnail695.webp"", ""https://www.property.co.zw/uploadedfiles/a2/d7/fa/a2d7fa7b-ad0d-47c7-bd18-dca4123b86de_thumbnail695.webp"", ""https://www.property.co.zw/uploadedfiles/57/ed/18/57ed1847-c87b-4938-a6e3-371cd12e2c24_thumbnail695.webp"", ""https://www.property.co.zw/uploadedfiles/01/3f/7b/013f7b6f-6e6d-4e49-a167-d691fe8ef50d_thumbnail695.webp"", ""https://www.property.co.zw/uploadedfiles/c9/36/f5/c936f5d2-2131-4b55-ab87-5ceef5b9a37b_thumbnail695.webp"", ""https://www.property.co.zw/uploadedfiles/dc/99/9c/dc999c85-de59-4832-b4ff-1b80adab108a_thumbnail695.webp"", ""https://www.property.co.zw/uploadedfiles/f7/54/4e/f7544e2e-3a52-41a5-88b0-fd7493df4979_thumbnail695.webp"", ""https://www.property.co.zw/uploadedfiles/2c/57/61/2c57612d-b422-4f86-ae42-c6e67ddb16bf_thumbnail695.webp"", ""https://www.property.co.zw/uploadedfiles/c0/fc/e9/c0fce93f-56cc-45e0-8e4d-e3bd81f0a33b_thumbnail695.webp"", ""https://www.property.co.zw/uploadedfiles/85/7e/b4/857eb461-63db-48a7-86c6-e9b4ec1a00a2_thumbnail695.webp"", ""https://www.property.co.zw/uploadedfiles/b1/4f/74/b14f748e-01fc-4e5d-9667-b60d3e89553d_thumbnail695.webp"", ""https://www.property.co.zw/uploadedfiles/7b/77/9a/7b779aa4-bf3d-4fba-a2e2-6de5ec90ddbc_thumbnail695.webp"", ""https://www.property.co.zw/uploadedfiles/ad/d4/44/add4443a-806f-41cd-9106-1487fe874026_thumbnail695.webp""]",2026-09-23T16:27:57,False,290000.0,,already USD,False,False,True,True,,False,False,False,False,False,False,False,False,False,False,False,False,False,False,False,False,False,False,False,False,False,False,False,False,0
GBY252889,https://www.property.co.zw/for-sale/houses-gby252889,Comfortable family double storey home,490000.0,USD,Northwood,Harare North,Zimbabwe,"Northwood, Harare North, Harare",4,2.0,240.0,m²,4000.0,m²,"Comprising of a lovely sun lounge, cosy formal lounge with fireplace, separate dining room, kitchen, scullery, study, downstairs -  4 bedrooms, 2 bathrooms",2026-08-05,2026-09-18T13:44:20+02:00,Gatsby Real Estate,17,"[""https://www.property.co.zw/uploadedfiles/dc/fe/aa/dcfeaaea-eeb2-4961-8f6e-dc80cbcabba3_thumbnail695.webp"", ""https://www.property.co.zw/uploadedfiles/e9/d4/55/e9d45515-52e1-45d9-b44a-a251052c3543_thumbnail695.webp"", ""https://www.property.co.zw/uploadedfiles/9e/41/a8/9e41a875-2a28-4aae-8812-fbc55e06de77_thumbnail695.webp"", ""https://www.property.co.zw/uploadedfiles/d4/cb/bc/d4cbbc54-489f-4d69-b130-b3567dd9d964_thumbnail695.webp"", ""https://www.property.co.zw/uploadedfiles/6b/a4/02/6ba402c4-333d-4ad7-ba44-8d596cff62de_thumbnail695.webp"", ""https://www.property.co.zw/uploadedfiles/44/40/28/44402851-2e22-428c-bab9-520f242f9f17_thumbnail695.webp"", ""https://www.property.co.zw/uploadedfiles/3b/ba/ad/3bbaad8b-f4f0-40cc-a343-9bc1219f53ab_thumbnail695.webp"", ""https://www.property.co.zw/uploadedfiles/fd/0f/0d/fd0f0d91-14d2-45a3-ad48-e557cd313685_thumbnail695.webp"", ""https://www.property.co.zw/uploadedfiles/63/06/eb/6306ebd4-4f40-4f6f-bc9d-fba14f55f3b7_thumbnail695.webp"", ""https://www.property.co.zw/uploadedfiles/55/85/d0/5585d017-78cd-462c-9fd9-a685cba3338a_thumbnail695.webp"", ""https://www.property.co.zw/uploadedfiles/57/bd/90/57bd90a0-d7e3-4dfb-8fff-ff6f0ea860f7_thumbnail695.webp"", ""https://www.property.co.zw/uploadedfiles/e9/83/55/e9835545-e352-4aea-98fe-7fbbf0593f24_thumbnail695.webp"", ""https://www.property.co.zw/uploadedfiles/10/15/f9/1015f9a8-006d-4e49-be6d-b5f1550cafb5_thumbnail695.webp"", ""https://www.property.co.zw/uploadedfiles/0e/ea/91/0eea913f-5049-4444-ba93-1ca492c336f2_thumbnail695.webp"", ""https://www.property.co.zw/uploadedfiles/02/00/49/02004965-2f95-4685-a153-ecc55cee4f5e_thumbnail695.webp"", ""https://www.property.co.zw/uploadedfiles/b3/15/3b/b3153b6f-5a2a-476c-ac54-90c17dae3ad0_thumbnail695.webp"", ""https://www.property.co.zw/uploadedfiles/54/26/e0/5426e035-0a93-479f-bc8c-b49f4fe73a25_thumbnail695.webp""]",2026-09-23T16:28:01,False,490000.0,,already USD,False,False,True,True,,False,False,False,False,False,False,False,False,False,False,False,False,False,False,False,False,False,False,False,False,False,False,False,False,0
PPK209286,https://www.property.co.zw/for-sale/houses-ppk209286,Modern 6-Bed Mount Pleasant Heights Home - Borehole & Stylish Finishes,300000.0,USD,Mount Pleasant Heights,Harare North,Zimbabwe,"Mount Pleasant Heights, Harare North, Harare",6,5.0,400.0,m²,1900.0,m²,"Stunning contemporary family home in Mount Pleasant Heights, Harare North — a spacious 6-bedroom residence on a generous 1,900 m² stand with 400 m² of modern",2024-12-11,2026-04-28T16:44:54+02:00,Property Peak,16,"[""https://www.property.co.zw/uploadedfiles/a6/32/5c/a6325c9f-b54e-4f20-b846-228fc094160c_thumbnail695.webp"", ""https://www.property.co.zw/uploadedfiles/63/72/49/63724948-4242-4c91-b554-f174699727f8_thumbnail695.webp"", ""https://www.property.co.zw/uploadedfiles/1b/52/de/1b52de90-1b9d-4d8f-9a1d-ec3380f91cba_thumbnail695.webp"", ""https://www.property.co.zw/uploadedfiles/6e/e5/44/6ee544fc-d5ef-48b9-8918-7f80e0cf65c1_thumbnail695.webp"", ""https://www.property.co.zw/uploadedfiles/c7/f0/aa/c7f0aaf3-3551-4840-986c-da4d6d3ceb1a_thumbnail695.webp"", ""https://www.property.co.zw/uploadedfiles/15/29/77/152977d5-4794-4798-a30a-65e3f2afa6c9_thumbnail695.webp"", ""https://www.property.co.zw/uploadedfiles/03/52/33/035233af-b29c-4d96-ae88-a298c8d2c19b_thumbnail695.webp"", ""https://www.property.co.zw/uploadedfiles/89/30/54/89305427-373e-49c8-9d31-4976b45d2d69_thumbnail695.webp"", ""https://www.property.co.zw/uploadedfiles/58/57/22/585722ec-d1fe-4472-8172-3ffd44f0046b_thumbnail695.webp"", ""https://www.property.co.zw/uploadedfiles/cb/a2/36/cba23698-0382-4da1-818a-7f86ce884cf7_thumbnail695.webp"", ""https://www.property.co.zw/uploadedfiles/5d/c5/c4/5dc5c402-245f-43e1-8316-6b18a2671fbb_thumbnail695.webp"", ""https://www.property.co.zw/uploadedfiles/fa/e9/75/fae975b2-952f-4981-9338-a0ef18bdad59_thumbnail695.webp"", ""https://www.property.co.zw/uploadedfiles/07/fd/7b/07fd7b14-34b5-4c3f-9f3a-271fce6c67b0_thumbnail695.webp"", ""https://www.property.co.zw/uploadedfiles/48/e3/85/48e3850f-aa2a-4553-8b4a-2a453d3535c1_thumbnail695.webp"", ""https://www.property.co.zw/uploadedfiles/ba/ea/3e/baea3ef6-1eeb-4475-98f0-a8b02c387144_thumbnail695.webp"", ""https://www.property.co.zw/uploadedfiles/bf/dd/c6/bfddc6f0-4ba9-408d-899c-e84d91b74ca8_thumbnail695.webp""]",2026-09-23T16:28:05,False,300000.0,,already USD,False,True,True,True,,False,False,False,False,False,False,False,False,False,False,False,False,False,False,False,False,False,False,False,False,False,False,False,False,0
JSPP239125,https://www.property.co.zw/for-sale/houses-jspp239125,Luxury home for sale!,1500000.0,USD,Mount Pleasant,Harare North,Zimbabwe,"Mount Pleasant, Harare North, Harare",9,8.0,1000.0,m²,4051.0,m²,"Exceptional Mount Pleasant family estate on 4,051 m² with approximately 1,000 m² of living space — a striking yellow-and-turquoise residence offering 9 bedrooms",2026-01-28,2026-08-20T09:25:59+02:00,Just Property,15,"[""https://www.property.co.zw/uploadedfiles/cb/1e/21/cb1e21ef-1274-4aaf-9af7-0a3718791da8_thumbnail695.webp"", ""https://www.property.co.zw/uploadedfiles/e0/a0/23/e0a023d8-6021-4ce7-ae7a-36f0f172fe42_thumbnail695.webp"", ""https://www.property.co.zw/uploadedfiles/b2/de/5c/b2de5c7f-18a6-4fcd-a1b1-c3e223ef9588_thumbnail695.webp"", ""https://www.property.co.zw/uploadedfiles/5d/db/14/5ddb141b-d6e5-4b2a-829b-98ae5bfbe188_thumbnail695.webp"", ""https://www.property.co.zw/uploadedfiles/a8/6d/36/a86d360f-4e72-417f-9844-e303804ec709_thumbnail695.webp"", ""https://www.property.co.zw/uploadedfiles/4d/b8/49/4db849cc-b2ce-4838-ba72-6c59da14ab02_thumbnail695.webp"", ""https://www.property.co.zw/uploadedfiles/5a/97/01/5a970164-d2aa-49ee-9638-11f24eb4b313_thumbnail695.webp"", ""https://www.property.co.zw/uploadedfiles/4f/d1/c1/4fd1c189-441e-40e8-a3a8-43731c32b0c1_thumbnail695.webp"", ""https://www.property.co.zw/uploadedfiles/74/5c/0b/745c0b44-24ff-40eb-911f-b012a87b0730_thumbnail695.webp"", ""https://www.property.co.zw/uploadedfiles/8a/b3/42/8ab34256-eca7-4cdc-9ad5-3054cbdbc3a1_thumbnail695.webp"", ""https://www.property.co.zw/uploadedfiles/1b/af/eb/1bafebf5-ac03-4b7c-947e-98ba463519eb_thumbnail695.webp"", ""https://www.property.co.zw/uploadedfiles/43/65/21/4365210f-0c31-4f96-a017-9651afcc5337_thumbnail695.webp"", ""https://www.property.co.zw/uploadedfiles/79/48/91/794891ea-cccc-41ba-b6b2-6aec08b7131d_thumbnail695.webp"", ""https://www.property.co.zw/uploadedfiles/88/69/30/88693060-63bb-43d3-af4f-61e65f00e7ac_thumbnail695.webp"", ""https://www.property.co.zw/uploadedfiles/7d/f6/85/7df685fe-aa5e-4cd8-a81e-9f3e5637781f_thumbnail695.webp""]",2026-09-23T16:28:09,False,1500000.0,,already USD,False,False,True,True,,False,False,False,False,False,False,False,False,False,False,False,False,False,False,False,False,False,False,False,False,False,False,False,False,0
SEF251950,https://www.property.co.zw/for-sale/houses-sef251950,Old Windsor,220000.0,USD,Old Windsor,Ruwa,Zimbabwe,"Old Windsor, Ruwa, Mashonaland East",4,2.0,180.0,m²,4250.0,m²,"Charming single-storey family home on a generous 4,250 m² stand in Old Windsor, Ruwa — 180 m² of living space with 4 bedrooms and 2 bathrooms. The exterior",2026-07-21,2026-07-21T17:32:27+02:00,Seeff Zimbabwe,21,"[""https://www.property.co.zw/uploadedfiles/96/b8/ef/96b8ef39-4b74-4560-9895-74fdb1eb5552_thumbnail695.webp"", ""https://www.property.co.zw/uploadedfiles/ac/57/68/ac576866-fb35-4a1b-b754-2add4028ed32_thumbnail695.webp"", ""https://www.property.co.zw/uploadedfiles/c0/80/ab/c080ab2a-5c49-4c00-a396-deab7eed1ecb_thumbnail695.webp"", ""https://www.property.co.zw/uploadedfiles/e2/f7/68/e2f76865-e52b-43cd-8637-eca8a21fbc79_thumbnail695.webp"", ""https://www.property.co.zw/uploadedfiles/65/92/36/6592365b-70f6-43ac-a617-6b6328b1d9fe_thumbnail695.webp"", ""https://www.property.co.zw/uploadedfiles/ee/c9/82/eec982e7-dc3e-4b57-90b3-b76a0d30a2b6_thumbnail695.webp"", ""https://www.property.co.zw/uploadedfiles/35/66/ee/3566eef9-b958-4ac6-8a0f-e63500620796_thumbnail695.webp"", ""https://www.property.co.zw/uploadedfiles/26/fd/60/26fd603a-5fc0-444b-a61d-418d6b87791e_thumbnail695.webp"", ""https://www.property.co.zw/uploadedfiles/8c/65/2a/8c652a41-5869-42cc-a9d7-f0ddfee79007_thumbnail695.webp"", ""https://www.property.co.zw/uploadedfiles/96/5b/59/965b59a0-4f3a-43c8-81d5-eaa9df8be19c_thumbnail695.webp"", ""https://www.property.co.zw/uploadedfiles/ee/1c/5d/ee1c5d57-82be-43e8-b3fd-0290b946fc8d_thumbnail695.webp"", ""https://www.property.co.zw/uploadedfiles/40/0d/cf/400dcfb1-bb8c-4fa2-9fdf-f25ec3ba3e67_thumbnail695.webp"", ""https://www.property.co.zw/uploadedfiles/6a/9d/34/6a9d342b-da44-4d3c-b8e0-75300c6ee562_thumbnail695.webp"", ""https://www.property.co.zw/uploadedfiles/20/13/f6/2013f66a-a28c-4570-998e-a85662a9400a_thumbnail695.webp"", ""https://www.property.co.zw/uploadedfiles/df/de/2f/dfde2f87-7a81-4bbb-9e10-def7199c9e78_thumbnail695.webp"", ""https://www.property.co.zw/uploadedfiles/10/c3/99/10c399b4-5ba1-41b9-bb9c-846533e0bcf3_thumbnail695.webp"", ""https://www.property.co.zw/uploadedfiles/61/2b/62/612b62d2-b2a6-41db-8519-e9f257ab7fc6_thumbnail695.webp"", ""https://www.property.co.zw/uploadedfiles/68/6f/30/686f3070-413e-46d5-b814-ea1e25f248aa_thumbnail695.webp"", ""https://www.property.co.zw/uploadedfiles/49/fd/4a/49fd4aff-90aa-4b6c-8cf5-e17791f5e3fe_thumbnail695.webp"", ""https://www.property.co.zw/uploadedfiles/f0/29/c0/f029c09d-f3c3-48c3-8564-ddf8a076598b_thumbnail695.webp"", ""https://www.property.co.zw/uploadedfiles/0a/64/9d/0a649d3c-1ade-4e72-86e3-6ff08ae88ebf_thumbnail695.webp""]",2026-09-23T16:28:13,False,220000.0,,already USD,False,False,True,True,,False,False,False,False,False,False,False,False,False,False,False,False,False,False,False,False,False,False,False,False,False,False,False,False,0
GAT251127,https://www.property.co.zw/for-sale/houses-gat251127,Prime Eastlea Property | Commercial or Residential Potential,225000.0,USD,Eastlea,Harare East,Zimbabwe,"Eastlea, Harare East, Harare",5,2.0,200.0,m²,,2526,"Versatile property on a 2,526m² stand, ideally suited for commercial or residential use, located along Glenara Road in the sought-after suburb of",2026-07-10,2026-08-18T10:40:13+02:00,Guest and Tanner Real Estate,13,"[""https://www.property.co.zw/uploadedfiles/d9/f6/f4/d9f6f4b5-440a-4b4a-91d8-7e604af50ace_thumbnail695.webp"", ""https://www.property.co.zw/uploadedfiles/1a/7e/23/1a7e23a2-9c19-4e6c-8ee6-611cc01da574_thumbnail695.webp"", ""https://www.property.co.zw/uploadedfiles/ac/33/d3/ac33d3c6-e547-4e32-9fb5-304af2498b78_thumbnail695.webp"", ""https://www.property.co.zw/uploadedfiles/21/20/cf/2120cf82-a35c-449c-858a-d0aa2af66cd5_thumbnail695.webp"", ""https://www.property.co.zw/uploadedfiles/9a/be/40/9abe405d-6cda-499d-b0a2-7e987cc801df_thumbnail695.webp"", ""https://www.property.co.zw/uploadedfiles/95/de/97/95de97ac-5b96-481c-9543-8882d96f2e99_thumbnail695.webp"", ""https://www.property.co.zw/uploadedfiles/73/e6/d2/73e6d240-67b0-4048-8f6a-0ea6a2dae96f_thumbnail695.webp"", ""https://www.property.co.zw/uploadedfiles/df/cd/7b/dfcd7b24-57d7-4fee-926e-594ad3d390ba_thumbnail695.webp"", ""https://www.property.co.zw/uploadedfiles/97/29/0c/97290ce9-afc6-4313-960e-8a4a839f1884_thumbnail695.webp"", ""https://www.property.co.zw/uploadedfiles/61/97/95/6197955c-49da-49cc-bf7f-e847b0c40bb8_thumbnail695.webp"", ""https://www.property.co.zw/uploadedfiles/7e/93/3b/7e933bbb-d4a7-41b4-94f0-a4d981a74fe6_thumbnail695.webp"", ""https://www.property.co.zw/uploadedfiles/b1/9e/81/b19e817e-4627-4ba4-b530-9b524a007368_thumbnail695.webp"", ""https://www.property.co.zw/uploadedfiles/0c/7a/6f/0c7a6f06-ab05-4edd-8c8b-bb79aca4b5dd_thumbnail695.webp""]",2026-09-23T16:28:17,False,225000.0,,already USD,False,True,False,True,,False,False,False,False,False,False,False,False,False,False,False,False,False,False,False,False,False,False,False,False,False,False,False,False,0
LEG238392,https://www.property.co.zw/for-sale/houses-leg238392,Finish to Your Taste – Double Storey Home in Sandton Phase 1,140000.0,USD,Sandton Park,Harare West,Zimbabwe,"Sandton Park, Harare West, Harare",6,2.0,2000.0,m²,1200.0,m²,"Incomplete double-storey house for sale in Sandton Phase 1, set on a generous 2,000sqm stand and offered on cession at an asking price of US$160,000. The ground",2026-01-20,2026-07-28T08:54:03+02:00,Legacy Real Estate,1,"[""https://www.property.co.zw/uploadedfiles/9b/c0/bc/9bc0bc82-6237-4345-a6b0-ca81d6b225e9_thumbnail695.webp""]",2026-09-23T16:28:21,False,140000.0,,already USD,False,False,True,True,,False,False,False,False,False,False,False,False,False,False,False,False,False,False,False,False,False,False,False,False,False,False,False,True,1
PLZP252069,https://www.property.co.zw/for-sale/houses-plzp252069,BELVERDERE - Prime Location. 4 Bed House For Sale,420000.0,USD,Belvedere,Harare West,Zimbabwe,"Belvedere, Harare West, Harare",4,2.0,300.0,m²,1900.0,m²,"Set on a generous 1,900sqm stand in the sought-after suburb of Belvedere, this well-maintained property offers an excellent opportunity as a comfortable family",2026-07-23,2026-09-07T13:54:42+02:00,Plaza Properties,14,"[""https://www.property.co.zw/uploadedfiles/58/a0/1c/58a01cc3-d79e-4d13-b7c9-e6c40ce20d13_thumbnail695.webp"", ""https://www.property.co.zw/uploadedfiles/23/f2/b3/23f2b3af-3a7e-44ea-b1f7-f1e48afe6592_thumbnail695.webp"", ""https://www.property.co.zw/uploadedfiles/8f/0a/a9/8f0aa9b9-0243-413e-ad2f-4408651e525e_thumbnail695.webp"", ""https://www.property.co.zw/uploadedfiles/94/9c/5c/949c5c30-175d-4cbd-8409-07b2d0420e85_thumbnail695.webp"", ""https://www.property.co.zw/uploadedfiles/f8/b7/cf/f8b7cf11-026b-4559-b5e2-97780704bb99_thumbnail695.webp"", ""https://www.property.co.zw/uploadedfiles/2f/32/8b/2f328b9e-aabc-4af9-a21a-049a49dd47dd_thumbnail695.webp"", ""https://www.property.co.zw/uploadedfiles/65/89/a4/6589a414-698e-4110-ad0f-5a9dee370aec_thumbnail695.webp"", ""https://www.property.co.zw/uploadedfiles/e2/90/06/e2900686-3d86-4de4-983a-a4805eb892c1_thumbnail695.webp"", ""https://www.property.co.zw/uploadedfiles/20/25/b3/2025b3c8-dff2-4ba9-a878-1919206b2c05_thumbnail695.webp"", ""https://www.property.co.zw/uploadedfiles/5f/d0/f7/5fd0f76e-73ea-41c3-8d25-315255199f3a_thumbnail695.webp"", ""https://www.property.co.zw/uploadedfiles/13/c0/ae/13c0aea7-1449-4cbe-ab49-4cf7c0ea3272_thumbnail695.webp"", ""https://www.property.co.zw/uploadedfiles/12/cb/65/12cb6527-a238-42f4-abba-7c8109018af2_thumbnail695.webp"", ""https://www.property.co.zw/uploadedfiles/68/fd/c5/68fdc5ba-dce5-49f3-9912-9e6508cda6b5_thumbnail695.webp"", ""https://www.property.co.zw/uploadedfiles/ca/c3/fe/cac3fec5-d100-4357-a0db-0caceea31f38_thumbnail695.webp""]",2026-09-23T16:28:25,False,420000.0,,already USD,False,False,True,True,,False,False,False,False,False,False,False,False,False,False,False,False,False,False,False,False,False,False,False,False,False,False,False,False,0
PGP240471,https://www.property.co.zw/for-sale/houses-pgp240471,Spacious 4 Bedroom Family Home in Knowe Norton,105000.0,USD,Norton,Norton,Zimbabwe,"Norton, Mashonaland West",4,2.0,250.0,m²,2100.0,m²,"Set on a spacious stand measuring over 2,100sqm, this well-maintained home offers comfort, space, and reliable off-grid features.

Property Features:
	•	Stand",2026-02-13,2026-08-26T11:18:41+02:00,Pam Golding Properties,23,"[""https://www.property.co.zw/uploadedfiles/ab/f7/4b/abf74bf6-4e60-45ab-b7bf-a7b0ca756e54_thumbnail695.webp"", ""https://www.property.co.zw/uploadedfiles/72/73/89/727389e6-dc65-4fa2-8d61-45ea8cca1562_thumbnail695.webp"", ""https://www.property.co.zw/uploadedfiles/09/c8/d4/09c8d4af-1d33-4620-aa66-eb22e92380e2_thumbnail695.webp"", ""https://www.property.co.zw/uploadedfiles/47/ea/95/47ea95c8-1b37-4c2f-91db-4711433ac87a_thumbnail695.webp"", ""https://www.property.co.zw/uploadedfiles/66/a8/54/66a85443-e1dd-40e8-ab5f-8d1bad5730ea_thumbnail695.webp"", ""https://www.property.co.zw/uploadedfiles/8a/ff/9e/8aff9e42-71bf-41cf-9131-cd6b896d6e03_thumbnail695.webp"", ""https://www.property.co.zw/uploadedfiles/e3/2a/f2/e32af22b-d959-42e6-b9da-c927a6cb7839_thumbnail695.webp"", ""https://www.property.co.zw/uploadedfiles/de/e3/bf/dee3bf14-6e55-4269-af7a-1fd70b4b8e26_thumbnail695.webp"", ""https://www.property.co.zw/uploadedfiles/ac/1e/6e/ac1e6ea9-745c-4eaa-869e-132ddd2a4867_thumbnail695.webp"", ""https://www.property.co.zw/uploadedfiles/2c/5b/bb/2c5bbb84-ff6e-47e3-a7fc-5209074f5c14_thumbnail695.webp"", ""https://www.property.co.zw/uploadedfiles/70/4e/24/704e242c-6432-4d1c-ad31-5ba258fc3f2c_thumbnail695.webp"", ""https://www.property.co.zw/uploadedfiles/95/b1/ad/95b1ad6a-5792-4b61-98b3-6ad236f838e0_thumbnail695.webp"", ""https://www.property.co.zw/uploadedfiles/1c/f3/df/1cf3dfbe-0790-48fb-be46-9ee3a2d3c0ec_thumbnail695.webp"", ""https://www.property.co.zw/uploadedfiles/36/37/6f/36376f90-c730-4131-836e-234278b475e3_thumbnail695.webp"", ""https://www.property.co.zw/uploadedfiles/ed/57/35/ed57358d-f824-4e90-a2fe-0e0271ead133_thumbnail695.webp"", ""https://www.property.co.zw/uploadedfiles/e4/51/d6/e451d685-1602-43dd-bf92-182816942c4f_thumbnail695.webp"", ""https://www.property.co.zw/uploadedfiles/50/d3/7b/50d37b1d-9222-4858-9486-741c2f2c1f45_thumbnail695.webp"", ""https://www.property.co.zw/uploadedfiles/b0/8e/18/b08e18ac-4df8-4dfb-968b-336e0a443150_thumbnail695.webp"", ""https://www.property.co.zw/uploadedfiles/4c/8d/59/4c8d59fd-3592-4991-bf2f-37da60fa304f_thumbnail695.webp"", ""https://www.property.co.zw/uploadedfiles/20/c2/18/20c218c0-87d8-4f40-a6e8-ab2c4e7b25d7_thumbnail695.webp"", ""https://www.property.co.zw/uploadedfiles/5c/78/4d/5c784d18-bcdf-486a-9716-f4a6f5d5bd20_thumbnail695.webp"", ""https://www.property.co.zw/uploadedfiles/4f/96/83/4f968305-c233-45f4-be7e-08b05be94a94_thumbnail695.webp"", ""https://www.property.co.zw/uploadedfiles/0e/fb/6f/0efb6f21-9316-47df-b108-636222acf635_thumbnail695.webp""]",2026-09-23T16:28:29,False,105000.0,,already USD,False,False,True,True,,False,False,False,False,False,False,False,False,False,False,False,False,False,False,False,False,False,False,False,False,False,False,False,False,0
IPPR249074,https://www.property.co.zw/for-sale/houses-ippr249074,"Prime Location & Incredible Income Potential in Mainway Meadows, Waterfalls ",120000.0,USD,Mainway Meadows,Harare South,Zimbabwe,"Mainway Meadows, Harare South, Harare",3,2.0,123.0,m²,540.0,m²,"Discover this property with fantastic potential and a built-in income stream! 
Nestled in the highly sought-after neighborhood of Mainway Meadows, and positioned",2026-06-11,2026-08-06T12:54:20+02:00,iProperties,8,"[""https://www.property.co.zw/uploadedfiles/4e/89/59/4e895970-651d-486d-853f-2a098205e076_thumbnail695.webp"", ""https://www.property.co.zw/uploadedfiles/bd/1a/df/bd1adfae-1392-400d-9ced-20f84e8a85c6_thumbnail695.webp"", ""https://www.property.co.zw/uploadedfiles/be/82/94/be8294e8-e912-4df8-a26f-04930ef388f5_thumbnail695.webp"", ""https://www.property.co.zw/uploadedfiles/cd/43/e0/cd43e012-771b-42be-b44a-38e4cd054c11_thumbnail695.webp"", ""https://www.property.co.zw/uploadedfiles/2b/8c/d1/2b8cd101-f541-4b5d-a602-2907c1cbdea7_thumbnail695.webp"", ""https://www.property.co.zw/uploadedfiles/f5/b9/14/f5b9145f-78c7-4605-80a3-4dc1fe3ca6c1_thumbnail695.webp"", ""https://www.property.co.zw/uploadedfiles/60/8f/63/608f6311-e587-4adf-96a5-e40d95d1c5ab_thumbnail695.webp"", ""https://www.property.co.zw/uploadedfiles/97/53/68/975368f5-1932-49bf-8a60-2e530d12cdb3_thumbnail695.webp""]",2026-09-23T16:28:33,False,120000.0,,already USD,False,False,True,True,,False,False,False,False,False,False,False,False,False,False,False,False,False,False,False,False,False,False,False,False,False,False,False,False,0
CAC251863,https://www.property.co.zw/for-sale/houses-cac251863,Queensdale 4-Bed Home with Secure Veranda & Large Yard,220000.0,USD,Queensdale,Harare South,Zimbabwe,"Queensdale, Harare South, Harare",4,2.0,1978.0,m²,1978.0,m²,"Nestled on a massive 1978sqm stand in the heart of Queensdale, this beautiful solid home offers space, character, and incredible potential. 
Queensdale is one of",2026-07-21,2026-07-21T09:44:13+02:00,Carson & Carson Real Estate,34,"[""https://www.property.co.zw/uploadedfiles/05/28/f0/0528f046-9a01-45b7-bef3-4d72b603bd8f_thumbnail695.webp"", ""https://www.property.co.zw/uploadedfiles/43/7d/f8/437df889-03db-4339-88b6-3eea331011d2_thumbnail695.webp"", ""https://www.property.co.zw/uploadedfiles/e0/4a/aa/e04aaa38-37e1-4c93-8900-f0d3b5df2ba8_thumbnail695.webp"", ""https://www.property.co.zw/uploadedfiles/bd/92/12/bd921214-64a2-4ce8-8f1b-475886e1760d_thumbnail695.webp"", ""https://www.property.co.zw/uploadedfiles/e1/fd/f8/e1fdf8a1-4e13-463d-a2f4-e96a97150788_thumbnail695.webp"", ""https://www.property.co.zw/uploadedfiles/78/74/f8/7874f8f4-2032-45fd-91cb-62d5adcb59a6_thumbnail695.webp"", ""https://www.property.co.zw/uploadedfiles/be/fe/c9/befec915-c960-4207-a22a-6c06c0504615_thumbnail695.webp"", ""https://www.property.co.zw/uploadedfiles/14/cf/2b/14cf2b9d-3ec0-4be5-bb52-1134fb78aee1_thumbnail695.webp"", ""https://www.property.co.zw/uploadedfiles/0e/b6/02/0eb602f3-56cc-44e4-8411-90803795c060_thumbnail695.webp"", ""https://www.property.co.zw/uploadedfiles/91/22/ac/9122ac40-8297-4899-8705-ae73ea5c2582_thumbnail695.webp"", ""https://www.property.co.zw/uploadedfiles/d3/29/a1/d329a17f-71b8-4f5d-b2a6-abf35a772a7c_thumbnail695.webp"", ""https://www.property.co.zw/uploadedfiles/ce/00/72/ce007200-934e-443c-8a94-e4c550f7b270_thumbnail695.webp"", ""https://www.property.co.zw/uploadedfiles/33/f7/3f/33f73f48-ed5a-4f64-8407-55d78a889165_thumbnail695.webp"", ""https://www.property.co.zw/uploadedfiles/a4/01/c5/a401c591-7e3e-498e-aa2c-499583e7bec3_thumbnail695.webp"", ""https://www.property.co.zw/uploadedfiles/e3/4b/3c/e34b3c72-cf6f-41c1-87f4-ad70b5f477be_thumbnail695.webp"", ""https://www.property.co.zw/uploadedfiles/9a/b5/79/9ab579aa-3f25-428e-a898-ee0de223eb58_thumbnail695.webp"", ""https://www.property.co.zw/uploadedfiles/88/a6/0f/88a60f4a-ff66-4017-920b-1ee654615d13_thumbnail695.webp"", ""https://www.property.co.zw/uploadedfiles/0d/78/3f/0d783fec-c0e4-43a2-ad02-fc6ed7fed38b_thumbnail695.webp"", ""https://www.property.co.zw/uploadedfiles/fa/9c/61/fa9c6193-4fc4-4739-bc13-2d3b8c9c8cd7_thumbnail695.webp"", ""https://www.property.co.zw/uploadedfiles/50/e6/30/50e63070-a573-4317-8d68-d96c893a5ff6_thumbnail695.webp"", ""https://www.property.co.zw/uploadedfiles/32/2b/46/322b46d1-40b1-44a5-92c0-a14525cc12c5_thumbnail695.webp"", ""https://www.property.co.zw/uploadedfiles/38/9b/52/389b52a7-862d-406f-8c20-394280cd4258_thumbnail695.webp"", ""https://www.property.co.zw/uploadedfiles/f0/95/fd/f095fd57-541e-4ec2-b1c9-6d1686f5ff96_thumbnail695.webp"", ""https://www.property.co.zw/uploadedfiles/b9/87/b2/b987b2dd-bf18-4d0e-9a26-3e20ec930dbf_thumbnail695.webp"", ""https://www.property.co.zw/uploadedfiles/66/02/9c/66029c77-4d1b-4b96-8e0e-a56e611cfa3f_thumbnail695.webp"", ""https://www.property.co.zw/uploadedfiles/a4/11/30/a411300a-d9fa-4e43-a258-9791e4c55ca2_thumbnail695.webp"", ""https://www.property.co.zw/uploadedfiles/3b/0e/2a/3b0e2a69-baa3-4f5e-849a-8c4a37adf193_thumbnail695.webp"", ""https://www.property.co.zw/uploadedfiles/a7/2d/0e/a72d0e0f-65d9-4d2d-9e01-dab758404b41_thumbnail695.webp"", ""https://www.property.co.zw/uploadedfiles/d8/50/ef/d850ef5c-31c7-45d9-93d1-b3399da1559a_thumbnail695.webp"", ""https://www.property.co.zw/uploadedfiles/8d/f0/e2/8df0e244-803e-40d6-a824-70820696c4b6_thumbnail695.webp"", ""https://www.property.co.zw/uploadedfiles/2c/a8/fc/2ca8fc29-cb7c-4bd3-bf95-0c8961923169_thumbnail695.webp"", ""https://www.property.co.zw/uploadedfiles/51/a9/2f/51a92fef-a09f-466c-8164-274ce5d59ea0_thumbnail695.webp"", ""https://www.property.co.zw/uploadedfiles/5b/ac/6a/5bac6a75-9acf-44b0-be26-72c574c24ef9_thumbnail695.webp"", ""https://www.property.co.zw/uploadedfiles/eb/57/da/eb57dad3-d746-4b53-a8df-b177abc0e495_thumbnail695.webp""]",2026-09-23T16:28:37,False,220000.0,,already USD,False,False,True,True,,False,False,False,False,False,False,False,False,False,False,False,False,False,False,False,False,False,False,False,False,False,False,False,False,0
SMY250615,https://www.property.co.zw/for-sale/houses-smy250615,Upmarket Residential Property Up For Sale - Finish To Your Own Taste,350000.0,USD,Brookview,Harare North,Zimbabwe,"Brookview, Harare North, Harare",8,4.0,800.0,m²,4000.0,m²,"INCOMPLETE STRUCTURE AT SLAB LEVEL -  8-bedroom, 4-bathroom family home on a generous 4,000 m² stand in desirable Brookview, Harare North — 800 m² of solid living",2026-07-03,2026-09-11T15:45:10+02:00,Sermony Properties,14,"[""https://www.property.co.zw/uploadedfiles/34/ab/10/34ab1036-03bb-4bf0-bf58-c9b5aba13def_thumbnail695.webp"", ""https://www.property.co.zw/uploadedfiles/aa/0b/00/aa0b00d2-87d0-4134-9b58-4f5a1f93a239_thumbnail695.webp"", ""https://www.property.co.zw/uploadedfiles/4d/ad/60/4dad6064-f650-452a-975c-c184d57317ef_thumbnail695.webp"", ""https://www.property.co.zw/uploadedfiles/1c/f2/ca/1cf2ca3c-a376-4d09-aa76-b4e8275dcb55_thumbnail695.webp"", ""https://www.property.co.zw/uploadedfiles/c1/10/1a/c1101a92-2347-4568-8cec-a022808b7903_thumbnail695.webp"", ""https://www.property.co.zw/uploadedfiles/45/6f/65/456f65c5-9e38-4ded-9780-50fc5fff8f51_thumbnail695.webp"", ""https://www.property.co.zw/uploadedfiles/a8/ff/0e/a8ff0e37-1d54-4f06-910c-aa5188e91fcb_thumbnail695.webp"", ""https://www.property.co.zw/uploadedfiles/de/ce/08/dece0895-5c94-4767-9b47-4f92bbb8ec89_thumbnail695.webp"", ""https://www.property.co.zw/uploadedfiles/78/76/70/787670e0-0794-4b0e-8faf-26e61c8001e2_thumbnail695.webp"", ""https://www.property.co.zw/uploadedfiles/e0/79/ec/e079ecd1-7481-40af-9e0c-e68ccb3db3e4_thumbnail695.webp"", ""https://www.property.co.zw/uploadedfiles/0e/54/68/0e54687d-1f13-4981-8fe2-1cebe16a0965_thumbnail695.webp"", ""https://www.property.co.zw/uploadedfiles/d3/ff/63/d3ff6366-12b5-4fa4-993a-abfb688e985d_thumbnail695.webp"", ""https://www.property.co.zw/uploadedfiles/18/1a/8b/181a8b5e-24f0-4cb5-81eb-dbfc348ffe5c_thumbnail695.webp"", ""https://www.property.co.zw/uploadedfiles/01/7d/bb/017dbbc5-45f2-4285-a967-89c12d710f94_thumbnail695.webp""]",2026-09-23T16:28:41,False,350000.0,,already USD,False,False,True,True,,False,False,False,False,False,False,False,False,False,False,False,False,False,False,False,False,False,False,False,False,False,False,False,False,1
BNJR255255,https://www.property.co.zw/for-sale/houses-bnjr255255,Madokero Gem No Sale,142000.0,USD,Madokero,Harare West,Zimbabwe,"Madokero, Harare West, Harare",5,2.0,180.0,m²,366.0,m²,"A house in Madokero Estates, Harare, with four bedrooms set behind a walled boundary with an electric gate and paved approach. Inside, the layout includes one",2026-09-16,2026-09-16T11:50:07+02:00,The Benjamins Realty,21,"[""https://www.property.co.zw/uploadedfiles/82/38/5f/82385fd6-5510-4a89-98fb-a1761cb7d8e4_thumbnail695.webp"", ""https://www.property.co.zw/uploadedfiles/16/e4/d0/16e4d025-2777-4b7d-bcc3-779cbf5bd1a1_thumbnail695.webp"", ""https://www.property.co.zw/uploadedfiles/6b/e1/4d/6be14db8-9d86-4d04-8b5f-6fffa0f4a8cd_thumbnail695.webp"", ""https://www.property.co.zw/uploadedfiles/ce/b0/93/ceb09322-76dc-4351-8292-ad7986681846_thumbnail695.webp"", ""https://www.property.co.zw/uploadedfiles/1f/b8/ce/1fb8ceb9-cf52-4455-9d44-37da9ad383e0_thumbnail695.webp"", ""https://www.property.co.zw/uploadedfiles/56/01/a5/5601a5b6-2dbd-4750-9b24-bdf4f2c30f74_thumbnail695.webp"", ""https://www.property.co.zw/uploadedfiles/5d/bd/6f/5dbd6fed-2773-432e-bea7-4f7557d40aad_thumbnail695.webp"", ""https://www.property.co.zw/uploadedfiles/f2/a8/55/f2a855dc-df65-4bf0-920e-0dc44a1600f1_thumbnail695.webp"", ""https://www.property.co.zw/uploadedfiles/d7/0c/bc/d70cbc35-41ab-4f5b-961b-7c72d920445b_thumbnail695.webp"", ""https://www.property.co.zw/uploadedfiles/1d/29/51/1d2951a4-060e-4ae6-9235-8bd168347ed0_thumbnail695.webp"", ""https://www.property.co.zw/uploadedfiles/b6/ff/dd/b6ffdda5-2212-4bd1-8e4f-dcf8b5b577eb_thumbnail695.webp"", ""https://www.property.co.zw/uploadedfiles/6e/28/1f/6e281f17-8264-4eeb-8905-946e7eaa00ca_thumbnail695.webp"", ""https://www.property.co.zw/uploadedfiles/82/11/fb/8211fb18-7b75-40b7-bd24-f8023c2a22ff_thumbnail695.webp"", ""https://www.property.co.zw/uploadedfiles/ca/af/f1/caaff1a0-86d0-49b7-a35b-8420289e301c_thumbnail695.webp"", ""https://www.property.co.zw/uploadedfiles/f6/55/26/f655261e-7856-46d6-a037-0a478c6b7343_thumbnail695.webp"", ""https://www.property.co.zw/uploadedfiles/1e/d7/34/1ed73493-9aac-42a2-a373-4fc96074f0f7_thumbnail695.webp"", ""https://www.property.co.zw/uploadedfiles/38/61/61/38616187-bf9e-4f2b-b02c-84038496a86a_thumbnail695.webp"", ""https://www.property.co.zw/uploadedfiles/3c/cd/32/3ccd32c3-2b6c-4391-9c2c-44a383d3b5a3_thumbnail695.webp"", ""https://www.property.co.zw/uploadedfiles/55/bc/f8/55bcf8b4-1e9d-4c6a-8b9b-d47b3cbeef36_thumbnail695.webp"", ""https://www.property.co.zw/uploadedfiles/e4/5f/ae/e45faec5-ecd6-4810-8ea0-518493561065_thumbnail695.webp"", ""https://www.property.co.zw/uploadedfiles/79/80/3a/79803ab1-fa1c-4694-a167-693494b66186_thumbnail695.webp""]",2026-09-23T16:28:45,False,142000.0,,already USD,False,False,True,True,,False,False,True,False,True,False,False,False,False,False,False,False,False,False,False,False,False,False,False,False,False,False,False,False,0
RWS234321,https://www.property.co.zw/for-sale/houses-rws234321,Marlborough ,320000.0,USD,Marlborough,Harare West,Zimbabwe,"Marlborough, Harare West, Harare",4,3.0,900.0,m²,4000.0,m²,"?? Marlborough – Prime 4 Bedroom Home on 4,000m² | USD 360,000 | Deeds Available

An exceptional opportunity to own a beautifully developed property in the heart",2025-11-18,2026-06-29T11:36:23+02:00,Rawson Properties Harare,21,"[""https://www.property.co.zw/uploadedfiles/1a/0b/61/1a0b6122-c154-43eb-9dd8-8f3dc27409fc_thumbnail695.webp"", ""https://www.property.co.zw/uploadedfiles/bc/45/31/bc453108-4455-448e-ade7-70410d9bfe40_thumbnail695.webp"", ""https://www.property.co.zw/uploadedfiles/d7/c8/66/d7c86652-d8f2-46c7-ba2f-a000ca283680_thumbnail695.webp"", ""https://www.property.co.zw/uploadedfiles/a1/f0/63/a1f06308-98cc-4f3a-801f-769baefb6a99_thumbnail695.webp"", ""https://www.property.co.zw/uploadedfiles/19/d7/b7/19d7b7e3-41dc-471a-954a-f89de3ef1962_thumbnail695.webp"", ""https://www.property.co.zw/uploadedfiles/61/56/22/61562217-7d75-47fe-8b88-8fa7d087e4ca_thumbnail695.webp"", ""https://www.property.co.zw/uploadedfiles/8b/6d/e5/8b6de550-9f1a-46e8-a988-e8f854d50006_thumbnail695.webp"", ""https://www.property.co.zw/uploadedfiles/eb/13/aa/eb13aa56-ffe9-48e0-90ff-5f55e74b4735_thumbnail695.webp"", ""https://www.property.co.zw/uploadedfiles/61/60/6d/61606d91-1959-4c6c-a343-6552631a9460_thumbnail695.webp"", ""https://www.property.co.zw/uploadedfiles/97/0b/4e/970b4e9e-7961-4cbe-bb87-6d12854fbb0f_thumbnail695.webp"", ""https://www.property.co.zw/uploadedfiles/f3/d0/26/f3d0260a-4dfc-4e26-9015-a659ca3f7549_thumbnail695.webp"", ""https://www.property.co.zw/uploadedfiles/c5/86/62/c58662c4-e57b-4579-b66e-68c6fab94450_thumbnail695.webp"", ""https://www.property.co.zw/uploadedfiles/39/d8/41/39d841f1-77de-4f28-945a-711eeff1627e_thumbnail695.webp"", ""https://www.property.co.zw/uploadedfiles/88/e8/b4/88e8b463-a3cf-4125-bae0-06deab6959b2_thumbnail695.webp"", ""https://www.property.co.zw/uploadedfiles/74/40/ac/7440ac54-bbcb-4cbc-9e8f-dcc353958c3a_thumbnail695.webp"", ""https://www.property.co.zw/uploadedfiles/4e/fb/94/4efb94bc-d292-44fa-8397-ea0d8fa364ab_thumbnail695.webp"", ""https://www.property.co.zw/uploadedfiles/57/59/b9/5759b9fd-b14a-468b-b363-3c0afd527d6b_thumbnail695.webp"", ""https://www.property.co.zw/uploadedfiles/bf/f8/d1/bff8d10f-58bd-4d2a-b1ed-46fdd80c5bbf_thumbnail695.webp"", ""https://www.property.co.zw/uploadedfiles/0b/b6/87/0bb6878e-b182-4a7d-9cfb-eebfa5ea8251_thumbnail695.webp"", ""https://www.property.co.zw/uploadedfiles/57/40/a6/5740a6e1-bd93-492d-b243-e0b9ee1a2799_thumbnail695.webp"", ""https://www.property.co.zw/uploadedfiles/12/d1/58/12d158a0-e76d-40b3-b87a-2cbe894f16a0_thumbnail695.webp""]",2026-09-23T16:28:49,False,320000.0,,already USD,False,False,True,True,,False,False,False,False,False,False,False,False,False,False,False,False,False,False,False,False,False,False,False,False,False,False,False,False,0
MAC255590,https://www.property.co.zw/for-sale/houses-mac255590,Ruwa Old Windsor house for sale,140000.0,USD,Old Windsor,Ruwa,Zimbabwe,"Old Windsor, Ruwa, Mashonaland East",3,2.0,300.0,m²,700.0,m²,"Stylish 3-bedroom, 2-bath family home in Old Windsor, Ruwa on a generous 700 m² stand with 300 m² of thoughtfully finished living space. The neat brick façade with",2026-09-21,2026-09-21T14:44:11+02:00,Mac Homes,11,"[""https://www.property.co.zw/uploadedfiles/c8/83/51/c8835186-2b4b-4d87-8263-b9f32f163f81_thumbnail695.webp"", ""https://www.property.co.zw/uploadedfiles/36/ba/0f/36ba0fa0-e324-4ff2-bae3-6e47c586bd55_thumbnail695.webp"", ""https://www.property.co.zw/uploadedfiles/53/3c/b4/533cb4c8-568f-43c1-bcb3-870122815c76_thumbnail695.webp"", ""https://www.property.co.zw/uploadedfiles/54/f6/ea/54f6ea47-3171-4e7b-8490-574e03bc32a3_thumbnail695.webp"", ""https://www.property.co.zw/uploadedfiles/94/cf/91/94cf910b-41ce-447b-8409-a91f2919f19d_thumbnail695.webp"", ""https://www.property.co.zw/uploadedfiles/b2/f9/8d/b2f98d5a-e749-49e8-afed-ddf9e93aced7_thumbnail695.webp"", ""https://www.property.co.zw/uploadedfiles/ae/00/a4/ae00a4bd-6cde-4c26-a665-6a7cf7a93b18_thumbnail695.webp"", ""https://www.property.co.zw/uploadedfiles/89/66/c4/8966c472-d29c-4611-a54d-663bee624a52_thumbnail695.webp"", ""https://www.property.co.zw/uploadedfiles/41/aa/aa/41aaaa40-144b-442e-bcb6-a50e439d59fc_thumbnail695.webp"", ""https://www.property.co.zw/uploadedfiles/93/3f/36/933f36ec-362e-4c7a-a5be-9a6db8f451b5_thumbnail695.webp"", ""https://www.property.co.zw/uploadedfiles/fa/9a/15/fa9a1593-97f3-4860-9c1a-f25470a4d6b5_thumbnail695.webp""]",2026-09-23T16:28:57,False,140000.0,,already USD,False,False,True,True,,False,False,False,False,False,False,False,False,False,False,False,False,False,False,False,False,False,False,False,False,False,False,False,False,0
OAS243463,https://www.property.co.zw/for-sale/houses-oas243463,Massive 6 bedroomed home for sale,490000.0,USD,Carrick Creagh,Harare North,Zimbabwe,"Carrick Creagh, Harare North, Harare",6,4.0,600.0,m²,4000.0,m²,"Set on an expansive 4,000sqm stand, this stunning property in Carrick Creagh offers space, comfort, and refined living surrounded by a beautifully landscaped",2026-03-25,2026-06-04T10:58:13+02:00,Oasis Realty,26,"[""https://www.property.co.zw/uploadedfiles/2b/d2/8f/2bd28fe0-458a-4764-b2c9-4c6186a1c4a3_thumbnail695.webp"", ""https://www.property.co.zw/uploadedfiles/73/31/96/733196cb-4cd5-4f82-a899-8cd9cf002912_thumbnail695.webp"", ""https://www.property.co.zw/uploadedfiles/d6/7a/79/d67a79c5-c855-445f-b2f9-14e2e9cdd009_thumbnail695.webp"", ""https://www.property.co.zw/uploadedfiles/cc/e5/12/cce51273-6e99-4203-ba84-d6ee6af8663e_thumbnail695.webp"", ""https://www.property.co.zw/uploadedfiles/f7/8b/a9/f78ba9dd-4fb2-4471-855a-6be63830c12e_thumbnail695.webp"", ""https://www.property.co.zw/uploadedfiles/ba/60/6b/ba606b02-9479-4cc8-9a52-211b9c09bc1a_thumbnail695.webp"", ""https://www.property.co.zw/uploadedfiles/b3/f7/82/b3f78265-6309-4ca5-ac52-a5c78b477f85_thumbnail695.webp"", ""https://www.property.co.zw/uploadedfiles/78/cf/41/78cf411a-b344-4b55-a0c7-fff3b32f9aa4_thumbnail695.webp"", ""https://www.property.co.zw/uploadedfiles/f1/9b/36/f19b3662-cff6-41db-9f0b-bb30eb384c3a_thumbnail695.webp"", ""https://www.property.co.zw/uploadedfiles/64/a0/af/64a0af5a-b75e-4444-a72b-76707d224922_thumbnail695.webp"", ""https://www.property.co.zw/uploadedfiles/fe/10/26/fe1026c6-5373-4cc4-8a3c-478660b642a4_thumbnail695.webp"", ""https://www.property.co.zw/uploadedfiles/e9/bf/cf/e9bfcfc3-ded7-4963-98f2-d9f4c096b2d6_thumbnail695.webp"", ""https://www.property.co.zw/uploadedfiles/6f/f3/d9/6ff3d902-b28a-4436-b0ca-c37e64385b55_thumbnail695.webp"", ""https://www.property.co.zw/uploadedfiles/54/b8/dc/54b8dcaa-941d-454d-8ceb-95117116c9ac_thumbnail695.webp"", ""https://www.property.co.zw/uploadedfiles/07/65/ef/0765efcd-391a-4593-8e4e-37a8b72c2445_thumbnail695.webp"", ""https://www.property.co.zw/uploadedfiles/41/6b/b0/416bb0dc-daec-48e7-91c5-fd2c1ba60da0_thumbnail695.webp"", ""https://www.property.co.zw/uploadedfiles/d0/b9/1c/d0b91c6e-667e-4b0d-b3c8-04c24d2a92d9_thumbnail695.webp"", ""https://www.property.co.zw/uploadedfiles/2d/ef/c1/2defc19a-19ed-4f4f-8ea6-99a8c2add7f2_thumbnail695.webp"", ""https://www.property.co.zw/uploadedfiles/0e/da/d5/0edad5ce-07bc-4c63-bdf6-c840b49a8bef_thumbnail695.webp"", ""https://www.property.co.zw/uploadedfiles/c3/0d/b7/c30db75f-dde1-4c9b-96f2-24c8e9a1791c_thumbnail695.webp"", ""https://www.property.co.zw/uploadedfiles/c5/5b/ec/c55becb7-87d0-452f-b1c3-40ed7acb1e3a_thumbnail695.webp"", ""https://www.property.co.zw/uploadedfiles/45/23/5d/45235d9e-1f68-48fe-bb8b-1b8edc7ed1b4_thumbnail695.webp"", ""https://www.property.co.zw/uploadedfiles/5a/35/93/5a3593f5-f09d-46f0-a1e7-6d0d0899cda9_thumbnail695.webp"", ""https://www.property.co.zw/uploadedfiles/c6/56/66/c65666c4-7d83-45bc-a39f-0cb2f8ed46a4_thumbnail695.webp"", ""https://www.property.co.zw/uploadedfiles/e2/5e/46/e25e4679-c545-497f-8754-1a97af870194_thumbnail695.webp"", ""https://www.property.co.zw/uploadedfiles/ea/47/ec/ea47ecc6-1327-461c-8ed4-f6c2ce1234d2_thumbnail695.webp""]",2026-09-23T16:29:01,False,490000.0,,already USD,False,False,True,True,,False,False,False,False,False,False,False,False,False,False,False,False,False,False,False,False,False,False,False,False,False,False,False,False,0
PGP244025,https://www.property.co.zw/for-sale/houses-pgp244025,Stunning Family Home In New Pomona (Near Vainona),580000.0,USD,Pomona,Harare North,Zimbabwe,"Pomona, Harare North, Harare",6,4.0,700.0,m²,2100.0,m²,"Positioned in the highly sought-after New Pomona area, right next to Vainona. 
 This beautifully presented property offers the perfect balance of luxury, comfort,",2026-04-02,2026-04-08T12:34:32+02:00,Pam Golding Properties,23,"[""https://www.property.co.zw/uploadedfiles/bd/48/a2/bd48a263-a3bc-4873-ae79-2bb444f6bdde_thumbnail695.webp"", ""https://www.property.co.zw/uploadedfiles/49/c9/f1/49c9f1c7-4f99-42fe-bd1e-8b3c683f545e_thumbnail695.webp"", ""https://www.property.co.zw/uploadedfiles/b3/7f/a3/b37fa3b9-f0dc-433c-8a70-d04716f7df6e_thumbnail695.webp"", ""https://www.property.co.zw/uploadedfiles/9d/c3/77/9dc37713-dbb2-4dc6-a71f-1f1c708acfeb_thumbnail695.webp"", ""https://www.property.co.zw/uploadedfiles/3c/9b/ff/3c9bff23-91b9-439a-8ea6-99bbb95f5fea_thumbnail695.webp"", ""https://www.property.co.zw/uploadedfiles/95/26/53/95265330-e1a6-45fb-bf7f-7af2989d3e92_thumbnail695.webp"", ""https://www.property.co.zw/uploadedfiles/bd/4f/d7/bd4fd760-b19d-4889-8395-d3e488cb7127_thumbnail695.webp"", ""https://www.property.co.zw/uploadedfiles/b6/6a/c5/b66ac5b7-ad97-4ed4-b2f8-ecbd1eaef993_thumbnail695.webp"", ""https://www.property.co.zw/uploadedfiles/92/3c/f9/923cf90c-0741-4c4c-89a5-78c7a37dcc02_thumbnail695.webp"", ""https://www.property.co.zw/uploadedfiles/c0/88/49/c0884969-6c63-41cd-b9d1-d9a204e33660_thumbnail695.webp"", ""https://www.property.co.zw/uploadedfiles/19/96/6c/19966c8f-cba6-4c32-8b38-3f493f31975e_thumbnail695.webp"", ""https://www.property.co.zw/uploadedfiles/f0/44/89/f044893a-cc31-44fb-a0b4-64abb9e4a77b_thumbnail695.webp"", ""https://www.property.co.zw/uploadedfiles/2b/d6/55/2bd65556-cc6e-4cf5-8f98-0a546122f9fa_thumbnail695.webp"", ""https://www.property.co.zw/uploadedfiles/5e/ae/cc/5eaecc13-e546-4a74-8e4c-68cff522ee18_thumbnail695.webp"", ""https://www.property.co.zw/uploadedfiles/c2/e6/7e/c2e67eee-3764-4310-a775-ab09e735a34c_thumbnail695.webp"", ""https://www.property.co.zw/uploadedfiles/94/86/37/948637b8-2995-4511-b783-1bccdaf441e9_thumbnail695.webp"", ""https://www.property.co.zw/uploadedfiles/2a/3b/f8/2a3bf83a-d2cb-4911-9d02-e2fc7393234d_thumbnail695.webp"", ""https://www.property.co.zw/uploadedfiles/a1/6f/5d/a16f5d3c-4a79-4b0d-9e4a-54cbb9ab1917_thumbnail695.webp"", ""https://www.property.co.zw/uploadedfiles/fa/f2/08/faf20833-f84c-4ace-a5a4-4330a9a4a5e0_thumbnail695.webp"", ""https://www.property.co.zw/uploadedfiles/00/31/75/003175ff-0093-4080-98bc-4f17335233a7_thumbnail695.webp"", ""https://www.property.co.zw/uploadedfiles/7e/30/58/7e305830-2291-4869-bb28-3e400e58b50a_thumbnail695.webp"", ""https://www.property.co.zw/uploadedfiles/54/8b/93/548b93e3-b40e-4c64-888d-70fc5475a4ad_thumbnail695.webp"", ""https://www.property.co.zw/uploadedfiles/12/66/11/126611e3-10d9-44e3-af3b-00fc236a9230_thumbnail695.webp""]",2026-09-23T16:29:05,False,580000.0,,already USD,False,False,True,True,,False,False,False,False,False,False,False,False,False,False,False,False,False,False,False,False,False,False,False,False,False,False,False,False,0
PRCL253596,https://www.property.co.zw/for-sale/houses-prcl253596,Secure Falcon Park 4-Bed Home to Finish to your own taste  . . .,125000.0,USD,Tynwald,Harare West,Zimbabwe,"Tynwald, Harare West, Harare",4,2.0,200.0,m²,450.0,m²,"TYNWALD - FALCON PARK 

A blank canvas 4-bedroom home waiting for your finishing touches.

The property offers:
Single garage, open plan lounge/dining,",2026-08-19,2026-08-19T16:06:09+02:00,Property Channel,17,"[""https://www.property.co.zw/uploadedfiles/23/79/a9/2379a984-47ca-49af-9559-319dcbaa8850_thumbnail695.webp"", ""https://www.property.co.zw/uploadedfiles/fe/49/03/fe4903ed-cd1a-4d4f-b45f-5abf7f98ccb4_thumbnail695.webp"", ""https://www.property.co.zw/uploadedfiles/ea/f5/69/eaf5697e-4d8a-4f3b-858d-eba08fd3dff7_thumbnail695.webp"", ""https://www.property.co.zw/uploadedfiles/10/b8/0b/10b80bd9-2b5e-41ba-a3e6-ef36b00b579c_thumbnail695.webp"", ""https://www.property.co.zw/uploadedfiles/4b/af/04/4baf04c0-65df-4ae6-aa4e-ea7c5d119c4a_thumbnail695.webp"", ""https://www.property.co.zw/uploadedfiles/03/5e/d5/035ed55a-dda8-4566-9f1e-cfdb5782ba65_thumbnail695.webp"", ""https://www.property.co.zw/uploadedfiles/04/eb/9c/04eb9c90-cd09-4132-ba9d-6258350baab5_thumbnail695.webp"", ""https://www.property.co.zw/uploadedfiles/bf/94/8e/bf948e72-cdb8-4ec5-8ab0-2b16b1150169_thumbnail695.webp"", ""https://www.property.co.zw/uploadedfiles/57/6b/37/576b37f4-98f6-46ff-a6b7-e2a00c6fd989_thumbnail695.webp"", ""https://www.property.co.zw/uploadedfiles/5e/5c/36/5e5c3666-c98e-4e9b-bc4e-c91489771991_thumbnail695.webp"", ""https://www.property.co.zw/uploadedfiles/d5/a1/f4/d5a1f414-2ba0-4fc8-9ead-f3d1bb66897f_thumbnail695.webp"", ""https://www.property.co.zw/uploadedfiles/ca/9c/70/ca9c70ab-1c24-4a5f-a8bb-3e2051496d55_thumbnail695.webp"", ""https://www.property.co.zw/uploadedfiles/38/61/0c/38610c5f-1d6d-4d90-af6b-58ca17edb0e9_thumbnail695.webp"", ""https://www.property.co.zw/uploadedfiles/ea/01/2d/ea012d7a-ecff-4ecf-999f-40a72c4a9f5e_thumbnail695.webp"", ""https://www.property.co.zw/uploadedfiles/1d/94/24/1d9424a6-6c79-43ac-a5ce-3262fe032ea4_thumbnail695.webp"", ""https://www.property.co.zw/uploadedfiles/d6/54/9a/d6549a49-b5c1-410b-9854-c8f3a93aa5c4_thumbnail695.webp"", ""https://www.property.co.zw/uploadedfiles/8c/d3/ad/8cd3ada8-8595-42b4-adc3-901a987f7f7b_thumbnail695.webp""]",2026-09-23T16:29:09,False,125000.0,,already USD,False,False,True,True,,False,False,False,False,False,False,False,False,False,False,False,False,False,False,False,False,False,False,False,False,False,False,False,False,0
LEG250631,https://www.property.co.zw/for-sale/houses-leg250631,"A Great Starter Home Or Rental Investment,Secure 4-Bedroom Home In Dzivarasekwa",45000.0,USD,Dzivarasekwa,Harare High Density,Zimbabwe,"Dzivarasekwa, Harare High Density, Harare",4,1.0,180.0,m²,260.0,m²,"This solid 4-bedroom family home in Dzivarasekwa offers an affordable opportunity for both homeowners and investors. The property is fully walled and gated, with a",2026-07-03,2026-09-14T16:04:38+02:00,Legacy Real Estate,11,"[""https://www.property.co.zw/uploadedfiles/80/02/d5/8002d523-7533-4648-b843-80285830f6a4_thumbnail695.webp"", ""https://www.property.co.zw/uploadedfiles/81/cd/3d/81cd3d1f-074f-48ad-98b6-7cb88682a380_thumbnail695.webp"", ""https://www.property.co.zw/uploadedfiles/f0/5b/6e/f05b6ece-3d0a-4dea-a292-fd679955eb6c_thumbnail695.webp"", ""https://www.property.co.zw/uploadedfiles/ed/94/a8/ed94a8b5-9104-4d4b-913b-02a2a664877d_thumbnail695.webp"", ""https://www.property.co.zw/uploadedfiles/38/a2/6e/38a26e94-f064-45cc-b001-56adf671971c_thumbnail695.webp"", ""https://www.property.co.zw/uploadedfiles/a7/a4/03/a7a403d5-9ef5-4a97-b9d7-1472cbceb99c_thumbnail695.webp"", ""https://www.property.co.zw/uploadedfiles/8c/b8/1c/8cb81ca9-c7c3-4688-a433-f56b4f407076_thumbnail695.webp"", ""https://www.property.co.zw/uploadedfiles/aa/23/1b/aa231ba0-48b7-4f44-a81c-e5c79a6d0925_thumbnail695.webp"", ""https://www.property.co.zw/uploadedfiles/e9/f8/38/e9f838ee-4277-448a-bdbf-4b6714c58d3e_thumbnail695.webp"", ""https://www.property.co.zw/uploadedfiles/e5/dd/86/e5dd8690-a1f3-4cee-90a8-2e277bd903f7_thumbnail695.webp"", ""https://www.property.co.zw/uploadedfiles/15/ea/53/15ea535e-09e6-4796-8430-94abe7f50b44_thumbnail695.webp""]",2026-09-23T16:29:13,False,45000.0,,already USD,False,False,True,True,,False,False,False,False,True,False,False,False,False,False,False,False,False,False,False,False,False,False,False,False,False,False,False,False,0
RWS238047,https://www.property.co.zw/for-sale/houses-rws238047,Luxury meets self sufficient!!,600000.0,USD,Gletwin Park,Harare North,Zimbabwe,"Gletwin Park, Harare North, Harare",8,6.0,1000.0,m²,2083.0,m²,"This property is a real gem!  It's a luxurious home that offers a perfect blend of comfort and self-sufficiency. Let's break it down:
Ground Floor
- 4 spacious",2026-01-16,2026-04-29T12:00:19+02:00,Rawson Properties Harare,16,"[""https://www.property.co.zw/uploadedfiles/d5/5e/55/d55e55bc-6757-4d65-b855-38839b14a4b7_thumbnail695.webp"", ""https://www.property.co.zw/uploadedfiles/45/39/d3/4539d3c0-0df6-4a29-b573-799b3aa4a0f1_thumbnail695.webp"", ""https://www.property.co.zw/uploadedfiles/62/27/0b/62270b17-33ac-47af-9404-fded5192dade_thumbnail695.webp"", ""https://www.property.co.zw/uploadedfiles/4e/59/fe/4e59fe18-0bb8-4009-a451-64a42bf0c5b3_thumbnail695.webp"", ""https://www.property.co.zw/uploadedfiles/ab/56/a7/ab56a7ff-2627-4124-9adb-b52b212e1ce0_thumbnail695.webp"", ""https://www.property.co.zw/uploadedfiles/d6/d6/4d/d6d64d3c-08e1-4282-b153-82852fe42336_thumbnail695.webp"", ""https://www.property.co.zw/uploadedfiles/09/d2/93/09d29316-08fc-46de-bda9-5ae6744dea16_thumbnail695.webp"", ""https://www.property.co.zw/uploadedfiles/08/c1/9b/08c19b69-e044-4c9f-bdd3-6c63c4d18a65_thumbnail695.webp"", ""https://www.property.co.zw/uploadedfiles/5e/90/aa/5e90aac7-98ae-43e0-b2eb-1839bda39c20_thumbnail695.webp"", ""https://www.property.co.zw/uploadedfiles/f5/cc/e1/f5cce107-352e-4f8f-a238-32bd9e24ec08_thumbnail695.webp"", ""https://www.property.co.zw/uploadedfiles/90/74/38/907438bb-663f-4e9a-91be-7f305244ffe8_thumbnail695.webp"", ""https://www.property.co.zw/uploadedfiles/66/1a/cb/661acb62-9bea-47d0-ad3d-5bb1f7d0c491_thumbnail695.webp"", ""https://www.property.co.zw/uploadedfiles/f0/61/09/f06109de-0107-4404-831f-87248c15da1e_thumbnail695.webp"", ""https://www.property.co.zw/uploadedfiles/cb/b8/cf/cbb8cf32-8f61-4d3d-81c4-b2d8143d3475_thumbnail695.webp"", ""https://www.property.co.zw/uploadedfiles/9b/55/47/9b55473e-440f-4601-a75a-685a3d1f1463_thumbnail695.webp"", ""https://www.property.co.zw/uploadedfiles/b2/e2/53/b2e2530f-b770-4a39-a27e-12c3ff522fa9_thumbnail695.webp""]",2026-09-23T16:29:17,False,600000.0,,already USD,False,False,True,True,,False,False,False,False,False,False,False,False,False,False,False,False,False,False,False,False,False,False,False,False,False,False,False,False,0
GAT246542,https://www.property.co.zw/for-sale/houses-gat246542,Residential House for Sale with Title Deed,38000.0,USD,Chitungwiza,Chitungwiza,Zimbabwe,"Chitungwiza, Mashonaland East",4,1.0,100.0,m²,,184,"Discover this solid family home located in the heart of Chitungwiza in Unit L, offering comfort, security, and convenience at an affordable price.

Property",2026-05-08,2026-05-08T17:26:28+02:00,Guest and Tanner Real Estate,13,"[""https://www.property.co.zw/uploadedfiles/8c/35/0f/8c350fdc-41f7-40f4-abcd-245c36b50f34_thumbnail695.webp"", ""https://www.property.co.zw/uploadedfiles/d0/b6/38/d0b63853-ec0d-4bb5-ab23-e7e5e57ea1c5_thumbnail695.webp"", ""https://www.property.co.zw/uploadedfiles/6b/07/38/6b0738c1-26ca-4d52-a269-cbf1522c8903_thumbnail695.webp"", ""https://www.property.co.zw/uploadedfiles/e1/a4/91/e1a491d5-54c3-4aee-9998-cb589b6535e1_thumbnail695.webp"", ""https://www.property.co.zw/uploadedfiles/ce/0f/88/ce0f8890-c0fb-469f-a1ab-190caacbdc98_thumbnail695.webp"", ""https://www.property.co.zw/uploadedfiles/76/2b/13/762b134f-c3ae-4b07-8186-3e21db78e280_thumbnail695.webp"", ""https://www.property.co.zw/uploadedfiles/bf/4f/23/bf4f23e3-50ab-419d-bb5b-a4726dd9d6b1_thumbnail695.webp"", ""https://www.property.co.zw/uploadedfiles/8d/a1/71/8da1718d-ea82-437e-9cf7-5ea82af66985_thumbnail695.webp"", ""https://www.property.co.zw/uploadedfiles/fe/50/6f/fe506f94-3899-4d4f-b411-4be52c93c8b5_thumbnail695.webp"", ""https://www.property.co.zw/uploadedfiles/bc/4e/5a/bc4e5a23-fffc-4c5a-bd1e-85c152ab4911_thumbnail695.webp"", ""https://www.property.co.zw/uploadedfiles/11/63/79/11637915-f4e1-41d6-a0b2-3b52bbb47d51_thumbnail695.webp"", ""https://www.property.co.zw/uploadedfiles/1f/93/73/1f9373cd-faf8-4490-af5f-e206b0e67090_thumbnail695.webp"", ""https://www.property.co.zw/uploadedfiles/45/6e/b3/456eb32b-316a-44fd-9b43-46f0afe43e28_thumbnail695.webp""]",2026-09-23T16:29:21,False,38000.0,,already USD,False,True,False,True,,False,False,False,False,False,False,False,False,False,False,False,False,False,False,False,False,False,False,False,False,False,False,False,False,0
RWE246419,https://www.property.co.zw/for-sale/houses-rwe246419,Charlotte Brooke – Incomplete 6 Bedroom House for Sale,60000.0,USD,Charlotte Brooke,Harare North,Zimbabwe,"Charlotte Brooke, Harare North, Harare",6,2.0,347.0,m²,1950.0,m²,"Price: USD 60,000
Stand Size: 1,950 sqm
Ownership: Title Deeds
Location: Charlotte Brooke, Harare North

Main House (Under Construction): 6 bedrooms including",2026-05-07,2026-05-08T14:21:28+02:00,Realty World Estate Agents,10,"[""https://www.property.co.zw/uploadedfiles/c9/d7/12/c9d7121c-7337-46bf-be23-453fda32cb8c_thumbnail695.webp"", ""https://www.property.co.zw/uploadedfiles/16/56/f5/1656f50b-b1ab-445f-acce-fec0ff0e5449_thumbnail695.webp"", ""https://www.property.co.zw/uploadedfiles/db/dd/1a/dbdd1ac7-fcf9-4a34-a861-33b6fb9df44b_thumbnail695.webp"", ""https://www.property.co.zw/uploadedfiles/2e/c0/ae/2ec0ae16-98e0-4e81-af15-689d334160ec_thumbnail695.webp"", ""https://www.property.co.zw/uploadedfiles/09/b5/21/09b52168-52ad-48cd-b038-396e8f65a5e4_thumbnail695.webp"", ""https://www.property.co.zw/uploadedfiles/58/b8/e5/58b8e5b1-6a69-4856-8f7e-46e33fc7f5f4_thumbnail695.webp"", ""https://www.property.co.zw/uploadedfiles/b8/3a/ff/b83aff00-9bc1-4dfc-b2a7-7662d98fd247_thumbnail695.webp"", ""https://www.property.co.zw/uploadedfiles/b7/78/53/b778535d-dea5-4f25-bec1-187964d1caae_thumbnail695.webp"", ""https://www.property.co.zw/uploadedfiles/c9/56/60/c956604e-d17c-4494-84f9-70001087e1d2_thumbnail695.webp"", ""https://www.property.co.zw/uploadedfiles/b0/b7/8f/b0b78f2b-a47d-4345-92f7-ebb987d6404c_thumbnail695.webp""]",2026-09-23T16:29:25,False,60000.0,,already USD,False,False,True,True,,False,False,False,False,False,False,False,False,False,False,False,False,False,False,False,False,False,False,False,False,False,False,True,False,0
KHA253104,https://www.property.co.zw/for-sale/houses-kha253104,NORTON DAMOFALLS PHASE 2 PROPERTY FOR SALE with a 3 Bed Cottage ,115000.0,USD,Norton,Norton,Zimbabwe,"Norton, Mashonaland West",5,4.0,400.0,m²,2400.0,m²,"NORTON PROPERTY FOR SALE – Damofalls
Location: Norton (Damafalls)
Stand Size: 2,400 sqm
Price: USD 115 000.00
Paperwork: Developer Cession 

A versatile",2026-08-11,2026-09-02T07:52:42+02:00,Khalida Realty,17,"[""https://www.property.co.zw/uploadedfiles/2c/fc/ef/2cfcefef-6334-4cf1-a2e0-980efdf0b74d_thumbnail695.webp"", ""https://www.property.co.zw/uploadedfiles/d8/c3/92/d8c39274-2c71-497c-9513-d60dcbfa311f_thumbnail695.webp"", ""https://www.property.co.zw/uploadedfiles/91/eb/6b/91eb6bcb-43dd-4cd8-bc6e-b88f01a2eb38_thumbnail695.webp"", ""https://www.property.co.zw/uploadedfiles/5e/2c/41/5e2c4118-0c89-412c-b3b3-883ae2f90474_thumbnail695.webp"", ""https://www.property.co.zw/uploadedfiles/2c/48/78/2c48782e-eabe-4738-8e7c-7729fc86756d_thumbnail695.webp"", ""https://www.property.co.zw/uploadedfiles/3a/b1/c5/3ab1c565-675e-4385-b703-29e8161dffd0_thumbnail695.webp"", ""https://www.property.co.zw/uploadedfiles/3d/5a/cd/3d5acd84-eb42-4914-8191-28b5ee40249a_thumbnail695.webp"", ""https://www.property.co.zw/uploadedfiles/eb/65/2b/eb652b4d-48c8-46ef-be41-6118e9705b29_thumbnail695.webp"", ""https://www.property.co.zw/uploadedfiles/9c/01/91/9c019135-99cb-4a20-b425-a3b5da0ce0d8_thumbnail695.webp"", ""https://www.property.co.zw/uploadedfiles/ae/ad/9c/aead9c3e-614d-4b21-92b1-dc512d018336_thumbnail695.webp"", ""https://www.property.co.zw/uploadedfiles/c4/1c/01/c41c01c1-bee2-44b0-9847-2d0265c2909f_thumbnail695.webp"", ""https://www.property.co.zw/uploadedfiles/0a/d3/96/0ad39612-2aa0-4df4-9023-ef05e1bc375d_thumbnail695.webp"", ""https://www.property.co.zw/uploadedfiles/7d/58/14/7d5814ca-1707-4a6d-908f-24ea0b303a53_thumbnail695.webp"", ""https://www.property.co.zw/uploadedfiles/ab/59/4e/ab594e61-72b8-40b5-9e40-290820ae51fd_thumbnail695.webp"", ""https://www.property.co.zw/uploadedfiles/6c/fc/26/6cfc261f-6f3c-4984-a677-0d0bf28ee030_thumbnail695.webp"", ""https://www.property.co.zw/uploadedfiles/34/78/e3/3478e3d1-7071-4bdf-98c1-a5aa358a2e73_thumbnail695.webp"", ""https://www.property.co.zw/uploadedfiles/ea/30/41/ea3041c5-ea5f-4c2a-8b97-e596036f0106_thumbnail695.webp""]",2026-09-23T16:29:29,False,115000.0,,already USD,False,False,True,True,,False,False,False,False,False,False,False,False,False,False,False,False,False,False,False,False,False,False,False,False,False,False,False,True,0
RWS254703,https://www.property.co.zw/for-sale/houses-rws254703,Investment opportunity ,115000.0,USD,Waterfalls,Harare South,Zimbabwe,"Waterfalls, Harare South, Harare",4,2.0,250.0,m²,450.0,m²,"Charming 4-bedroom, 2-bath family home in Waterfalls, Harare South — perfect for buyers seeking security, convenience and value. The property sits on a 450 m²",2026-09-07,2026-09-07T04:25:07+02:00,Rawson Properties Harare,10,"[""https://www.property.co.zw/uploadedfiles/7b/37/be/7b37becf-d9de-4829-ae61-70230c669e03_thumbnail695.webp"", ""https://www.property.co.zw/uploadedfiles/e7/d9/a6/e7d9a6af-f9a3-4faf-b6ef-1985cfbc841f_thumbnail695.webp"", ""https://www.property.co.zw/uploadedfiles/c9/a0/bf/c9a0bf42-fd6e-4d03-9040-5c1992e013d7_thumbnail695.webp"", ""https://www.property.co.zw/uploadedfiles/98/19/67/981967b4-674e-49b2-a9bf-4ffba616dd8c_thumbnail695.webp"", ""https://www.property.co.zw/uploadedfiles/d8/81/75/d88175c7-f0aa-4dc2-839e-615f1fbc4854_thumbnail695.webp"", ""https://www.property.co.zw/uploadedfiles/11/1c/1b/111c1b1e-8548-4146-afdb-1a5d412ea037_thumbnail695.webp"", ""https://www.property.co.zw/uploadedfiles/fc/4b/db/fc4bdba1-2280-4c3b-b4ee-3cdd54848859_thumbnail695.webp"", ""https://www.property.co.zw/uploadedfiles/5b/91/91/5b919107-2d6b-4534-bd57-62415edcf065_thumbnail695.webp"", ""https://www.property.co.zw/uploadedfiles/22/ba/78/22ba7892-5521-473f-9614-eec7fd585a08_thumbnail695.webp"", ""https://www.property.co.zw/uploadedfiles/2f/6e/eb/2f6eebcd-1ba7-42c3-8e0d-9680f98e94e7_thumbnail695.webp""]",2026-09-23T16:29:33,False,115000.0,,already USD,False,False,True,True,,False,False,False,False,False,False,False,False,False,False,False,False,False,False,False,False,False,False,False,False,False,False,False,False,0
PRCL248722,https://www.property.co.zw/for-sale/houses-prcl248722,Prime House for Sale in Aspindale Park ,120000.0,USD,Aspindale Park,Harare West,Zimbabwe,"Aspindale Park, Harare West, Harare",3,2.0,180.0,m²,200.0,m²,"MODERN 3-BEDROOM HOME – ASPINDALE PARK GATED COMMUNITY

Discover refined living in one of Harare West’s most secure and sought-after addresses.

Property",2026-06-05,2026-06-30T16:22:04+02:00,Property Channel,7,"[""https://www.property.co.zw/uploadedfiles/4f/c0/3f/4fc03fcd-02b1-4271-9735-cf1e75bd4f4e_thumbnail695.webp"", ""https://www.property.co.zw/uploadedfiles/4a/21/6e/4a216e3d-bb6c-4c73-b6f4-3d747d82517c_thumbnail695.webp"", ""https://www.property.co.zw/uploadedfiles/ba/2e/ab/ba2eab0c-4075-4589-bafb-f48c63b88bc2_thumbnail695.webp"", ""https://www.property.co.zw/uploadedfiles/f0/d5/b5/f0d5b514-30b3-4ec7-bb9e-f7b4cc360621_thumbnail695.webp"", ""https://www.property.co.zw/uploadedfiles/ed/7a/d4/ed7ad421-ba4e-4b5e-bb7b-e4d6debbff5e_thumbnail695.webp"", ""https://www.property.co.zw/uploadedfiles/f7/9d/89/f79d89c8-5d5d-488a-8be9-1cca85f49410_thumbnail695.webp"", ""https://www.property.co.zw/uploadedfiles/e1/d2/68/e1d26854-da04-4b3a-b439-ad3ea9538649_thumbnail695.webp""]",2026-09-23T16:29:37,False,120000.0,,already USD,False,False,True,True,,False,False,False,False,False,False,False,True,False,False,False,False,False,False,False,False,False,False,False,False,False,False,False,False,0
LNVP252832,https://www.property.co.zw/for-sale/houses-lnvp252832,Rolf Valley  Modern House For Sale,600000.0,USD,Rolf Valley,Harare North,Zimbabwe,"Rolf Valley, Harare North, Harare",6,4.0,600.0,m²,2514.0,m²,"Rolf Valley Unparalleled Family Estate in Prestigious Roly Valley – A Masterpiece of Space & Comfort.

**Description:**
Nestled in the serene and sought-after",2026-08-05,2026-08-05T10:09:02+02:00,Leanvest Properties,12,"[""https://www.property.co.zw/uploadedfiles/2f/0a/58/2f0a58ef-ef77-49b0-8798-c9d73894c7fc_thumbnail695.webp"", ""https://www.property.co.zw/uploadedfiles/af/b6/fa/afb6fa1a-4f10-40f9-b553-7f933e2f3028_thumbnail695.webp"", ""https://www.property.co.zw/uploadedfiles/82/9b/a1/829ba172-d013-437a-8fa9-c6bd70e84a38_thumbnail695.webp"", ""https://www.property.co.zw/uploadedfiles/f5/5b/83/f55b83e0-824c-48f4-8c81-f1c56cf3ff5d_thumbnail695.webp"", ""https://www.property.co.zw/uploadedfiles/09/78/c2/0978c226-5472-400a-a201-98ef74d95111_thumbnail695.webp"", ""https://www.property.co.zw/uploadedfiles/96/d5/bd/96d5bdf9-85bc-4b25-a5d2-db9b6d13f29c_thumbnail695.webp"", ""https://www.property.co.zw/uploadedfiles/83/8a/73/838a73b4-f6de-465c-997a-231d0d6252f9_thumbnail695.webp"", ""https://www.property.co.zw/uploadedfiles/b5/d6/c5/b5d6c5fa-7924-4421-8df1-1c4fb0877d83_thumbnail695.webp"", ""https://www.property.co.zw/uploadedfiles/02/1f/57/021f5719-0c32-40c3-8b78-014147d0328c_thumbnail695.webp"", ""https://www.property.co.zw/uploadedfiles/f0/57/14/f057144b-07c2-4793-ab8b-21635745b24f_thumbnail695.webp"", ""https://www.property.co.zw/uploadedfiles/25/e5/a8/25e5a8cd-3fc4-4191-9686-c24e1d2e6d15_thumbnail695.webp"", ""https://www.property.co.zw/uploadedfiles/ba/ca/44/baca444c-df2e-4ef7-b021-6c2229995de5_thumbnail695.webp""]",2026-09-23T16:29:41,False,600000.0,,already USD,False,False,True,True,,False,False,False,False,False,False,False,False,False,False,False,False,False,False,False,False,False,False,False,False,False,False,False,False,0
VENT232246,https://www.property.co.zw/for-sale/houses-vent232246,Endless Possibilities In Quinnington !!,450000.0,USD,Quinnington,Harare North,Zimbabwe,"Quinnington, Harare North, Harare",3,1.0,,,4449.0,m²,Unparalled potential is presented on this flat land stretching over an acre measuring 4 449 square metres. The property has a solid built 3 bedroom house with,2025-10-22,2026-09-22T10:49:18+02:00,Venture Management,8,"[""https://www.property.co.zw/uploadedfiles/20/4f/83/204f835f-9440-4049-be50-7a5e3c8111ea_thumbnail695.webp"", ""https://www.property.co.zw/uploadedfiles/62/aa/8b/62aa8b0d-185d-4435-bd7a-098723b64dc6_thumbnail695.webp"", ""https://www.property.co.zw/uploadedfiles/b2/30/46/b2304647-bfb4-4c78-8682-8408a5668750_thumbnail695.webp"", ""https://www.property.co.zw/uploadedfiles/43/02/fc/4302fca6-808e-49cb-859f-da2c2bf0647a_thumbnail695.webp"", ""https://www.property.co.zw/uploadedfiles/d7/92/87/d79287dd-53a8-4c48-a390-6bbc1eedaa04_thumbnail695.webp"", ""https://www.property.co.zw/uploadedfiles/c8/d9/48/c8d9487f-23c4-4f6c-941e-2edac404992f_thumbnail695.webp"", ""https://www.property.co.zw/uploadedfiles/ac/cc/1d/accc1dfe-ac47-4ff2-ac96-e4dad76248e5_thumbnail695.webp"", ""https://www.property.co.zw/uploadedfiles/fa/8a/1f/fa8a1f23-ffb5-43e2-baae-2f89398b34d4_thumbnail695.webp""]",2026-09-23T16:29:46,False,450000.0,,already USD,False,False,True,False,,False,False,False,False,False,False,False,False,False,False,False,False,False,False,False,False,False,False,False,False,False,False,False,False,0
CAC237704,https://www.property.co.zw/for-sale/houses-cac237704,A choice of 9 Villas in the heart of Borrowdale Brooke ,1800000.0,USD,Borrowdale Brooke,Harare North,Zimbabwe,"Borrowdale Brooke, Harare North, Harare",5,5.0,16000.0,m²,600.0,m²,"New  listing
 BORROWDALE BROOKE 
NOW SELLING

A Gated complex of luxury 5 bedrooms duplex units

Ground Floor
- Spacious lounge  and dining rooms 
- Open",2026-01-12,2026-09-22T10:50:34+02:00,Carson & Carson Real Estate,20,"[""https://www.property.co.zw/uploadedfiles/76/54/15/7654153c-040b-4cac-bcdb-aae22473abc1_thumbnail695.webp"", ""https://www.property.co.zw/uploadedfiles/9e/79/c9/9e79c96b-3215-4100-aff5-3144d4393337_thumbnail695.webp"", ""https://www.property.co.zw/uploadedfiles/7b/12/84/7b1284b5-9169-4574-9883-fd21dae6f973_thumbnail695.webp"", ""https://www.property.co.zw/uploadedfiles/81/47/af/8147af24-4989-4627-b602-ed10f4d0afe9_thumbnail695.webp"", ""https://www.property.co.zw/uploadedfiles/0a/f3/96/0af396ca-4ca0-43b8-bd9e-3168282f30a6_thumbnail695.webp"", ""https://www.property.co.zw/uploadedfiles/1b/50/13/1b50130b-cbdc-45cc-86c4-b43edee9aa4d_thumbnail695.webp"", ""https://www.property.co.zw/uploadedfiles/50/2e/b2/502eb290-9923-4331-9217-ecf0651fd243_thumbnail695.webp"", ""https://www.property.co.zw/uploadedfiles/31/25/e2/3125e2b1-5883-4fe0-8989-678d11f3864c_thumbnail695.webp"", ""https://www.property.co.zw/uploadedfiles/34/f1/bc/34f1bc4e-e41c-403d-a267-0a3b96a8809c_thumbnail695.webp"", ""https://www.property.co.zw/uploadedfiles/7c/bf/e3/7cbfe3fa-998e-4f42-b5d3-4bf16531d51e_thumbnail695.webp"", ""https://www.property.co.zw/uploadedfiles/e0/3d/ff/e03dff68-e7b3-4bf6-b534-0cc52f4cbc37_thumbnail695.webp"", ""https://www.property.co.zw/uploadedfiles/60/61/64/606164f0-b34b-4470-91cb-e4a85dd2cd09_thumbnail695.webp"", ""https://www.property.co.zw/uploadedfiles/db/87/12/db871206-4802-4e5b-9781-716bb247f5bb_thumbnail695.webp"", ""https://www.property.co.zw/uploadedfiles/6e/4d/a3/6e4da346-5544-496e-9c29-8e953064db0a_thumbnail695.webp"", ""https://www.property.co.zw/uploadedfiles/89/6b/77/896b7707-17eb-4c5c-b6b0-8de72d198fba_thumbnail695.webp"", ""https://www.property.co.zw/uploadedfiles/14/05/d7/1405d795-c22b-4d83-bb58-027a5ffb5e9e_thumbnail695.webp"", ""https://www.property.co.zw/uploadedfiles/44/04/0d/44040d43-c9af-4218-ac17-3a71c4ca5afa_thumbnail695.webp"", ""https://www.property.co.zw/uploadedfiles/b1/12/65/b1126555-c45d-4270-bbf3-1f491e6faa50_thumbnail695.webp"", ""https://www.property.co.zw/uploadedfiles/bc/49/4b/bc494b8b-23bd-4ca6-acd0-d1822f54fc36_thumbnail695.webp"", ""https://www.property.co.zw/uploadedfiles/db/04/30/db04304e-95e6-47ab-bff3-f4249ef8b13d_thumbnail695.webp""]",2026-09-23T16:29:50,False,1800000.0,,already USD,False,False,True,True,,False,False,False,False,False,False,False,False,False,False,False,False,False,False,False,False,False,False,False,False,False,False,False,False,0
TEH252818,https://www.property.co.zw/for-sale/houses-teh252818,"Available for Sale in Warren Park D is a neatly refurbished house with 5 Bedrooms, Lounge and kitche",70000.0,USD,Warren Park,Harare High Density,Zimbabwe,"Warren Park, Harare High Density, Harare",5,2.0,150.0,m²,200.0,m²,"Available for Sale in Warren Park D is a neatly refurbished house with 5 Bedrooms, Lounge and kitchen, 2 bathrooms, walled, gated Paved, borehole ,  2000l tank :",2026-08-04,2026-08-04T20:42:31+02:00,Tanvel Real Estate Harare North,10,"[""https://www.property.co.zw/uploadedfiles/ed/b2/06/edb206e0-591a-47b8-9812-383378f6a912_thumbnail695.webp"", ""https://www.property.co.zw/uploadedfiles/3f/c8/7c/3fc87c73-31a0-4754-ab5c-41a50898a681_thumbnail695.webp"", ""https://www.property.co.zw/uploadedfiles/27/b7/1e/27b71eaa-5608-4db4-b61e-110c0631d4e9_thumbnail695.webp"", ""https://www.property.co.zw/uploadedfiles/0d/d4/00/0dd40052-2394-4b7e-9d78-49ddc1925616_thumbnail695.webp"", ""https://www.property.co.zw/uploadedfiles/ad/cf/d4/adcfd4b8-0931-4267-9989-45cc188ae429_thumbnail695.webp"", ""https://www.property.co.zw/uploadedfiles/cc/14/e0/cc14e011-b547-4c40-8078-11933835e19e_thumbnail695.webp"", ""https://www.property.co.zw/uploadedfiles/ab/5a/c5/ab5ac501-6769-4073-83a7-5182008273f3_thumbnail695.webp"", ""https://www.property.co.zw/uploadedfiles/ca/b6/cd/cab6cd87-1869-4d68-b7b7-0a75b0f61a66_thumbnail695.webp"", ""https://www.property.co.zw/uploadedfiles/01/4f/c3/014fc39a-fb7f-4ae6-8c06-c6d04b1d4abb_thumbnail695.webp"", ""https://www.property.co.zw/uploadedfiles/3b/bb/cc/3bbbccc5-0a8e-4437-9df0-7d5f1d65a208_thumbnail695.webp""]",2026-09-23T16:29:54,False,70000.0,,already USD,False,False,True,True,,False,False,True,False,True,False,False,False,False,False,False,False,False,False,True,True,False,False,False,False,False,False,False,False,0
GBY252882,https://www.property.co.zw/for-sale/houses-gby252882,House for sale,130000.0,USD,Mainway Meadows,Harare South,Zimbabwe,"Mainway Meadows, Harare South, Harare",4,2.0,186.0,m²,450.0,m²,"*MODERN 4 BEDROOM HOME - MAINWAY MEADOWS $135,000*

A spacious 4-bedroom home set on 450 square metres, perfect for comfortable family living. It features a",2026-08-05,2026-08-07T19:23:08+02:00,Gatsby Real Estate,11,"[""https://www.property.co.zw/uploadedfiles/3c/65/7d/3c657dc8-373f-439b-b5ca-96d1fc6f99b2_thumbnail695.webp"", ""https://www.property.co.zw/uploadedfiles/7f/49/e0/7f49e07b-b04d-4d3a-bb6d-9cfdc0e392fe_thumbnail695.webp"", ""https://www.property.co.zw/uploadedfiles/06/d1/d0/06d1d0b3-fe18-4e15-962f-e6a979c1d73c_thumbnail695.webp"", ""https://www.property.co.zw/uploadedfiles/e6/2b/11/e62b1187-e4e2-41b4-886b-c4ab7b5552d8_thumbnail695.webp"", ""https://www.property.co.zw/uploadedfiles/17/7a/ab/177aab73-f0a4-4bdc-9242-8d4ccbf23242_thumbnail695.webp"", ""https://www.property.co.zw/uploadedfiles/00/d2/12/00d212d3-d1b1-4021-9666-8a40353c8cb1_thumbnail695.webp"", ""https://www.property.co.zw/uploadedfiles/45/6f/c0/456fc01c-bdbb-4932-8663-17ed996c8163_thumbnail695.webp"", ""https://www.property.co.zw/uploadedfiles/bd/32/1d/bd321d17-b828-4654-bc31-00638422ae75_thumbnail695.webp"", ""https://www.property.co.zw/uploadedfiles/c0/77/94/c077941e-4c4a-4b75-845c-8beda3c81443_thumbnail695.webp"", ""https://www.property.co.zw/uploadedfiles/12/d6/d2/12d6d242-33ab-4ed6-b94a-45ec103c1c69_thumbnail695.webp"", ""https://www.property.co.zw/uploadedfiles/6c/9b/d7/6c9bd734-5d41-449a-a6b4-cd4e56f1d45b_thumbnail695.webp""]",2026-09-23T16:29:58,False,130000.0,,already USD,False,False,True,True,,False,False,False,False,False,False,False,False,False,False,False,False,False,False,False,False,False,False,False,False,False,False,False,False,0
GAT255553,https://www.property.co.zw/for-sale/houses-gat255553,Hillside – Four Ensuite Bedrooms with Multiple Cottages,250000.0,USD,Hillside,Harare South,Zimbabwe,"Hillside, Harare South, Harare",4,4.0,400.0,m²,,1160,"A home for your family, with additional accommodation that opens up income opportunities. Set on a 1,160m² stand in Hillside, this property combines a spacious",2026-09-21,2026-09-21T10:42:38+02:00,Guest and Tanner Real Estate,15,"[""https://www.property.co.zw/uploadedfiles/ac/ee/4c/acee4cb6-d56d-45ae-ad38-2bb54e87afee_thumbnail695.webp"", ""https://www.property.co.zw/uploadedfiles/d6/33/cd/d633cda4-0f21-4281-b79e-65db20971b8b_thumbnail695.webp"", ""https://www.property.co.zw/uploadedfiles/35/06/59/35065981-fdbd-4856-9632-7b2f0b77fc7f_thumbnail695.webp"", ""https://www.property.co.zw/uploadedfiles/05/12/16/051216dc-fcfc-4643-870f-6b65a4947d4b_thumbnail695.webp"", ""https://www.property.co.zw/uploadedfiles/90/e9/37/90e93714-921a-461f-8ddc-b5a32f897940_thumbnail695.webp"", ""https://www.property.co.zw/uploadedfiles/25/14/5a/25145a78-4688-4b07-925e-c74290eafa7d_thumbnail695.webp"", ""https://www.property.co.zw/uploadedfiles/e7/ac/5d/e7ac5d2d-3a01-4c0b-9883-433bd7fa1ce3_thumbnail695.webp"", ""https://www.property.co.zw/uploadedfiles/1c/b8/50/1cb85037-7f3a-485d-a39d-04bf891af37c_thumbnail695.webp"", ""https://www.property.co.zw/uploadedfiles/35/5f/90/355f90c0-22d1-4ac1-b9a2-fadbe8737288_thumbnail695.webp"", ""https://www.property.co.zw/uploadedfiles/ac/d3/fd/acd3fd48-b4ef-47d4-bb2f-7ccb299c22f9_thumbnail695.webp"", ""https://www.property.co.zw/uploadedfiles/3e/49/fc/3e49fc96-bc8f-498c-b673-fa5201360405_thumbnail695.webp"", ""https://www.property.co.zw/uploadedfiles/09/5f/80/095f80a4-390e-4e31-bdf4-2e95e8b937f3_thumbnail695.webp"", ""https://www.property.co.zw/uploadedfiles/9f/b7/2c/9fb72c0a-926e-43dd-bcb4-6f7cdfb1398e_thumbnail695.webp"", ""https://www.property.co.zw/uploadedfiles/5c/0a/c0/5c0ac0b2-ba0e-4613-8993-78996c3b22e0_thumbnail695.webp"", ""https://www.property.co.zw/uploadedfiles/09/f0/5c/09f05caf-8629-4b17-98bc-71033e65a024_thumbnail695.webp""]",2026-09-23T16:30:02,False,250000.0,,already USD,False,False,False,True,,False,False,False,False,False,False,False,False,False,False,False,False,False,False,False,False,False,False,False,False,False,False,False,False,0
TRZ254125,https://www.property.co.zw/for-sale/houses-trz254125,Borrowdale Brooke Ridge Double Storey For Sale,1200000.0,USD,Borrowdale Brooke,Harare North,Zimbabwe,"Borrowdale Brooke, Harare North, Harare",5,4.0,,,16000.0,m²,"Perched majestically atop Brooke Ridge, this luxurious double-storey residence offers 16,000?m² (1.6?ha) of sophisticated living space. A true masterpiece of",2026-08-27,2026-08-27T12:44:30+02:00,Terezim Properties,6,"[""https://www.property.co.zw/uploadedfiles/ed/3a/1f/ed3a1fac-371b-40b2-8e00-d9d428cf6e45_thumbnail695.webp"", ""https://www.property.co.zw/uploadedfiles/a1/c5/b3/a1c5b37c-96ff-4020-8f3c-1b65940bdb1f_thumbnail695.webp"", ""https://www.property.co.zw/uploadedfiles/93/4b/f1/934bf18c-d8e1-4551-ae05-fbfcaac77bde_thumbnail695.webp"", ""https://www.property.co.zw/uploadedfiles/fa/8f/83/fa8f8384-abc9-4888-8525-167fc28d7e13_thumbnail695.webp"", ""https://www.property.co.zw/uploadedfiles/b8/62/33/b8623398-452d-484e-85d7-585e055e6d0d_thumbnail695.webp"", ""https://www.property.co.zw/uploadedfiles/db/31/b0/db31b09f-47c7-40a2-94df-41f647099a9e_thumbnail695.webp""]",2026-09-23T16:30:06,False,1200000.0,,already USD,False,True,True,False,,False,False,False,False,False,False,False,False,False,False,False,False,False,False,False,False,False,False,False,False,False,False,False,False,0
P43251732,https://www.property.co.zw/for-sale/houses-p43251732,"4-Bed Zengeza House — Walled, Gated with Brick Chimney",42000.0,USD,Zengeza,Chitungwiza,Zimbabwe,"Zengeza, Chitungwiza, Mashonaland East",4,2.0,100.0,m²,300.0,m²,"Chitungwiza unit g house on sale ,4 beds , tittle deeds durawalled,gated , on 300 sqms , USD 42k",2026-07-20,2026-07-20T07:57:04+02:00,Test 43,4,"[""https://www.property.co.zw/uploadedfiles/9c/18/8d/9c188d47-2c96-4b2b-83df-da1243705bff_thumbnail695.webp"", ""https://www.property.co.zw/uploadedfiles/ab/f4/53/abf453fc-f339-4314-b94d-0f106cd15ee5_thumbnail695.webp"", ""https://www.property.co.zw/uploadedfiles/d5/e5/09/d5e509b0-23ef-41a9-affb-83851798af1d_thumbnail695.webp"", ""https://www.property.co.zw/uploadedfiles/e8/a1/1a/e8a11ac9-83c0-41b3-94e2-0ece1d904bc6_thumbnail695.webp""]",2026-09-23T16:30:10,False,42000.0,,already USD,False,False,True,True,,False,False,False,False,True,False,False,False,False,False,False,False,False,False,False,False,False,False,False,False,False,False,False,False,0
JSPP255650,https://www.property.co.zw/for-sale/houses-jspp255650,INVESTMENT OPPORTUNITY!2-Bed Cottage on 470m² in Nkwisi Gardens- Title Deeds,70000.0,USD,Nkwisi Gardens,Harare West,Zimbabwe,"Nkwisi Gardens, Harare West, Harare",2,1.0,90.0,m²,470.0,m²,"
 NKWISI GARDENS - 2 BED COTTAGE ON 470SQM - $70,000 USD - TITLE DEEDS ??CHEAPEST IN NKWISI TODAY!Looking for a neat starter home with BIG STAND? This is it!? 2",2026-09-22,2026-09-22T10:40:32+02:00,Just Property,10,"[""https://www.property.co.zw/uploadedfiles/31/de/d3/31ded31f-4fb0-4361-bb37-e05a903663a3_thumbnail695.webp"", ""https://www.property.co.zw/uploadedfiles/fa/36/28/fa362884-7a3e-4f3d-b2dd-eddcca1368b8_thumbnail695.webp"", ""https://www.property.co.zw/uploadedfiles/ca/09/31/ca093162-1ca6-42d9-bad5-315b70c74414_thumbnail695.webp"", ""https://www.property.co.zw/uploadedfiles/19/82/7d/19827df1-baf1-443e-9944-fca2c84bb27c_thumbnail695.webp"", ""https://www.property.co.zw/uploadedfiles/2c/dd/c0/2cddc0fd-5a2f-4b62-8241-89c5b8db5d85_thumbnail695.webp"", ""https://www.property.co.zw/uploadedfiles/1b/5c/7d/1b5c7d33-cffe-4bbb-9625-ba0ca1a6c2be_thumbnail695.webp"", ""https://www.property.co.zw/uploadedfiles/cb/84/ab/cb84ab9e-64c9-4a02-bdcf-9b4bc5a93652_thumbnail695.webp"", ""https://www.property.co.zw/uploadedfiles/63/36/35/63363522-5881-415d-a542-36f1dfa85aa4_thumbnail695.webp"", ""https://www.property.co.zw/uploadedfiles/1d/d9/85/1dd985d9-c5b3-4d71-88e6-2e5493748bbc_thumbnail695.webp"", ""https://www.property.co.zw/uploadedfiles/67/bd/ec/67bdec4d-8a26-4949-9ad8-f7c025327ea6_thumbnail695.webp""]",2026-09-23T16:30:14,False,70000.0,,already USD,False,False,True,True,,False,False,False,False,False,False,False,False,False,False,False,False,False,False,False,False,False,False,False,False,False,True,True,False,0
PGP251506,https://www.property.co.zw/for-sale/houses-pgp251506,Great Investment Opportunity in Good Location,345000.0,USD,Marlborough,Harare West,Zimbabwe,"Marlborough, Harare West, Harare",6,3.0,400.0,m²,4318.0,m²,"Positioned in the heart of Marlborough on an expansive 4,318sqm stand, this exceptional income-generating property presents a rare opportunity for investors,",2026-07-16,2026-07-16T12:00:31+02:00,Pam Golding Properties,18,"[""https://www.property.co.zw/uploadedfiles/0b/18/a6/0b18a607-e0c8-45e1-b612-79722de0a261_thumbnail695.webp"", ""https://www.property.co.zw/uploadedfiles/5c/f9/61/5cf96151-1ba0-4886-aa5f-a60059ef39d5_thumbnail695.webp"", ""https://www.property.co.zw/uploadedfiles/44/b9/45/44b94593-b337-4e2b-b72b-4c54da6c213f_thumbnail695.webp"", ""https://www.property.co.zw/uploadedfiles/d8/c6/7d/d8c67d28-19f3-475e-9e4d-2f8537f683e3_thumbnail695.webp"", ""https://www.property.co.zw/uploadedfiles/40/ff/0a/40ff0ab4-41af-4564-8db0-f7fad7192b27_thumbnail695.webp"", ""https://www.property.co.zw/uploadedfiles/74/e8/ca/74e8ca59-6680-4b13-bf52-d11ca36df030_thumbnail695.webp"", ""https://www.property.co.zw/uploadedfiles/e8/a6/a4/e8a6a4b4-b5b2-4f67-9c81-04e7decb44bf_thumbnail695.webp"", ""https://www.property.co.zw/uploadedfiles/1e/d5/02/1ed50228-2b56-468c-b635-b7e51adc08ca_thumbnail695.webp"", ""https://www.property.co.zw/uploadedfiles/54/9e/85/549e8598-504f-412a-9c11-f68a2a65b5b3_thumbnail695.webp"", ""https://www.property.co.zw/uploadedfiles/9f/58/28/9f582862-ee28-4fd7-83f2-7047ac5f4832_thumbnail695.webp"", ""https://www.property.co.zw/uploadedfiles/c7/98/62/c79862e0-7f0d-4b03-9601-3b58ce6393f7_thumbnail695.webp"", ""https://www.property.co.zw/uploadedfiles/4b/6a/ee/4b6aeec7-a561-462c-86cc-a5ce6d655ea5_thumbnail695.webp"", ""https://www.property.co.zw/uploadedfiles/41/8a/b9/418ab9ae-1d16-4086-969e-f0cc125fb143_thumbnail695.webp"", ""https://www.property.co.zw/uploadedfiles/cf/4b/63/cf4b6322-2af1-44e5-88c7-b7bfa0bf0af0_thumbnail695.webp"", ""https://www.property.co.zw/uploadedfiles/90/50/c9/9050c9bc-ddb5-480e-a4a9-9a2bf99714d5_thumbnail695.webp"", ""https://www.property.co.zw/uploadedfiles/fa/ea/da/faeadabd-71c1-4ab9-bb7d-937900864069_thumbnail695.webp"", ""https://www.property.co.zw/uploadedfiles/c9/fc/b7/c9fcb7c1-21de-481b-adae-053fdf49292f_thumbnail695.webp"", ""https://www.property.co.zw/uploadedfiles/4b/4b/d6/4b4bd6c5-8773-4ef9-9191-f84e202aa986_thumbnail695.webp""]",2026-09-23T16:30:18,False,345000.0,,already USD,False,False,True,True,,False,False,False,False,False,False,False,False,False,False,False,False,False,False,False,False,False,False,False,False,False,False,False,False,0
MALB350,https://www.property.co.zw/for-sale/houses-hfp254963,Old Malborough (Addylin North) 3Bed House For Sale,350000.0,USD,Marlborough,Harare West,Zimbabwe,"Marlborough, Harare West, Harare",3,2.0,196.0,m²,4049.0,m²,"MARLBOROUGH 3-BEDROOM HOUSE FOR SALE

INVESTOR’S DELIGHT | PRIME DEVELOPMENT OPPORTUNITY

PRICE: US$350,000
LAND: 4,049 SQM
STATUS: TITLE DEED (COMPANY)",2026-09-10,2026-09-10T22:00:14+02:00,Homesforth Properties,12,"[""https://www.property.co.zw/uploadedfiles/b6/4d/00/b64d00d0-5b62-4705-ad2b-5b2a839ff039_thumbnail695.webp"", ""https://www.property.co.zw/uploadedfiles/90/4a/4f/904a4fa3-d857-41f9-a95a-c492e8e826f3_thumbnail695.webp"", ""https://www.property.co.zw/uploadedfiles/9c/4f/2c/9c4f2c1e-c58d-4a17-ab1a-ffd1fb27bb2c_thumbnail695.webp"", ""https://www.property.co.zw/uploadedfiles/91/a5/48/91a54830-5654-440f-8bb7-025c7ba1e22a_thumbnail695.webp"", ""https://www.property.co.zw/uploadedfiles/96/12/d0/9612d0f5-2bfd-437e-ba2e-5416a97de9c2_thumbnail695.webp"", ""https://www.property.co.zw/uploadedfiles/40/ad/9a/40ad9a7c-09bd-47a6-be04-590390ea9145_thumbnail695.webp"", ""https://www.property.co.zw/uploadedfiles/c9/4b/71/c94b7150-178c-49b8-b49a-466aaad61126_thumbnail695.webp"", ""https://www.property.co.zw/uploadedfiles/8d/f8/9e/8df89e81-fc16-43c6-b7e5-d7d2e1903a56_thumbnail695.webp"", ""https://www.property.co.zw/uploadedfiles/bf/5c/ae/bf5caed5-7347-48b8-8ff2-01c565d819a1_thumbnail695.webp"", ""https://www.property.co.zw/uploadedfiles/99/1d/23/991d2347-a59d-4fbf-9d7a-e354c8463c20_thumbnail695.webp"", ""https://www.property.co.zw/uploadedfiles/da/73/7d/da737d6d-cc19-4ded-bc53-27f64411b8c1_thumbnail695.webp"", ""https://www.property.co.zw/uploadedfiles/bc/09/68/bc0968be-2a98-4116-9960-8b7668b0faca_thumbnail695.webp""]",2026-09-23T16:30:22,False,350000.0,,already USD,False,False,True,True,,False,False,False,False,False,False,False,False,False,False,False,False,False,False,False,False,False,False,False,False,False,False,True,False,0
CAC243758,https://www.property.co.zw/for-sale/houses-cac243758,Unfinished 5-Bed Zimre Park Home with Borehole,90000.0,USD,Zimre Park,Harare East,Zimbabwe,"Zimre Park, Harare East, Harare",5,2.0,486.0,m²,688.0,m²,"Spacious five-bedroom family home in coveted Zimre Park, Harare East — a rare opportunity on a 688 m² stand with a generous 486 m² of building space. This",2026-03-30,2026-05-13T10:17:03+02:00,Carson & Carson Real Estate,1,"[""https://www.property.co.zw/uploadedfiles/f2/92/6c/f2926c68-f5c2-4533-9e62-1d8362b0d4e2_thumbnail695.webp""]",2026-09-23T16:30:27,False,90000.0,,already USD,False,False,True,True,,False,False,False,False,False,False,False,False,False,False,False,False,False,False,False,False,False,False,False,False,False,False,False,False,0
SEF254714,https://www.property.co.zw/for-sale/houses-sef254714,Spacious 4-Bed Unfinished Home on 400m² in Mabvazuva,90000.0,USD,Mabvazuva,Ruwa,Zimbabwe,"Mabvazuva, Ruwa, Mashonaland East",4,2.0,280.0,m²,400.0,m²,"Solid family home in Mabvazuva, Ruwa — 4 bedrooms, 2 bathrooms on a compact 400 m² stand with a generous 280 m² built footprint. As shown in the photos, the shell",2026-09-07,2026-09-10T13:20:23+02:00,Seeff Zimbabwe,11,"[""https://www.property.co.zw/uploadedfiles/d4/7b/bd/d47bbdfa-a2ab-4858-9fb5-041cac2b5b12_thumbnail695.webp"", ""https://www.property.co.zw/uploadedfiles/25/ac/0b/25ac0be7-c548-413c-80ff-bef42a04646c_thumbnail695.webp"", ""https://www.property.co.zw/uploadedfiles/40/11/d9/4011d927-f64c-4956-a02e-f2bf353df5af_thumbnail695.webp"", ""https://www.property.co.zw/uploadedfiles/eb/bd/3b/ebbd3b5e-1a08-47c1-8ed5-dc746d80984b_thumbnail695.webp"", ""https://www.property.co.zw/uploadedfiles/be/63/c1/be63c161-8fb5-4d0b-8f9a-4421bb9a7b8f_thumbnail695.webp"", ""https://www.property.co.zw/uploadedfiles/35/6a/78/356a78d0-b1c5-42c9-b4ef-b2fc9f405147_thumbnail695.webp"", ""https://www.property.co.zw/uploadedfiles/df/f6/ce/dff6ce59-1927-4b18-ae57-7f669249b979_thumbnail695.webp"", ""https://www.property.co.zw/uploadedfiles/88/94/47/88944709-9edc-4b4a-88ff-3458de46d860_thumbnail695.webp"", ""https://www.property.co.zw/uploadedfiles/d6/e9/86/d6e986de-5d12-4bdc-b5f4-d0f5aed14a4c_thumbnail695.webp"", ""https://www.property.co.zw/uploadedfiles/98/41/ee/9841ee81-1488-46ee-be0e-1033f66d9019_thumbnail695.webp"", ""https://www.property.co.zw/uploadedfiles/dd/e6/48/dde6489a-4295-426b-abed-e9cc89de1815_thumbnail695.webp""]",2026-09-23T16:30:31,False,90000.0,,already USD,False,False,True,True,,False,False,False,False,False,False,False,False,False,False,False,False,False,False,False,False,False,False,False,False,False,False,False,False,1
RPR254937,https://www.property.co.zw/for-sale/houses-rpr254937,Chitungwiza St Marys Core House for sale,20000.0,USD,St. Marys,Chitungwiza,Zimbabwe,"St. Marys, Chitungwiza, Mashonaland East",1,1.0,63.0,m²,150.0,m²,Core house in Chitungwiza with council cession.,2026-09-10,2026-09-10T10:45:25+02:00,Root Pro,4,"[""https://www.property.co.zw/uploadedfiles/ec/96/77/ec96772c-4486-4010-926a-c83bad50873f_thumbnail695.webp"", ""https://www.property.co.zw/uploadedfiles/91/ba/e1/91bae1a5-c6a6-44c6-80e6-41380027a955_thumbnail695.webp"", ""https://www.property.co.zw/uploadedfiles/b7/bf/b0/b7bfb05f-716e-4b38-98ab-0e7f02cc637d_thumbnail695.webp"", ""https://www.property.co.zw/uploadedfiles/8e/a6/43/8ea643e6-aa28-46f1-b6e9-3692dfae1650_thumbnail695.webp""]",2026-09-23T16:30:35,False,20000.0,,already USD,False,False,True,True,,False,False,False,False,False,False,False,False,False,False,False,False,False,False,False,False,False,False,False,False,False,False,False,True,0
GLRE251008,https://www.property.co.zw/for-sale/houses-glre251008,"Brick 3-Bed Bungalow on 680m² Plot — Westlea, Harare West",150000.0,USD,Westlea,Harare West,Zimbabwe,"Westlea, Harare West, Harare",3,2.0,500.0,m²,680.0,m²,"Charming single-storey family home in Westlea, Harare West — a solid brick property on a generous 680 m² stand with approximately 500 m² building area, ideal for a",2026-07-09,2026-07-09T11:49:02+02:00,GoldenWill Real Estate,12,"[""https://www.property.co.zw/uploadedfiles/6b/20/d9/6b20d946-7f47-47d4-970c-9c3f541aec40_thumbnail695.webp"", ""https://www.property.co.zw/uploadedfiles/da/00/e1/da00e115-2e1b-46d5-be78-2c723c825754_thumbnail695.webp"", ""https://www.property.co.zw/uploadedfiles/6a/5e/a6/6a5ea6e0-4bef-466d-b7c0-1b31c5efcb30_thumbnail695.webp"", ""https://www.property.co.zw/uploadedfiles/82/08/99/820899be-bbd6-4c6c-bbff-d568e691b8e9_thumbnail695.webp"", ""https://www.property.co.zw/uploadedfiles/74/46/92/744692c5-289a-4d86-88db-60f36fcb7429_thumbnail695.webp"", ""https://www.property.co.zw/uploadedfiles/df/0e/a8/df0ea801-dfe8-41c3-93ad-857e0d77ebda_thumbnail695.webp"", ""https://www.property.co.zw/uploadedfiles/ea/d9/9e/ead99e3c-2b2a-4762-b225-5930ff79608f_thumbnail695.webp"", ""https://www.property.co.zw/uploadedfiles/44/fd/1e/44fd1e00-aa31-4bc1-a1a7-96edb4066ef1_thumbnail695.webp"", ""https://www.property.co.zw/uploadedfiles/ce/d4/b8/ced4b8ed-9613-43eb-8d99-45027cd2cfe8_thumbnail695.webp"", ""https://www.property.co.zw/uploadedfiles/01/66/f1/0166f12e-44f3-4e6a-b000-18897f8200a4_thumbnail695.webp"", ""https://www.property.co.zw/uploadedfiles/13/24/40/1324407c-028b-4869-b45a-f427527f5725_thumbnail695.webp"", ""https://www.property.co.zw/uploadedfiles/72/ba/26/72ba2679-49e9-4eb9-ad65-837df021bbde_thumbnail695.webp""]",2026-09-23T16:30:39,False,150000.0,,already USD,False,True,True,True,,False,False,False,False,False,False,False,False,False,False,False,False,False,False,False,False,False,False,False,False,False,False,False,False,0
PGP254036,https://www.property.co.zw/for-sale/houses-pgp254036,Well Located In Mabelreign!,160000.0,USD,Mabelreign,Harare West,Zimbabwe,"Mabelreign, Harare West, Harare",5,1.0,280.0,m²,1864.0,m²,"This family home in Mabelreign is well priced . It is just a stone throw away from schools, shopping centre, sports club and  eateries .

Situated on 1864 square",2026-08-26,2026-08-26T15:09:07+02:00,Pam Golding Properties,12,"[""https://www.property.co.zw/uploadedfiles/7a/89/17/7a8917a2-c57c-4607-84a8-bf12742d7436_thumbnail695.webp"", ""https://www.property.co.zw/uploadedfiles/59/ec/9f/59ec9f1f-3ada-48e2-ab77-213d47028f84_thumbnail695.webp"", ""https://www.property.co.zw/uploadedfiles/95/d9/43/95d9439e-aa88-4e15-bc6b-a561f8524b06_thumbnail695.webp"", ""https://www.property.co.zw/uploadedfiles/85/4b/bb/854bbb29-6040-4627-ac19-7561a7b07106_thumbnail695.webp"", ""https://www.property.co.zw/uploadedfiles/e9/63/fa/e963fa38-0e73-4108-8ae2-c4f56cdb84c7_thumbnail695.webp"", ""https://www.property.co.zw/uploadedfiles/8d/24/4c/8d244cbb-d55d-4512-a3df-610dc1a39803_thumbnail695.webp"", ""https://www.property.co.zw/uploadedfiles/9a/af/b4/9aafb48c-60a6-4f89-a78e-7d43e76eb875_thumbnail695.webp"", ""https://www.property.co.zw/uploadedfiles/4b/ce/1e/4bce1e04-9482-43c6-9dba-ec587d46ac5e_thumbnail695.webp"", ""https://www.property.co.zw/uploadedfiles/05/3d/a0/053da00c-59de-4f7b-bc5c-a9c6975aef1c_thumbnail695.webp"", ""https://www.property.co.zw/uploadedfiles/98/45/f2/9845f2e5-e8c1-4ded-9432-f14ff2d4265e_thumbnail695.webp"", ""https://www.property.co.zw/uploadedfiles/68/fd/6b/68fd6bd6-403d-479a-aceb-3e30afcf20ae_thumbnail695.webp"", ""https://www.property.co.zw/uploadedfiles/1c/a8/ee/1ca8ee57-bc1e-4956-aae6-b4340a815e3f_thumbnail695.webp""]",2026-09-23T16:30:43,False,160000.0,,already USD,False,False,True,True,,False,False,False,False,False,False,False,False,False,False,False,False,False,False,False,False,False,False,False,False,False,False,False,False,0
DTP205612,https://www.property.co.zw/for-sale/houses-dtp205612,Charming Family Home with Entertainment Oasis in Helensvale,1100000.0,USD,Helensvale,Harare North,Zimbabwe,"Helensvale, Harare North, Harare",4,5.0,600.0,m²,15952.0,m²,"Nestled in the serene and sought-after neighbourhood of Helensvale, this spacious family home offers comfort, privacy, and endless potential. Set on a generously",2024-11-04,2026-07-29T12:57:21+02:00,DylTan Properties,20,"[""https://www.property.co.zw/uploadedfiles/61/1b/8e/611b8e9c-5a85-46a9-8e25-1cb422e37f6a_thumbnail695.webp"", ""https://www.property.co.zw/uploadedfiles/5c/7b/c5/5c7bc57e-711f-402d-a65d-410ec6690d16_thumbnail695.webp"", ""https://www.property.co.zw/uploadedfiles/0a/7c/d7/0a7cd7c3-9c0f-4d9f-b5de-1de8a756e9a1_thumbnail695.webp"", ""https://www.property.co.zw/uploadedfiles/b0/e0/33/b0e03359-35c1-482a-99bb-2c1a0e32b4c7_thumbnail695.webp"", ""https://www.property.co.zw/uploadedfiles/24/b4/92/24b49299-a047-429f-9a05-390630e090d5_thumbnail695.webp"", ""https://www.property.co.zw/uploadedfiles/c0/93/04/c093043c-da4e-4d82-88bf-4d483d6ebf66_thumbnail695.webp"", ""https://www.property.co.zw/uploadedfiles/2c/c6/c1/2cc6c16a-2ff2-4413-ac96-39f7e6df0a8c_thumbnail695.webp"", ""https://www.property.co.zw/uploadedfiles/b8/9d/99/b89d9935-00ba-4cd5-bc77-28e81d0554c8_thumbnail695.webp"", ""https://www.property.co.zw/uploadedfiles/e9/90/60/e9906052-2bcd-4572-8e75-48d90132ceca_thumbnail695.webp"", ""https://www.property.co.zw/uploadedfiles/0e/6d/20/0e6d20fd-e892-4172-ba54-3b52e8264073_thumbnail695.webp"", ""https://www.property.co.zw/uploadedfiles/fc/4f/50/fc4f504e-7ecf-40a4-9583-3d71a14b2c0e_thumbnail695.webp"", ""https://www.property.co.zw/uploadedfiles/b1/4a/99/b14a9951-0462-41a2-8fc0-8c58464a3bbf_thumbnail695.webp"", ""https://www.property.co.zw/uploadedfiles/06/e9/93/06e993dc-a46c-4858-a886-ceded27b954b_thumbnail695.webp"", ""https://www.property.co.zw/uploadedfiles/99/9f/18/999f1813-c0b9-4da6-a033-b474d7229bde_thumbnail695.webp"", ""https://www.property.co.zw/uploadedfiles/d0/21/e1/d021e1b1-eed7-4cf0-8fa5-b779afce20df_thumbnail695.webp"", ""https://www.property.co.zw/uploadedfiles/d0/8f/f9/d08ff9a8-c067-4771-8f6b-3321ab0114f9_thumbnail695.webp"", ""https://www.property.co.zw/uploadedfiles/f1/de/db/f1dedb8f-5592-487f-b963-8a9c626a2641_thumbnail695.webp"", ""https://www.property.co.zw/uploadedfiles/cf/5b/5a/cf5b5a0a-fb22-4540-9858-37a7211204ab_thumbnail695.webp"", ""https://www.property.co.zw/uploadedfiles/a7/85/82/a7858242-773a-40f7-95a9-bb5d1d0d95e6_thumbnail695.webp"", ""https://www.property.co.zw/uploadedfiles/b2/09/f5/b209f512-e601-443c-abd6-d4dc631af526_thumbnail695.webp""]",2026-09-23T16:30:47,False,1100000.0,,already USD,False,False,True,True,,False,False,False,False,False,False,False,False,False,False,False,False,False,False,False,False,False,False,False,False,False,False,False,False,0
LNVP254947,https://www.property.co.zw/for-sale/houses-lnvp254947,Modern House for sale in Budiriro,85000.0,USD,Budiriro,Harare High Density,Zimbabwe,"Budiriro, Harare High Density, Harare",4,2.0,180.0,m²,300.0,m²,"
Discover comfortable, secure living in this well-maintained 4-bedroom home located in Budiriro Cabs, sitting on a spacious **300 sqm** plot. Perfect for a",2026-09-10,2026-09-10T11:38:46+02:00,Leanvest Properties,19,"[""https://www.property.co.zw/uploadedfiles/9c/b0/21/9cb021dc-b3b0-432a-a9ff-4ac1de86b19c_thumbnail695.webp"", ""https://www.property.co.zw/uploadedfiles/5b/f5/6d/5bf56d74-5dc6-4c20-b36d-6108e484963e_thumbnail695.webp"", ""https://www.property.co.zw/uploadedfiles/88/a7/d9/88a7d921-6725-4f84-a342-9ee213b0816e_thumbnail695.webp"", ""https://www.property.co.zw/uploadedfiles/ee/58/2e/ee582e5c-0c6d-46c1-9357-d071eeb154d7_thumbnail695.webp"", ""https://www.property.co.zw/uploadedfiles/34/3d/52/343d5299-7266-42fa-9e23-089b3e86aa08_thumbnail695.webp"", ""https://www.property.co.zw/uploadedfiles/bd/ab/90/bdab9077-86b5-4232-b3f7-2e4453404760_thumbnail695.webp"", ""https://www.property.co.zw/uploadedfiles/0d/56/81/0d5681da-ceed-4195-8754-f8d56acba4fa_thumbnail695.webp"", ""https://www.property.co.zw/uploadedfiles/2e/37/84/2e378483-f648-4899-a952-9339e6391a93_thumbnail695.webp"", ""https://www.property.co.zw/uploadedfiles/00/42/77/004277ec-abd7-43d5-b993-6bc055463990_thumbnail695.webp"", ""https://www.property.co.zw/uploadedfiles/f0/8c/88/f08c88fb-793d-4e85-a705-4fc970aff313_thumbnail695.webp"", ""https://www.property.co.zw/uploadedfiles/55/ab/18/55ab183f-9995-4d5d-9e79-b6a647ef94cc_thumbnail695.webp"", ""https://www.property.co.zw/uploadedfiles/ff/7e/f5/ff7ef546-73ae-4793-8633-62b5c588d9b0_thumbnail695.webp"", ""https://www.property.co.zw/uploadedfiles/ea/a5/b8/eaa5b81e-b97f-44a1-9131-a0e1c5be90a8_thumbnail695.webp"", ""https://www.property.co.zw/uploadedfiles/da/0b/6f/da0b6fc9-5679-4e5b-9aa9-bb858c8f7b54_thumbnail695.webp"", ""https://www.property.co.zw/uploadedfiles/0f/7b/11/0f7b1138-4019-4db4-a9e6-663288265234_thumbnail695.webp"", ""https://www.property.co.zw/uploadedfiles/ac/aa/1b/acaa1b76-343f-4b9e-8688-479c0ddb7c73_thumbnail695.webp"", ""https://www.property.co.zw/uploadedfiles/72/ca/07/72ca0700-8f44-4290-857b-b8f140d926c5_thumbnail695.webp"", ""https://www.property.co.zw/uploadedfiles/2e/8e/ee/2e8eee9f-7072-4e06-b3ae-a6c84860a489_thumbnail695.webp"", ""https://www.property.co.zw/uploadedfiles/9f/2a/8c/9f2a8c0d-c15d-43ed-84e1-f5bde4d87951_thumbnail695.webp""]",2026-09-23T16:30:52,False,85000.0,,already USD,False,False,True,True,,False,False,False,False,False,False,False,False,False,False,False,False,False,False,False,False,False,False,False,False,False,False,False,False,0
KNP254613,https://www.property.co.zw/for-sale/houses-knp254613,Stunning Suburban Space!,750000.0,USD,Chisipite,Harare North,Zimbabwe,"Chisipite, Harare North, Harare",4,3.0,400.0,m²,4234.0,m²,It gives me absolute delight to present this much-loved family home to the market — a home that has been cherished for nearly two decades and is filled with,2026-09-03,2026-09-20T15:08:32+02:00,Kennan Properties,30,"[""https://www.property.co.zw/uploadedfiles/4e/55/ba/4e55ba4a-176c-4cae-8436-cf43ff20015a_thumbnail695.webp"", ""https://www.property.co.zw/uploadedfiles/33/10/0c/33100c02-f81d-4128-8ca3-4906a0e51a7c_thumbnail695.webp"", ""https://www.property.co.zw/uploadedfiles/1b/d6/52/1bd652ca-a0ad-4b66-b6de-64c8afa160cc_thumbnail695.webp"", ""https://www.property.co.zw/uploadedfiles/de/99/f5/de99f525-052e-483a-9dd2-09677880163b_thumbnail695.webp"", ""https://www.property.co.zw/uploadedfiles/cd/3d/4a/cd3d4af9-c03c-40a0-80c6-8831c82fbafd_thumbnail695.webp"", ""https://www.property.co.zw/uploadedfiles/0c/d9/f7/0cd9f746-4a11-4675-8b0c-a392da7d0783_thumbnail695.webp"", ""https://www.property.co.zw/uploadedfiles/fb/4b/ef/fb4befc0-72dd-45d5-b336-8b12198f8c6f_thumbnail695.webp"", ""https://www.property.co.zw/uploadedfiles/f9/8d/cd/f98dcd44-a4d6-4283-980e-ad20660c5044_thumbnail695.webp"", ""https://www.property.co.zw/uploadedfiles/fb/3d/62/fb3d6281-6aaa-4f5e-bf21-e3b7149478eb_thumbnail695.webp"", ""https://www.property.co.zw/uploadedfiles/ef/2a/47/ef2a4795-b5c0-4ca1-bc1e-826cb4c777f9_thumbnail695.webp"", ""https://www.property.co.zw/uploadedfiles/dd/47/51/dd47519d-948a-45d3-b74a-592d0788f6af_thumbnail695.webp"", ""https://www.property.co.zw/uploadedfiles/0c/09/45/0c0945f4-2da1-4395-bf5f-642eeb9a8d25_thumbnail695.webp"", ""https://www.property.co.zw/uploadedfiles/fa/50/03/fa50037d-e2fa-474c-b95b-dcf80a05028b_thumbnail695.webp"", ""https://www.property.co.zw/uploadedfiles/54/6e/e4/546ee4a9-81d4-4cc7-a49b-3b00a06328a6_thumbnail695.webp"", ""https://www.property.co.zw/uploadedfiles/b9/be/63/b9be6356-1dfb-4dc4-831c-76d77a0d3e34_thumbnail695.webp"", ""https://www.property.co.zw/uploadedfiles/04/8e/cb/048ecb48-da20-4b86-bd99-b439dee88301_thumbnail695.webp"", ""https://www.property.co.zw/uploadedfiles/df/78/df/df78df0f-0e2d-4010-8979-555a8dfd00d1_thumbnail695.webp"", ""https://www.property.co.zw/uploadedfiles/30/d8/44/30d8442b-386f-4d3e-a40c-3c38b524e353_thumbnail695.webp"", ""https://www.property.co.zw/uploadedfiles/ef/42/63/ef4263a6-b439-4d64-9657-5a1f94dcc5e5_thumbnail695.webp"", ""https://www.property.co.zw/uploadedfiles/ff/0a/d6/ff0ad693-f6e5-4a1e-90f0-48101580f31e_thumbnail695.webp"", ""https://www.property.co.zw/uploadedfiles/51/33/b0/5133b02d-3957-4788-9ff6-c2422e51be3f_thumbnail695.webp"", ""https://www.property.co.zw/uploadedfiles/95/fe/d1/95fed14f-73d2-4f66-aee8-42030b8166d7_thumbnail695.webp"", ""https://www.property.co.zw/uploadedfiles/88/6b/90/886b90e7-4dde-4a6f-9e71-85011572b5ea_thumbnail695.webp"", ""https://www.property.co.zw/uploadedfiles/69/f0/e6/69f0e618-4505-4598-ba78-26fc54586a88_thumbnail695.webp"", ""https://www.property.co.zw/uploadedfiles/f3/1d/66/f31d66c5-ee38-4e61-825c-b32d4e5ec8fa_thumbnail695.webp"", ""https://www.property.co.zw/uploadedfiles/e6/c0/e9/e6c0e9c3-06a3-45eb-bd07-05fbd0dc7790_thumbnail695.webp"", ""https://www.property.co.zw/uploadedfiles/74/82/22/748222fc-fa8c-4e6d-ac5f-d5b1ddbf625b_thumbnail695.webp"", ""https://www.property.co.zw/uploadedfiles/fe/90/42/fe904251-9486-40a9-9316-4230870d947e_thumbnail695.webp"", ""https://www.property.co.zw/uploadedfiles/27/da/67/27da67ed-732c-4ed6-b283-c0b119347b2a_thumbnail695.webp"", ""https://www.property.co.zw/uploadedfiles/0e/4b/85/0e4b85b0-5c43-453d-89ee-17697ef5b593_thumbnail695.webp""]",2026-09-23T16:30:56,False,750000.0,,already USD,False,False,True,True,,False,False,False,False,False,False,False,False,False,False,False,False,False,False,False,False,False,False,False,False,False,False,False,False,0
GAT255405,https://www.property.co.zw/for-sale/houses-gat255405,Msasa Park 3-Bedroom House For Sale,79000.0,USD,Msasa Park,Harare South,Zimbabwe,"Msasa Park, Harare South, Harare",3,2.0,300.0,m²,,500,Guest & Tanner welcomes you to this well-maintained 3-bedroom home set on a 500sqm stand in the established neighbourhood of Msasa Park. The property offers,2026-09-17,2026-09-17T16:52:25+02:00,Guest and Tanner Real Estate,14,"[""https://www.property.co.zw/uploadedfiles/1c/3f/e4/1c3fe40b-0a4a-4b39-899b-4964da9d8137_thumbnail695.webp"", ""https://www.property.co.zw/uploadedfiles/5d/7f/1a/5d7f1a4a-10f6-414a-90ed-2b6b715e454b_thumbnail695.webp"", ""https://www.property.co.zw/uploadedfiles/ea/0c/45/ea0c4568-ad0f-456b-bf70-0c4814de48d0_thumbnail695.webp"", ""https://www.property.co.zw/uploadedfiles/a7/d5/32/a7d5323d-dcd8-4ca6-a03e-5664ecad4e24_thumbnail695.webp"", ""https://www.property.co.zw/uploadedfiles/fc/98/e0/fc98e0b4-8e19-47a7-9b97-af63fb629510_thumbnail695.webp"", ""https://www.property.co.zw/uploadedfiles/b9/12/75/b91275e8-12e3-49a6-aaf3-a28e8cdc2d8f_thumbnail695.webp"", ""https://www.property.co.zw/uploadedfiles/41/a9/ed/41a9ed20-f23f-459d-a53d-050200bbffee_thumbnail695.webp"", ""https://www.property.co.zw/uploadedfiles/2f/24/bf/2f24bfdc-23bb-4bd9-bf22-fb97d39374cf_thumbnail695.webp"", ""https://www.property.co.zw/uploadedfiles/33/af/9b/33af9bcd-5bc9-4913-800f-143f56abd66d_thumbnail695.webp"", ""https://www.property.co.zw/uploadedfiles/77/52/2d/77522dec-f4d9-4547-8932-c460d997f639_thumbnail695.webp"", ""https://www.property.co.zw/uploadedfiles/f6/03/aa/f603aaaf-f768-42ae-9d94-91cd220ea22d_thumbnail695.webp"", ""https://www.property.co.zw/uploadedfiles/28/6c/3c/286c3cff-ce76-4db0-bc65-4188fa11b852_thumbnail695.webp"", ""https://www.property.co.zw/uploadedfiles/3d/36/55/3d3655dc-a113-4718-b3dc-d651a4d7ed43_thumbnail695.webp"", ""https://www.property.co.zw/uploadedfiles/83/b5/e0/83b5e0de-9f3c-4799-9d43-d3b7eb988932_thumbnail695.webp""]",2026-09-23T16:31:01,False,79000.0,,already USD,False,False,False,True,,False,False,False,False,False,False,False,False,False,False,False,False,False,False,False,False,False,False,False,False,False,False,False,False,0
PRL254547,https://www.property.co.zw/for-sale/houses-prl254547,Conveniently Located Property Near Cleveland Road,320000.0,USD,Greengrove,Harare East,Zimbabwe,"Greengrove, Harare East, Harare",3,2.0,250.0,m²,4088.0,m²,"Well-situated at the end of a private cul-de-sac, this property offers:
 
 -Prime location close to the Msasa Commercial Hub
 -Spacious 1-acre stand with",2026-09-03,2026-09-03T12:00:18+02:00,Property Link,12,"[""https://www.property.co.zw/uploadedfiles/37/77/8a/37778a07-1fc0-4827-8aa2-594406dfe95f_thumbnail695.webp"", ""https://www.property.co.zw/uploadedfiles/c4/75/00/c4750014-dba3-463c-93aa-4484dd1acd3c_thumbnail695.webp"", ""https://www.property.co.zw/uploadedfiles/cf/6b/d4/cf6bd411-f921-406d-8bb1-f85cf65672ce_thumbnail695.webp"", ""https://www.property.co.zw/uploadedfiles/31/f8/6c/31f86c5b-790d-41e7-bb24-e0185f23a962_thumbnail695.webp"", ""https://www.property.co.zw/uploadedfiles/1c/77/34/1c773454-428d-4c91-8687-2f75c46bc844_thumbnail695.webp"", ""https://www.property.co.zw/uploadedfiles/ab/43/33/ab433364-ae55-4924-ae5c-4342f78a029d_thumbnail695.webp"", ""https://www.property.co.zw/uploadedfiles/ef/fa/c8/effac8f3-d507-43dc-921d-e95bd3add7c1_thumbnail695.webp"", ""https://www.property.co.zw/uploadedfiles/b9/3d/d4/b93dd4f7-67dd-4ba3-a62f-6538c074545c_thumbnail695.webp"", ""https://www.property.co.zw/uploadedfiles/3c/b3/36/3cb336d2-ee3c-47d8-809a-9f9a727ba1d0_thumbnail695.webp"", ""https://www.property.co.zw/uploadedfiles/92/eb/ad/92ebad50-6692-4cba-acab-0e4748569b2d_thumbnail695.webp"", ""https://www.property.co.zw/uploadedfiles/17/65/15/176515b7-88b4-439f-928d-3c48c54458c6_thumbnail695.webp"", ""https://www.property.co.zw/uploadedfiles/70/12/18/701218ee-9b86-46ef-bdd3-e4008b119b78_thumbnail695.webp""]",2026-09-23T16:31:05,False,320000.0,,already USD,False,False,True,True,,False,False,False,False,False,False,False,False,False,False,False,False,False,False,False,False,False,False,False,False,False,False,False,False,0
TEH243670,https://www.property.co.zw/for-sale/houses-teh243670,"VAINONA HOUSE FOR SALE. In close proximity to SAM LEVY, GROOMBRIDGE, ARUNDEL SHOPPING CENTERS  3 bed",400000.0,USD,Vainona,Harare North,Zimbabwe,"Vainona, Harare North, Harare",3,2.0,450.0,m²,2000.0,m²,"VAINONA HOUSE FOR SALE.
In close proximity to SAM LEVY, GROOMBRIDGE, ARUNDEL SHOPPING CENTERS

3 bed room MES
Kitchen 
lounge and dining 
Bathroom and",2026-03-27,2026-04-21T14:18:53+02:00,Tanvel Real Estate Harare North,7,"[""https://www.property.co.zw/uploadedfiles/83/68/15/83681537-94ce-41d3-a1cf-840f57938d01_thumbnail695.webp"", ""https://www.property.co.zw/uploadedfiles/0c/64/ac/0c64accd-2c07-44ee-8c79-ff61e4a792f1_thumbnail695.webp"", ""https://www.property.co.zw/uploadedfiles/2b/21/be/2b21beb0-b3cf-438b-bfbd-2ec7628420f2_thumbnail695.webp"", ""https://www.property.co.zw/uploadedfiles/57/8f/ab/578fab43-f1bb-436f-81c0-5b79f92ce06e_thumbnail695.webp"", ""https://www.property.co.zw/uploadedfiles/11/76/c2/1176c2e6-5bdd-40ef-aa5f-e906200ce1e7_thumbnail695.webp"", ""https://www.property.co.zw/uploadedfiles/bc/dd/5c/bcdd5c41-0eee-4bc9-b59e-381b2c704d45_thumbnail695.webp"", ""https://www.property.co.zw/uploadedfiles/31/76/5c/31765cc0-e37f-43e7-8955-f06bd56077cf_thumbnail695.webp""]",2026-09-23T16:31:09,False,400000.0,,already USD,False,False,True,True,,False,False,False,False,False,False,False,False,False,False,False,False,False,False,False,False,False,False,False,True,False,False,False,False,0
RWS243259,https://www.property.co.zw/for-sale/houses-rws243259,Serious seller ready to transact ,215000.0,USD,Hatfield,Harare South,Zimbabwe,"Hatfield, Harare South, Harare",3,2.0,800.0,m²,4161.0,m²,Strategic 4161m² Hatfield property with clear title deeds. There is a 3-bedroom house with  TLC. The land is positioned less than 1km from both Airport Road and,2026-03-23,2026-04-14T08:37:08+02:00,Rawson Properties Harare,13,"[""https://www.property.co.zw/uploadedfiles/08/3b/79/083b79ac-8e32-4e11-bc3c-8f84ad8cbc8f_thumbnail695.webp"", ""https://www.property.co.zw/uploadedfiles/16/7b/b3/167bb3af-46f2-4609-b528-4dbc344dbfb5_thumbnail695.webp"", ""https://www.property.co.zw/uploadedfiles/fd/15/d5/fd15d5da-caa0-4469-8cd4-976c02718db5_thumbnail695.webp"", ""https://www.property.co.zw/uploadedfiles/69/d4/7a/69d47a8c-8917-4445-9505-820ecd476e17_thumbnail695.webp"", ""https://www.property.co.zw/uploadedfiles/49/a2/3a/49a23a7e-33e3-4a78-9fa7-344bdeebb3a3_thumbnail695.webp"", ""https://www.property.co.zw/uploadedfiles/f6/34/c2/f634c2ea-0096-4f00-81ea-6715c1c1c818_thumbnail695.webp"", ""https://www.property.co.zw/uploadedfiles/01/fc/07/01fc07ff-395b-4910-ac01-a20f021c7538_thumbnail695.webp"", ""https://www.property.co.zw/uploadedfiles/3e/a2/0e/3ea20e1c-8795-4fb5-a6c8-69dcc411142a_thumbnail695.webp"", ""https://www.property.co.zw/uploadedfiles/1f/9b/3a/1f9b3a6a-3880-4215-841b-5f13b4c2dba3_thumbnail695.webp"", ""https://www.property.co.zw/uploadedfiles/43/56/ff/4356ffe2-2923-49aa-9f31-f985e8eabcbe_thumbnail695.webp"", ""https://www.property.co.zw/uploadedfiles/6f/6b/1b/6f6b1b6e-a688-446c-bdd4-6b613db6665d_thumbnail695.webp"", ""https://www.property.co.zw/uploadedfiles/58/7e/62/587e6217-4531-412b-96d6-d5262aef8849_thumbnail695.webp"", ""https://www.property.co.zw/uploadedfiles/ed/0a/3c/ed0a3cb2-0626-419e-869a-e91a5e9bc752_thumbnail695.webp""]",2026-09-23T16:31:13,False,215000.0,,already USD,False,False,True,True,,False,False,False,False,False,False,False,False,False,False,False,False,False,False,False,False,False,False,False,False,False,False,True,False,0
KHA246669,https://www.property.co.zw/for-sale/houses-kha246669,New Malborough house for sale ,130000.0,USD,New Marlborough,Harare West,Zimbabwe,"New Marlborough, Harare West, Harare",3,2.0,250.0,m²,800.0,m²,"?? New Marlborough House For Sale ??
?? Asking Price: USD 140,000

A neat and solid family home located in the sought-after suburb of New Marlborough, perfect",2026-05-11,2026-09-22T15:11:43+02:00,Khalida Realty,14,"[""https://www.property.co.zw/uploadedfiles/14/96/eb/1496ebe3-9e06-433f-a4f6-dd8bbe945dbf_thumbnail695.webp"", ""https://www.property.co.zw/uploadedfiles/77/70/86/777086e1-4b70-4880-8e1d-c2ee08a76b44_thumbnail695.webp"", ""https://www.property.co.zw/uploadedfiles/cc/64/46/cc64468c-544d-4e95-b0ef-459db030ae30_thumbnail695.webp"", ""https://www.property.co.zw/uploadedfiles/2b/b4/de/2bb4ded9-0e6b-4c30-aab2-78fd03505791_thumbnail695.webp"", ""https://www.property.co.zw/uploadedfiles/87/fb/65/87fb65ff-567c-4906-ada5-0faee9917328_thumbnail695.webp"", ""https://www.property.co.zw/uploadedfiles/31/4f/b0/314fb066-0ee3-4195-86bc-2dc6b980e9fa_thumbnail695.webp"", ""https://www.property.co.zw/uploadedfiles/0e/1a/32/0e1a3298-5e16-407a-a056-f3ca133709ab_thumbnail695.webp"", ""https://www.property.co.zw/uploadedfiles/e2/ab/30/e2ab30b7-0178-4239-b955-24c0b44b1233_thumbnail695.webp"", ""https://www.property.co.zw/uploadedfiles/58/96/d1/5896d162-8a88-49eb-9253-b1d7f9c5cb5d_thumbnail695.webp"", ""https://www.property.co.zw/uploadedfiles/3b/8b/34/3b8b3447-6ceb-4422-a497-71c14d4af4f7_thumbnail695.webp"", ""https://www.property.co.zw/uploadedfiles/25/b1/4f/25b14fe8-92bf-4185-a9e2-574fdcf95d44_thumbnail695.webp"", ""https://www.property.co.zw/uploadedfiles/77/63/84/77638499-3711-4e8a-96a3-2d9997c89d77_thumbnail695.webp"", ""https://www.property.co.zw/uploadedfiles/f2/6d/a4/f26da497-106b-47f9-937d-d0a8b216d212_thumbnail695.webp"", ""https://www.property.co.zw/uploadedfiles/90/e9/a5/90e9a598-a94e-46fe-a008-1dd442cb34f2_thumbnail695.webp""]",2026-09-23T16:31:17,False,130000.0,,already USD,False,False,True,True,,False,False,False,False,False,False,False,False,False,False,False,False,False,False,False,False,False,False,False,False,False,False,False,False,0
DDN242451,https://www.property.co.zw/for-sale/houses-ddn242451,Glen?Lorne Family Estate – Your Private Retreat!,550000.0,USD,Glen Lorne,Harare North,Zimbabwe,"Glen Lorne, Harare North, Harare",4,4.0,400.0,m²,7033.0,m²,"Glen?Lorne Family Estate – Your Private Retreat!

- 4 Beds?+?flexible 5th room (office/gym/extra bedroom)
- 3 Baths – MES, guest loo & lower-level en-suite
-",2026-03-11,2026-08-31T11:02:04+02:00,Deridon,35,"[""https://www.property.co.zw/uploadedfiles/3d/e8/95/3de89582-b37e-4c42-83a1-96e390279c64_thumbnail695.webp"", ""https://www.property.co.zw/uploadedfiles/92/9b/80/929b8002-9097-46d6-9fca-0abfadfcc283_thumbnail695.webp"", ""https://www.property.co.zw/uploadedfiles/fe/9a/35/fe9a35a4-4eff-4cd3-bf86-c718d6012969_thumbnail695.webp"", ""https://www.property.co.zw/uploadedfiles/04/fd/6e/04fd6ec1-d822-4aa5-8f2f-e71c562d1686_thumbnail695.webp"", ""https://www.property.co.zw/uploadedfiles/63/79/20/637920a3-47ec-44c2-b9e1-9dc076908139_thumbnail695.webp"", ""https://www.property.co.zw/uploadedfiles/68/f1/4f/68f14f7e-1512-41bd-a48c-8eb0a7a3bce0_thumbnail695.webp"", ""https://www.property.co.zw/uploadedfiles/d8/94/7a/d8947ac1-132a-4080-b1f2-bb96d7a0b990_thumbnail695.webp"", ""https://www.property.co.zw/uploadedfiles/fd/c2/7d/fdc27de6-008f-4119-a7d9-a4aebec8f784_thumbnail695.webp"", ""https://www.property.co.zw/uploadedfiles/a6/62/80/a6628081-6dbf-4109-b6af-a3b128e82900_thumbnail695.webp"", ""https://www.property.co.zw/uploadedfiles/da/2b/4a/da2b4a3b-305f-4aea-b799-9e38f7c0efb7_thumbnail695.webp"", ""https://www.property.co.zw/uploadedfiles/74/05/0b/74050b68-a109-4a19-8b4e-d2f84dc43bea_thumbnail695.webp"", ""https://www.property.co.zw/uploadedfiles/d0/3b/af/d03baf45-6d60-4ff2-bce9-8b4413344f82_thumbnail695.webp"", ""https://www.property.co.zw/uploadedfiles/2a/cc/f9/2accf9bd-db09-440e-89f3-ca0e7f341246_thumbnail695.webp"", ""https://www.property.co.zw/uploadedfiles/7d/49/9e/7d499e02-0298-4350-a4b6-b25c00a14afd_thumbnail695.webp"", ""https://www.property.co.zw/uploadedfiles/cb/b0/99/cbb099fc-03d9-45b4-b8a8-856ae20d0b60_thumbnail695.webp"", ""https://www.property.co.zw/uploadedfiles/e3/3d/b1/e33db106-d86a-4e3c-a6d0-f16775f0471e_thumbnail695.webp"", ""https://www.property.co.zw/uploadedfiles/81/d5/23/81d52397-9b7d-494f-9433-04520905c001_thumbnail695.webp"", ""https://www.property.co.zw/uploadedfiles/e6/c8/ad/e6c8ad92-dfd3-4f74-823f-d607fcafa07e_thumbnail695.webp"", ""https://www.property.co.zw/uploadedfiles/26/46/d9/2646d9e7-e3ae-4d54-8b25-df7d9fdf5e51_thumbnail695.webp"", ""https://www.property.co.zw/uploadedfiles/79/20/05/792005aa-6431-42ab-a20f-d1b2bfe99f3e_thumbnail695.webp"", ""https://www.property.co.zw/uploadedfiles/5b/3b/cd/5b3bcda0-e5fa-4958-88e1-f1555541ab6f_thumbnail695.webp"", ""https://www.property.co.zw/uploadedfiles/8d/0b/aa/8d0baa19-d8c8-4e68-ab2a-a5f579786aa3_thumbnail695.webp"", ""https://www.property.co.zw/uploadedfiles/9e/b6/fb/9eb6fbf5-041b-443b-88e8-15282d765649_thumbnail695.webp"", ""https://www.property.co.zw/uploadedfiles/ff/40/4f/ff404f4f-8bc9-4482-8e4c-1e1fad8fb10e_thumbnail695.webp"", ""https://www.property.co.zw/uploadedfiles/be/a1/78/bea17822-e765-4d1f-a32a-48155518a658_thumbnail695.webp"", ""https://www.property.co.zw/uploadedfiles/a9/2f/33/a92f3379-edc8-4ec9-a9ba-a634ae890efe_thumbnail695.webp"", ""https://www.property.co.zw/uploadedfiles/eb/b2/22/ebb22219-28f8-4ad3-8f89-3bb0ab88204a_thumbnail695.webp"", ""https://www.property.co.zw/uploadedfiles/5b/c5/00/5bc50065-803d-4c57-8374-0d0b460c8125_thumbnail695.webp"", ""https://www.property.co.zw/uploadedfiles/f4/fc/66/f4fc66cb-fac6-4195-beea-24e28157577b_thumbnail695.webp"", ""https://www.property.co.zw/uploadedfiles/ef/72/23/ef7223ec-c1e2-4d7b-acd4-71aa5c159b83_thumbnail695.webp"", ""https://www.property.co.zw/uploadedfiles/24/01/a2/2401a212-595e-4787-9b1f-8de41eca7ae8_thumbnail695.webp"", ""https://www.property.co.zw/uploadedfiles/a6/9a/55/a69a552f-2d45-43eb-bc92-a08d385bfa77_thumbnail695.webp"", ""https://www.property.co.zw/uploadedfiles/5d/79/47/5d794783-8319-47ba-8f15-91870466ee40_thumbnail695.webp"", ""https://www.property.co.zw/uploadedfiles/1f/4d/27/1f4d2792-0f18-43cd-b264-8e0f0d5a0e28_thumbnail695.webp"", ""https://www.property.co.zw/uploadedfiles/6e/0f/33/6e0f336d-db96-4c9b-879f-ebabfe873b47_thumbnail695.webp""]",2026-09-23T16:31:21,False,550000.0,,already USD,False,True,True,True,,False,False,False,False,False,False,False,False,False,False,False,False,False,False,False,False,False,False,False,True,False,False,False,False,0
KHA237007,https://www.property.co.zw/for-sale/houses-kha237007,Riverside Ruwa incomplete house for sale ,80000.0,USD,Riverside Park,Ruwa,Zimbabwe,"Riverside Park, Ruwa, Mashonaland East",4,2.0,650.0,m²,2024.0,m²,"?? Riverside Ruwa incomplete House for sale 

*Asking price : $80 000
*Paperwork: Title deed
*Corner stand measuring 2024 sqm

-4 bedroomed house, main with",2026-01-01,2026-05-14T04:47:42+02:00,Khalida Realty,14,"[""https://www.property.co.zw/uploadedfiles/b0/f8/ff/b0f8ffaf-3e2f-481d-bb52-1f36061a04cd_thumbnail695.webp"", ""https://www.property.co.zw/uploadedfiles/3e/e5/f4/3ee5f43e-c089-434e-aad6-a0420b32eb74_thumbnail695.webp"", ""https://www.property.co.zw/uploadedfiles/c1/56/66/c15666f1-4a6a-4b5a-be04-e8cf7e5f080d_thumbnail695.webp"", ""https://www.property.co.zw/uploadedfiles/dd/47/b4/dd47b4b0-ca00-4c6a-9437-ff420efbe185_thumbnail695.webp"", ""https://www.property.co.zw/uploadedfiles/4c/06/0a/4c060ade-8cb4-4698-8933-299efe417672_thumbnail695.webp"", ""https://www.property.co.zw/uploadedfiles/78/cb/b5/78cbb593-f57b-4d3b-be66-47fe9caf654c_thumbnail695.webp"", ""https://www.property.co.zw/uploadedfiles/b7/84/24/b784240b-9a4c-4a89-8637-d45db157a320_thumbnail695.webp"", ""https://www.property.co.zw/uploadedfiles/eb/db/4d/ebdb4dda-959c-4971-a3c3-0403fbc4820f_thumbnail695.webp"", ""https://www.property.co.zw/uploadedfiles/44/f4/a3/44f4a3e1-f3a2-4188-894f-d0b231b1f160_thumbnail695.webp"", ""https://www.property.co.zw/uploadedfiles/3e/e8/29/3ee82919-281f-4084-a155-5eba8a4ad3bf_thumbnail695.webp"", ""https://www.property.co.zw/uploadedfiles/5a/e4/58/5ae458c9-c765-43e9-a6ca-5de41fb44383_thumbnail695.webp"", ""https://www.property.co.zw/uploadedfiles/2f/a9/40/2fa940ef-f15e-43f1-90db-2f06483156ac_thumbnail695.webp"", ""https://www.property.co.zw/uploadedfiles/7b/47/37/7b4737dd-6058-4b44-a638-44c8d3792550_thumbnail695.webp"", ""https://www.property.co.zw/uploadedfiles/03/65/20/03652001-7bc6-407f-a6fa-9ee40075b348_thumbnail695.webp""]",2026-09-23T16:31:25,False,80000.0,,already USD,False,False,True,True,,False,False,False,False,False,False,False,False,False,False,False,False,False,False,False,False,False,False,False,False,False,False,True,False,1
Dem1,https://www.property.co.zw/for-sale/houses-tagp249727,House forsale dema stand size 200sqms council cession ,22000.0,USD,Chitungwiza,Chitungwiza,Zimbabwe,"Chitungwiza, Mashonaland East",3,1.0,160.0,m²,200.0,m²,"*REDUCED TO GO*  

*HOUSE FOR SALE – HARARE*  
*Location:* Dema  

*Property Details:*  
- *Stand size:* 200sqm  
- *Title:* Council Cession  
-",2026-06-20,2026-06-20T19:40:13+02:00,Tagmin Properties,7,"[""https://www.property.co.zw/uploadedfiles/ad/f7/b4/adf7b45f-f3ae-448f-93c7-fc64cd408b6b_thumbnail695.webp"", ""https://www.property.co.zw/uploadedfiles/eb/93/dd/eb93dddf-b6c5-4bc3-a032-f26631388e38_thumbnail695.webp"", ""https://www.property.co.zw/uploadedfiles/ac/31/2f/ac312fa5-25f6-41f8-a656-4e367ab42143_thumbnail695.webp"", ""https://www.property.co.zw/uploadedfiles/e1/85/5c/e1855c65-f39b-4358-b837-9ea06ab06292_thumbnail695.webp"", ""https://www.property.co.zw/uploadedfiles/82/16/0f/82160f9d-b753-4abc-8f1f-6dbf3a8ad94a_thumbnail695.webp"", ""https://www.property.co.zw/uploadedfiles/90/7e/51/907e51af-9bf2-49ba-824d-86fdc218065a_thumbnail695.webp"", ""https://www.property.co.zw/uploadedfiles/31/c7/1b/31c71b41-768b-4cc7-a681-a6e4125585ce_thumbnail695.webp""]",2026-09-23T16:31:30,False,22000.0,,already USD,False,True,True,True,,False,False,False,False,False,False,False,False,False,False,False,False,False,False,False,False,False,False,False,False,False,False,False,True,0
GAT251125,https://www.property.co.zw/for-sale/houses-gat251125,Zimre Park | 4-Bedroom House for Sale,90000.0,USD,Zimre Park,Harare East,Zimbabwe,"Zimre Park, Harare East, Harare",2,4.0,150.0,m²,,500,"
Don’t miss this well-maintained 4-bedroom home located in the established suburb of Zimre Park. Set on a 500sqm stand, this property offers generous living",2026-07-10,2026-07-10T14:33:08+02:00,Guest and Tanner Real Estate,11,"[""https://www.property.co.zw/uploadedfiles/4a/e1/26/4ae12648-216a-4db0-b382-760989a3cb07_thumbnail695.webp"", ""https://www.property.co.zw/uploadedfiles/10/1b/f7/101bf78d-65d5-4814-a57b-21d7a01001b6_thumbnail695.webp"", ""https://www.property.co.zw/uploadedfiles/62/7a/8d/627a8dde-5e69-430e-8cff-e145cc94a2e6_thumbnail695.webp"", ""https://www.property.co.zw/uploadedfiles/c4/ef/c4/c4efc4e8-8921-4592-8bbe-4207838fc785_thumbnail695.webp"", ""https://www.property.co.zw/uploadedfiles/f2/b8/99/f2b8996b-68c8-430b-80e9-c080540e8e31_thumbnail695.webp"", ""https://www.property.co.zw/uploadedfiles/1c/5e/41/1c5e41a4-f92b-4f26-b2c8-03853d41a3b7_thumbnail695.webp"", ""https://www.property.co.zw/uploadedfiles/35/61/01/356101d8-5e54-4fbf-831f-1f2601b9a9c1_thumbnail695.webp"", ""https://www.property.co.zw/uploadedfiles/24/48/ec/2448ec8d-1f3d-4ef0-b4eb-406c2339373e_thumbnail695.webp"", ""https://www.property.co.zw/uploadedfiles/65/1f/05/651f056b-ccd8-4531-adf2-c2a80c5f5bc0_thumbnail695.webp"", ""https://www.property.co.zw/uploadedfiles/3b/35/ca/3b35cae1-567b-4476-960a-14322d0793cb_thumbnail695.webp"", ""https://www.property.co.zw/uploadedfiles/16/91/43/169143e6-2517-48f6-b6cb-91bf2ae53970_thumbnail695.webp""]",2026-09-23T16:31:34,False,90000.0,,already USD,False,False,False,True,,False,False,False,False,False,False,False,False,False,False,False,False,False,False,False,False,False,False,False,False,False,False,False,False,0
VENT246868,https://www.property.co.zw/for-sale/houses-vent246868,Luxury Executive Residence In Folyjon!,5500.0,USD,Glen Lorne,Harare North,Zimbabwe,"Glen Lorne, Harare North, Harare",6,4.0,,,,,"This stunning, fully furnished home boasts 6 en-suite bedrooms, perfectly designed for comfort and entertainment. 
 
 Upstairs, enjoy 3 bedrooms, a lounge, and",2026-05-13,2026-05-13T14:30:30+02:00,Venture Management,11,"[""https://www.property.co.zw/uploadedfiles/e0/d0/f7/e0d0f747-43ec-4e2c-8a19-d573ea0841bb_thumbnail695.webp"", ""https://www.property.co.zw/uploadedfiles/a8/a7/7b/a8a77b15-3239-46fb-a812-f5fa6e39d956_thumbnail695.webp"", ""https://www.property.co.zw/uploadedfiles/b8/ed/ef/b8edefd2-85cb-498c-afe4-bca7b8a7e1db_thumbnail695.webp"", ""https://www.property.co.zw/uploadedfiles/7a/73/e2/7a73e2b3-74fc-48e4-a022-7cfd8cd7f1b5_thumbnail695.webp"", ""https://www.property.co.zw/uploadedfiles/1d/b7/c9/1db7c978-9811-493d-ba62-11ce7e587a16_thumbnail695.webp"", ""https://www.property.co.zw/uploadedfiles/a5/6e/0d/a56e0d35-a8c0-44bc-8bc8-b7588dabd9f5_thumbnail695.webp"", ""https://www.property.co.zw/uploadedfiles/b6/23/d9/b623d9a9-9173-44e9-b57a-a5e1baf87f52_thumbnail695.webp"", ""https://www.property.co.zw/uploadedfiles/d0/b5/20/d0b520f7-116a-4c88-8b43-3793edb9c734_thumbnail695.webp"", ""https://www.property.co.zw/uploadedfiles/c8/6d/62/c86d6209-da20-4b90-88ba-300248745ecb_thumbnail695.webp"", ""https://www.property.co.zw/uploadedfiles/c7/69/71/c7697142-96dd-4597-929d-190936fdbb96_thumbnail695.webp"", ""https://www.property.co.zw/uploadedfiles/04/66/63/046663f6-582e-4034-a439-92aa8d7dbbe3_thumbnail695.webp""]",2026-09-23T16:31:38,False,5500.0,,already USD,False,True,False,False,"statistical price outlier within its suburb (log-price, 1.5xIQR rule) -- inspect manually, do not assume error",False,False,False,False,False,False,False,False,False,False,False,False,False,False,False,False,False,False,False,True,False,False,False,False,0
GAT253656,https://www.property.co.zw/for-sale/houses-gat253656,Spacious 4-Bedroom Family Home in Rockview — Finish to Your Taste,130000.0,USD,Rockview,Harare East,Zimbabwe,"Rockview, Harare East, Harare",4,2.0,300.0,m²,,1884,"Guest and Tanner Real Estate presents this spacious 4 bedroom  house that offers space.

Property features :
?  Corner stand measuring 1884sqm.
? 4 spacious",2026-08-20,2026-09-18T08:58:53+02:00,Guest and Tanner Real Estate,25,"[""https://www.property.co.zw/uploadedfiles/67/41/9a/67419a5c-ef06-499c-b343-3f6761ec99a7_thumbnail695.webp"", ""https://www.property.co.zw/uploadedfiles/e1/9e/cf/e19ecf8f-75cd-409f-ae36-3ff7882b8a4a_thumbnail695.webp"", ""https://www.property.co.zw/uploadedfiles/dd/c5/18/ddc518d5-d99c-4b71-a27d-12dc7d8362be_thumbnail695.webp"", ""https://www.property.co.zw/uploadedfiles/49/8c/2c/498c2c31-6c77-4af6-9542-c2466d86886e_thumbnail695.webp"", ""https://www.property.co.zw/uploadedfiles/57/ef/29/57ef293e-9caf-43fc-bf42-49f45fe25952_thumbnail695.webp"", ""https://www.property.co.zw/uploadedfiles/48/99/80/48998098-6112-4c95-85e6-5c4f985b2074_thumbnail695.webp"", ""https://www.property.co.zw/uploadedfiles/97/89/52/978952ef-f71a-4d8b-92de-38476abc6588_thumbnail695.webp"", ""https://www.property.co.zw/uploadedfiles/97/a8/fb/97a8fba7-f532-4762-bf12-ec7253bf62c7_thumbnail695.webp"", ""https://www.property.co.zw/uploadedfiles/a6/4a/8d/a64a8d69-38d9-4ba0-acb8-9aba7116153d_thumbnail695.webp"", ""https://www.property.co.zw/uploadedfiles/31/8a/a6/318aa671-7046-4917-8cda-9243a8a23d6f_thumbnail695.webp"", ""https://www.property.co.zw/uploadedfiles/a2/d2/98/a2d298ed-be1c-471d-bc43-414135cc5644_thumbnail695.webp"", ""https://www.property.co.zw/uploadedfiles/83/a1/7e/83a17e02-a166-46e9-8de5-7e38b6043643_thumbnail695.webp"", ""https://www.property.co.zw/uploadedfiles/60/3a/d4/603ad4c0-fb64-4721-9084-6564cb2e8dfd_thumbnail695.webp"", ""https://www.property.co.zw/uploadedfiles/b5/8d/88/b58d887e-f969-404d-a7bc-e0fd6c4c0a2a_thumbnail695.webp"", ""https://www.property.co.zw/uploadedfiles/fe/69/3a/fe693ad7-de42-4160-bba4-ba244e389ac0_thumbnail695.webp"", ""https://www.property.co.zw/uploadedfiles/76/a9/d8/76a9d85f-88d9-4d50-ab49-f7e3af4e63bd_thumbnail695.webp"", ""https://www.property.co.zw/uploadedfiles/c5/f0/34/c5f03488-3e79-4304-b9c7-3be30b7d3191_thumbnail695.webp"", ""https://www.property.co.zw/uploadedfiles/4e/bd/e3/4ebde38c-f66c-4d0b-8169-da96f54bcfbe_thumbnail695.webp"", ""https://www.property.co.zw/uploadedfiles/75/d4/73/75d47388-cb51-4bf5-bf33-af82cfa0f8dd_thumbnail695.webp"", ""https://www.property.co.zw/uploadedfiles/86/cd/42/86cd4287-144f-40f1-99d8-03119cf8c583_thumbnail695.webp"", ""https://www.property.co.zw/uploadedfiles/41/ee/80/41ee8047-64da-49e5-9bbb-efcbbe345457_thumbnail695.webp"", ""https://www.property.co.zw/uploadedfiles/82/56/0c/82560c79-198b-4788-a9d2-0a588d389dd4_thumbnail695.webp"", ""https://www.property.co.zw/uploadedfiles/5e/d0/52/5ed0523c-69bd-4d1d-acb5-82f2ba499d78_thumbnail695.webp"", ""https://www.property.co.zw/uploadedfiles/33/c8/61/33c861b6-63a2-4614-9709-77e8317f9913_thumbnail695.webp"", ""https://www.property.co.zw/uploadedfiles/0a/61/09/0a610952-a58b-4791-89ff-2a326598235c_thumbnail695.webp""]",2026-09-23T16:31:42,False,130000.0,,already USD,False,False,False,True,,False,False,False,False,False,False,False,False,False,False,False,False,False,False,False,False,False,False,False,False,False,False,False,False,0
ICP242104,https://www.property.co.zw/for-sale/houses-icp242104,"Mainway Meadows, Solid and Beautiful 4 Bedroom house for sale with a 2 bed guest wing. ",130000.0,USD,Mainway Meadows,Harare South,Zimbabwe,"Mainway Meadows, Harare South, Harare",4,2.0,350.0,m²,570.0,m²,4 bedrooms with main ensuite. Seperate bath and toilet. Tiled throughout. Modern fitted kitchen.Seperate dining and lounge with a fire place.Lockup garage. Solar,2026-03-06,2026-06-02T09:21:02+02:00,Income Properties,14,"[""https://www.property.co.zw/uploadedfiles/66/74/c8/6674c826-8342-45b8-8872-01cf4dba289f_thumbnail695.webp"", ""https://www.property.co.zw/uploadedfiles/73/d8/44/73d844b1-81d0-4249-a25d-6842521f4c74_thumbnail695.webp"", ""https://www.property.co.zw/uploadedfiles/f2/b9/ae/f2b9aede-3eac-4c9e-bea2-1875b85a213b_thumbnail695.webp"", ""https://www.property.co.zw/uploadedfiles/cd/8e/76/cd8e76e9-bb63-448a-b1c4-af793d63ce98_thumbnail695.webp"", ""https://www.property.co.zw/uploadedfiles/02/01/9c/02019cc2-389c-4f9f-97ab-78faa011e426_thumbnail695.webp"", ""https://www.property.co.zw/uploadedfiles/2e/fd/e9/2efde944-720b-4556-a7f7-4468b9411e5a_thumbnail695.webp"", ""https://www.property.co.zw/uploadedfiles/24/3d/43/243d43d7-0be3-402d-be84-fe8f00c2f636_thumbnail695.webp"", ""https://www.property.co.zw/uploadedfiles/0d/00/f8/0d00f87c-9871-45d6-8fab-c952d457d820_thumbnail695.webp"", ""https://www.property.co.zw/uploadedfiles/fc/cd/0f/fccd0ffa-1841-4480-bfe0-0728f0aa1668_thumbnail695.webp"", ""https://www.property.co.zw/uploadedfiles/53/bf/68/53bf6887-0713-48a9-8c8f-42ab15072ce1_thumbnail695.webp"", ""https://www.property.co.zw/uploadedfiles/f0/80/46/f08046ca-7004-4a4e-af36-89d0cd8df854_thumbnail695.webp"", ""https://www.property.co.zw/uploadedfiles/6f/c5/e4/6fc5e4cf-6283-4ba2-8639-13a769f2f6d0_thumbnail695.webp"", ""https://www.property.co.zw/uploadedfiles/e2/6a/79/e26a7958-b505-4286-899e-d5321f01ec22_thumbnail695.webp"", ""https://www.property.co.zw/uploadedfiles/9b/e4/d0/9be4d07b-9057-46bf-a44f-17450a6dd4cf_thumbnail695.webp""]",2026-09-23T16:31:46,False,130000.0,,already USD,False,False,True,True,,False,False,False,False,False,False,False,False,False,False,True,False,True,False,False,False,False,True,False,True,False,False,False,False,0
BNJR250219,https://www.property.co.zw/for-sale/houses-bnjr250219,Neat Mabvazuva House,125000.0,USD,Mabvazuva,Ruwa,Zimbabwe,"Mabvazuva, Ruwa, Mashonaland East",3,2.0,220.0,m²,405.0,m²,"Discover modern, secure estate living in this immaculate 4-bedroom capable home located in the prestigious Mabvazuva gated community. Perfect for families or",2026-06-29,2026-06-29T14:07:55+02:00,The Benjamins Realty,13,"[""https://www.property.co.zw/uploadedfiles/cc/08/de/cc08deaa-c7d5-4fcf-8c86-d365118cd551_thumbnail695.webp"", ""https://www.property.co.zw/uploadedfiles/c6/a9/a6/c6a9a624-168a-41b0-ab3e-c1da694fbd21_thumbnail695.webp"", ""https://www.property.co.zw/uploadedfiles/5e/49/20/5e492084-24ee-47a4-8e71-fc526e2a161d_thumbnail695.webp"", ""https://www.property.co.zw/uploadedfiles/1e/ac/d1/1eacd128-4d40-4b1d-9487-014e1bb90fbb_thumbnail695.webp"", ""https://www.property.co.zw/uploadedfiles/96/ac/7d/96ac7da7-890d-4a5e-b36a-af7a1b936c5f_thumbnail695.webp"", ""https://www.property.co.zw/uploadedfiles/58/fd/3d/58fd3d11-3463-4f17-9add-1b259e3ebc07_thumbnail695.webp"", ""https://www.property.co.zw/uploadedfiles/0f/fe/af/0ffeaf24-d7c7-41b7-ba17-673ec5dfaa43_thumbnail695.webp"", ""https://www.property.co.zw/uploadedfiles/11/fd/2a/11fd2a09-7358-46d3-80b9-c2bb0ee88198_thumbnail695.webp"", ""https://www.property.co.zw/uploadedfiles/88/25/d5/8825d580-fdb9-4464-9f4b-c2975d2b61b0_thumbnail695.webp"", ""https://www.property.co.zw/uploadedfiles/ae/ac/4b/aeac4b00-9349-4d15-9af2-bc6c557e2d03_thumbnail695.webp"", ""https://www.property.co.zw/uploadedfiles/97/3c/fd/973cfdea-e553-40cc-bbb6-82c35b55c805_thumbnail695.webp"", ""https://www.property.co.zw/uploadedfiles/95/67/80/95678012-5b2b-459a-a14b-b5e546d15b67_thumbnail695.webp"", ""https://www.property.co.zw/uploadedfiles/7a/70/21/7a702194-303a-4757-a5bb-fb0773187508_thumbnail695.webp""]",2026-09-23T16:31:50,True,125000.0,,already USD,False,False,True,True,,False,False,False,False,False,False,False,True,False,False,False,False,False,False,False,False,False,False,False,False,False,False,False,False,3
CLRP210156,https://www.property.co.zw/for-sale/houses-clrp210156,EXECUTIVE RESIDENCE or EXCELLENT BUSINESS OPPORTUNITY ,1650000.0,USD,Shawasha Hills,Harare North,Zimbabwe,"Shawasha Hills, Harare North, Harare",6,6.0,900.0,m²,20234.282112,Acres,"This absolutely gorgeous residence sits on a 5-acre estate of stunning terrain, offering some of the best views in Harare. Beautifully perched on Hugh Williams",2025-01-06,2026-07-02T11:36:53+02:00,Clark Properties,20,"[""https://www.property.co.zw/uploadedfiles/f1/02/ef/f102ef87-0cdd-467a-8c1d-85e261da84ce_thumbnail695.webp"", ""https://www.property.co.zw/uploadedfiles/4e/9d/bb/4e9dbb08-713c-4381-a21e-aeb1af08a145_thumbnail695.webp"", ""https://www.property.co.zw/uploadedfiles/c6/f5/a9/c6f5a94b-6413-4b33-b515-0ad93d228ca2_thumbnail695.webp"", ""https://www.property.co.zw/uploadedfiles/cb/59/e1/cb59e1f7-4086-4cf5-91ef-b1e38400ff3b_thumbnail695.webp"", ""https://www.property.co.zw/uploadedfiles/78/7b/79/787b79bd-c5a3-48ac-9c11-d84687b263cf_thumbnail695.webp"", ""https://www.property.co.zw/uploadedfiles/d4/01/13/d40113ee-3a39-4dff-8d57-4953a0aa6544_thumbnail695.webp"", ""https://www.property.co.zw/uploadedfiles/ce/6d/ce/ce6dcee0-83c7-4378-9a14-aebf8468d3b3_thumbnail695.webp"", ""https://www.property.co.zw/uploadedfiles/14/b6/9f/14b69f3b-342e-4f63-b552-5aaa28f74fbd_thumbnail695.webp"", ""https://www.property.co.zw/uploadedfiles/3e/69/4c/3e694c2e-87c4-4640-b51c-fe49f8c28730_thumbnail695.webp"", ""https://www.property.co.zw/uploadedfiles/7d/4e/cc/7d4ecc22-471e-4d6a-a637-6df44bf4a69e_thumbnail695.webp"", ""https://www.property.co.zw/uploadedfiles/62/84/38/6284385d-0e6c-45db-b994-04d226f004ae_thumbnail695.webp"", ""https://www.property.co.zw/uploadedfiles/6a/7b/ed/6a7bed76-a901-405d-8954-bc7cb206273f_thumbnail695.webp"", ""https://www.property.co.zw/uploadedfiles/8e/c8/fd/8ec8fd72-1047-456f-bf66-f30e5e716806_thumbnail695.webp"", ""https://www.property.co.zw/uploadedfiles/a6/af/02/a6af02a7-d7a5-412d-a7cc-dec5a5cfabb3_thumbnail695.webp"", ""https://www.property.co.zw/uploadedfiles/9b/22/a7/9b22a7ed-f238-4f9e-a7d8-a29154edc459_thumbnail695.webp"", ""https://www.property.co.zw/uploadedfiles/34/d4/b9/34d4b9b2-cd7b-45e1-98e2-85d4bf65296a_thumbnail695.webp"", ""https://www.property.co.zw/uploadedfiles/c1/1e/4c/c11e4c24-675f-48fe-a99c-03861a1764af_thumbnail695.webp"", ""https://www.property.co.zw/uploadedfiles/2c/0d/ed/2c0ded61-eee7-4395-884f-9928c90583f0_thumbnail695.webp"", ""https://www.property.co.zw/uploadedfiles/8a/88/38/8a883806-25eb-47bb-91af-cb47b770a2f2_thumbnail695.webp"", ""https://www.property.co.zw/uploadedfiles/3a/2c/f7/3a2cf777-0fbf-49e4-b502-1e5ec2643554_thumbnail695.webp""]",2026-09-23T16:31:54,False,1650000.0,,already USD,False,False,True,True,,False,False,False,False,False,False,False,False,False,False,False,False,False,False,False,False,False,False,False,False,False,False,False,False,0
ALX246416,https://www.property.co.zw/for-sale/houses-alx246416,Spacious And Solid House In A New Surbub,75000.0,USD,Sandton Park,Harare West,Zimbabwe,"Sandton Park, Harare West, Harare",3,2.0,270.0,m²,1000.0,m²,"SANDTON

Phase 1
For sale 
3beds mes open plan kitchen/lounge 
Solar geyser 
3kva solar 
Landsize 1000sqm

ASKING 75k usd",2026-05-07,2026-05-07T11:44:49+02:00,AlexCourt Real Estate,10,"[""https://www.property.co.zw/uploadedfiles/74/93/cc/7493cca1-a24d-4aa7-b8dc-64cc24dfeb0f_thumbnail695.webp"", ""https://www.property.co.zw/uploadedfiles/9b/58/e4/9b58e49d-d31f-4d51-95e1-624d45a51694_thumbnail695.webp"", ""https://www.property.co.zw/uploadedfiles/9a/fd/b1/9afdb188-3c6c-4264-8278-167fd764d704_thumbnail695.webp"", ""https://www.property.co.zw/uploadedfiles/3c/75/3d/3c753ddd-d09c-4f26-b542-62501fbfdeb2_thumbnail695.webp"", ""https://www.property.co.zw/uploadedfiles/b8/20/38/b82038c2-72de-4b07-b56c-e35a0102af1d_thumbnail695.webp"", ""https://www.property.co.zw/uploadedfiles/25/fa/15/25fa153c-1d3b-4945-a532-afd3a8b69a0c_thumbnail695.webp"", ""https://www.property.co.zw/uploadedfiles/48/a8/b9/48a8b900-ea7b-4935-aaac-9a68749770d0_thumbnail695.webp"", ""https://www.property.co.zw/uploadedfiles/04/7a/e5/047ae5d3-ba12-45a3-af0e-b650e0810274_thumbnail695.webp"", ""https://www.property.co.zw/uploadedfiles/f5/07/18/f507185a-7267-40a6-9ad9-9f6eaa3316df_thumbnail695.webp"", ""https://www.property.co.zw/uploadedfiles/66/67/d4/6667d466-b379-44e0-b42d-169f650e8ce1_thumbnail695.webp""]",2026-09-23T16:31:58,False,75000.0,,already USD,False,False,True,True,"statistical price outlier within its suburb (log-price, 1.5xIQR rule) -- inspect manually, do not assume error",False,False,False,False,False,False,False,False,False,False,False,False,False,False,False,False,False,True,False,True,False,False,False,False,0
NPRE246097,https://www.property.co.zw/for-sale/houses-npre246097,Modern family Haven for Sale,130000.0,USD,Dawnview Park,Harare West,Zimbabwe,"Dawnview Park, Harare West, Harare",4,2.0,1.0,m²,474.0,m²,"

474m² of manicured  bliss, gated & secure! 

- 4-Bedrooms modern home with sleek finishes
- 3 Bedrooms with Built in cupboards, Main En-suite + Walk-in",2026-05-01,2026-08-14T16:04:22+02:00,Northpole Real Estate,10,"[""https://www.property.co.zw/uploadedfiles/db/33/d8/db33d89a-a7bf-4c29-a18f-bde556716c7b_thumbnail695.webp"", ""https://www.property.co.zw/uploadedfiles/cd/29/45/cd294568-04a0-4ea4-94ce-c4272a4c0131_thumbnail695.webp"", ""https://www.property.co.zw/uploadedfiles/6c/7e/ee/6c7eeea8-9029-42fa-a7c2-ae594bf232b7_thumbnail695.webp"", ""https://www.property.co.zw/uploadedfiles/b9/d1/38/b9d13841-e288-4cb5-887a-84ebabe9cad2_thumbnail695.webp"", ""https://www.property.co.zw/uploadedfiles/b7/f8/f1/b7f8f101-3429-4c7b-8da6-30f848bb95ac_thumbnail695.webp"", ""https://www.property.co.zw/uploadedfiles/3b/c2/14/3bc21461-6e0d-4fca-8fbf-cd9f546fe5a5_thumbnail695.webp"", ""https://www.property.co.zw/uploadedfiles/86/45/83/86458334-03bf-4f6b-aa3f-3609389143b8_thumbnail695.webp"", ""https://www.property.co.zw/uploadedfiles/9e/da/27/9eda2763-79e6-4646-863f-d1e97e298f34_thumbnail695.webp"", ""https://www.property.co.zw/uploadedfiles/e5/86/dc/e586dc01-814a-4afe-9ebb-84ffd435db91_thumbnail695.webp"", ""https://www.property.co.zw/uploadedfiles/9b/c3/ea/9bc3eae6-6782-49f2-b457-e0f40554d587_thumbnail695.webp""]",2026-09-23T16:32:02,False,130000.0,,already USD,False,False,True,True,,False,False,False,False,False,False,False,False,False,False,False,False,False,False,False,False,False,False,False,True,True,False,False,False,0
RWS225335,https://www.property.co.zw/for-sale/houses-rws225335,Madokero Estate ,155000.0,USD,Madokero,Harare West,Zimbabwe,"Madokero, Harare West, Harare",4,2.0,300.0,m²,412.0,m²,"Sole Mandate 
Madokero House for Sale

Solid n neat 4beds, ensuites, BICS, combined Lounge n dining, fitted kitchen, separate bath n toilet, 5000L water tank,",2025-07-20,2026-09-04T10:15:53+02:00,Rawson Properties Harare,5,"[""https://www.property.co.zw/uploadedfiles/ec/87/cc/ec87cc3b-1145-46e9-a50a-7c7c7358bed9_thumbnail695.webp"", ""https://www.property.co.zw/uploadedfiles/87/4a/ef/874aef8d-fc55-40ba-9c7b-5123a96a664e_thumbnail695.webp"", ""https://www.property.co.zw/uploadedfiles/0a/0f/11/0a0f1147-8e9e-472a-aeae-8324144d005c_thumbnail695.webp"", ""https://www.property.co.zw/uploadedfiles/f7/b5/9e/f7b59eb4-d6b9-4334-bdbf-95dcb4e3b143_thumbnail695.webp"", ""https://www.property.co.zw/uploadedfiles/95/e9/5c/95e95cc3-e58b-4a8b-9802-37b012fc1795_thumbnail695.webp""]",2026-09-23T16:32:06,False,155000.0,,already USD,False,False,True,True,,False,False,False,False,False,False,False,False,False,False,True,False,False,False,False,True,False,False,False,False,True,False,False,False,0
RWS247538,https://www.property.co.zw/for-sale/houses-rws247538,Glen-Lorne Double Storey House For Sale,1000000.0,USD,Glen Lorne,Harare North,Zimbabwe,"Glen Lorne, Harare North, Harare",5,5.0,800.0,m²,5654.0,m²,"Glen Lorne | Folyjon Crescent – USD 1 Million

Set on an expansive 5,654sqm in one of Glen Lorne’s most prestigious and secure neighbourhoods, this elegant",2026-05-21,2026-06-22T20:24:30+02:00,Rawson Properties Harare,14,"[""https://www.property.co.zw/uploadedfiles/65/a6/87/65a687ad-1513-47d9-ab17-4193e32e92b7_thumbnail695.webp"", ""https://www.property.co.zw/uploadedfiles/d9/9d/e6/d99de6fc-bb43-4333-ad1c-ab07e2e7700e_thumbnail695.webp"", ""https://www.property.co.zw/uploadedfiles/a3/e4/18/a3e4185a-d93d-4f96-9dac-ee3c2accba93_thumbnail695.webp"", ""https://www.property.co.zw/uploadedfiles/02/7d/78/027d78f6-10cc-4ca1-a753-c9a7569fe392_thumbnail695.webp"", ""https://www.property.co.zw/uploadedfiles/9a/80/3b/9a803bf8-bdef-4146-b0b1-9a7df2e1f50d_thumbnail695.webp"", ""https://www.property.co.zw/uploadedfiles/80/49/e0/8049e051-0a1c-40d9-96ec-5e4052870de1_thumbnail695.webp"", ""https://www.property.co.zw/uploadedfiles/fe/d8/b8/fed8b815-e118-4aa4-b0a7-cc40cefc16b3_thumbnail695.webp"", ""https://www.property.co.zw/uploadedfiles/0e/b3/6b/0eb36bae-7cfb-4591-9388-89a6d8c3f397_thumbnail695.webp"", ""https://www.property.co.zw/uploadedfiles/6e/12/da/6e12da58-13f5-468d-a125-cd57d7c5b480_thumbnail695.webp"", ""https://www.property.co.zw/uploadedfiles/f1/35/cc/f135cce7-0bed-4e0c-80d8-ace065f087e9_thumbnail695.webp"", ""https://www.property.co.zw/uploadedfiles/2a/68/16/2a6816ea-22dd-4411-b9e4-bf54605a5f69_thumbnail695.webp"", ""https://www.property.co.zw/uploadedfiles/52/5f/ea/525fea96-f58e-44a1-9e83-8fb38b2aea5a_thumbnail695.webp"", ""https://www.property.co.zw/uploadedfiles/16/b0/55/16b05500-3cb3-43da-a96f-0027aa4ed3b9_thumbnail695.webp"", ""https://www.property.co.zw/uploadedfiles/a7/f1/de/a7f1de02-4b43-4053-a2d5-8b6798e698d8_thumbnail695.webp""]",2026-09-23T16:32:10,False,1000000.0,,already USD,False,False,True,True,,False,False,False,False,False,False,False,False,False,False,False,False,False,False,False,False,False,False,False,False,False,False,False,False,0
PRN195191,https://www.property.co.zw/for-sale/houses-prn195191,A Neat Family House,100000.0,USD,Dawnview Park,Harare West,Zimbabwe,"Dawnview Park, Harare West, Harare",4,2.0,166.0,m²,450.0,m²,"Spacious 4-bedroom family home for sale in Dawnview Park, Harare West sitting on 427sqm. All bedrooms with BICs. Main bedroom with ensuite, separate dining &",2024-07-29,2026-07-27T16:05:49+02:00,Perennial Real Estate,14,"[""https://www.property.co.zw/uploadedfiles/b9/fe/cd/b9fecd98-9028-4ae3-b8e2-d7ed5b762e13_thumbnail695.webp"", ""https://www.property.co.zw/uploadedfiles/83/f6/5b/83f65b3a-a114-452f-9c4e-c80e085a0c43_thumbnail695.webp"", ""https://www.property.co.zw/uploadedfiles/46/e0/85/46e0851a-4597-45c1-b0d2-b4ed30409227_thumbnail695.webp"", ""https://www.property.co.zw/uploadedfiles/66/6f/50/666f50b7-c9dd-487b-82c2-ece448dd5a66_thumbnail695.webp"", ""https://www.property.co.zw/uploadedfiles/62/8f/02/628f0214-30ae-4185-8899-7f6656922bef_thumbnail695.webp"", ""https://www.property.co.zw/uploadedfiles/c8/bb/3e/c8bb3eda-3c35-4747-8770-160bedde5d8c_thumbnail695.webp"", ""https://www.property.co.zw/uploadedfiles/aa/c0/a5/aac0a5d6-164b-440a-aae5-4567154352eb_thumbnail695.webp"", ""https://www.property.co.zw/uploadedfiles/17/0e/c0/170ec07a-a48d-40d0-9191-8ff2a84a3214_thumbnail695.webp"", ""https://www.property.co.zw/uploadedfiles/09/52/8f/09528f69-6005-4e86-922a-45f03e824e9c_thumbnail695.webp"", ""https://www.property.co.zw/uploadedfiles/b7/e5/5f/b7e55f17-0e2b-4ba3-992f-528b27ddd26d_thumbnail695.webp"", ""https://www.property.co.zw/uploadedfiles/57/80/21/57802126-bd5b-43f4-be30-407721c4e68b_thumbnail695.webp"", ""https://www.property.co.zw/uploadedfiles/61/02/71/6102717a-defc-4e93-968b-b363b68040c2_thumbnail695.webp"", ""https://www.property.co.zw/uploadedfiles/ef/3d/1b/ef3d1be3-3d0d-41c5-8665-ff1d04b4a42b_thumbnail695.webp"", ""https://www.property.co.zw/uploadedfiles/77/29/8b/77298b8b-2d6a-48f7-b9b3-a86b241e2c50_thumbnail695.webp""]",2026-09-23T16:32:15,False,100000.0,,already USD,False,True,True,True,,False,False,False,False,False,False,False,False,False,False,False,False,False,False,False,False,False,False,False,True,True,False,False,False,0
XDS254502,https://www.property.co.zw/for-sale/houses-xds254502,Houses for sale,105000.0,USD,Mabvazuva,Ruwa,Zimbabwe,"Mabvazuva, Ruwa, Mashonaland East",4,2.0,220.0,m²,400.0,m²,"HOUSE FOR SALE – MABVAZUVA | $105 000.00

An excellent opportunity to own an incomplete modern family home in the sought-after Mabvazuva Estate.

The property",2026-09-02,2026-09-18T10:25:33+02:00,Exodus and Company,8,"[""https://www.property.co.zw/uploadedfiles/4f/eb/40/4feb4085-d0c5-4502-8002-c4adc7a2d926_thumbnail695.webp"", ""https://www.property.co.zw/uploadedfiles/b5/1d/e5/b51de560-d930-4dda-8ba4-76aa3c0d5fb6_thumbnail695.webp"", ""https://www.property.co.zw/uploadedfiles/54/33/e8/5433e8a3-139b-4e44-973e-679f5f79e5a7_thumbnail695.webp"", ""https://www.property.co.zw/uploadedfiles/6b/42/db/6b42dbdd-7810-4724-a491-74e34c0992d1_thumbnail695.webp"", ""https://www.property.co.zw/uploadedfiles/74/e7/cb/74e7cb7f-d576-4432-80f5-d93335cb072f_thumbnail695.webp"", ""https://www.property.co.zw/uploadedfiles/4b/a4/2c/4ba42cec-4c7a-4e78-8259-826ea36b6de9_thumbnail695.webp"", ""https://www.property.co.zw/uploadedfiles/94/d3/7b/94d37bab-8a41-4cca-813a-7152dc323d0f_thumbnail695.webp"", ""https://www.property.co.zw/uploadedfiles/d2/9d/d3/d29dd3c6-47eb-4420-acb3-8d6263739854_thumbnail695.webp""]",2026-09-23T16:32:19,False,105000.0,,already USD,False,False,True,True,,False,False,False,False,False,False,False,False,False,False,False,False,False,False,False,False,False,False,False,False,False,False,False,False,1
RRT242811,https://www.property.co.zw/for-sale/houses-rrt242811,Prime Property With Seke Road Frontage,250000.0,USD,Hatfield,Harare South,Zimbabwe,"Hatfield, Harare South, Harare",3,1.0,,,4895.0,m²,"This versatile property offers a 3 bedroom main house with 1 bathroom, lounge/dining room and kitchen. Additionally, it features a 4 roomed cottage and double",2026-03-17,2026-07-06T12:35:15+02:00,Robert Root,0,[],2026-09-23T16:32:23,False,250000.0,,already USD,False,False,True,False,,False,False,False,False,False,False,False,False,False,False,False,False,False,False,False,False,False,False,False,False,False,True,False,False,0
PSP254412,https://www.property.co.zw/for-sale/houses-psp254412,Entertainer's Dream Home With A View,1200000.0,USD,Philadelphia,Harare North,Zimbabwe,"Philadelphia, Harare North, Harare",6,4.0,1000.0,m²,,12000,5 bedroomed house with option of turning study into 6th bedroom. Main bedroom ensuite and two guest bedrooms also ensuite. At least three bedrooms open up to a,2026-09-01,2026-09-16T17:15:11+02:00,Property Shop,18,"[""https://www.property.co.zw/uploadedfiles/11/4c/6d/114c6df6-6356-4592-953e-1174ad5ffb7a_thumbnail695.webp"", ""https://www.property.co.zw/uploadedfiles/97/c5/72/97c572c0-f769-43b4-9756-cc1a7d00e52a_thumbnail695.webp"", ""https://www.property.co.zw/uploadedfiles/4a/2e/29/4a2e2902-7b2f-4c8a-bca5-b4828cdbaa96_thumbnail695.webp"", ""https://www.property.co.zw/uploadedfiles/a8/91/8f/a8918ff8-c99e-4b22-a96f-f719384e0f02_thumbnail695.webp"", ""https://www.property.co.zw/uploadedfiles/f9/78/04/f97804e7-1dc0-45ee-8d3a-4d471e22e5ea_thumbnail695.webp"", ""https://www.property.co.zw/uploadedfiles/5b/f9/9e/5bf99e07-4996-4ce8-8e24-690d669c4cea_thumbnail695.webp"", ""https://www.property.co.zw/uploadedfiles/b2/a3/c9/b2a3c945-ee62-470b-8d33-0e60482217d7_thumbnail695.webp"", ""https://www.property.co.zw/uploadedfiles/bf/7b/f7/bf7bf763-a280-4492-95f1-544313f04239_thumbnail695.webp"", ""https://www.property.co.zw/uploadedfiles/3b/50/59/3b5059e7-4b72-44f7-bf92-08cff2b21efa_thumbnail695.webp"", ""https://www.property.co.zw/uploadedfiles/91/b9/3b/91b93b80-4500-482f-95e3-93a1b3f7542f_thumbnail695.webp"", ""https://www.property.co.zw/uploadedfiles/1c/f6/d7/1cf6d716-fcaf-49e3-9afa-7aac8a94ba47_thumbnail695.webp"", ""https://www.property.co.zw/uploadedfiles/4b/24/0b/4b240bdd-e9a0-49c4-ab21-d95e135303cb_thumbnail695.webp"", ""https://www.property.co.zw/uploadedfiles/46/57/0d/46570d34-01f0-4543-92d9-132444ba1e9b_thumbnail695.webp"", ""https://www.property.co.zw/uploadedfiles/88/d2/5d/88d25da0-4153-4899-ab9a-c59222236737_thumbnail695.webp"", ""https://www.property.co.zw/uploadedfiles/7f/4d/9a/7f4d9a56-9a2c-4e98-a1e1-0af096f250f1_thumbnail695.webp"", ""https://www.property.co.zw/uploadedfiles/34/67/80/3467807f-b146-45e2-bc5a-eeb9a34e4411_thumbnail695.webp"", ""https://www.property.co.zw/uploadedfiles/f8/bf/c0/f8bfc08b-d69d-42e8-b4b7-f6c22dc1f9bd_thumbnail695.webp"", ""https://www.property.co.zw/uploadedfiles/ac/d8/43/acd843bf-424c-4ea5-b26a-e968cd1dbea9_thumbnail695.webp""]",2026-09-23T16:32:27,False,1200000.0,,already USD,False,False,False,True,,False,False,False,False,False,False,False,False,False,False,False,False,False,False,False,False,False,False,False,True,False,False,False,False,0
CAMI252312,https://www.property.co.zw/for-sale/houses-cami252312,Borrowdale Brooke inside the boom-Newly build modern 4 beds all en-suite Solar & Borehole,1350000.0,USD,Borrowdale Brooke,Harare North,Zimbabwe,"Borrowdale Brooke, Harare North, Harare",4,5.0,500.0,m²,1300.0,m²,"Exceptional single-level home in sought-after Borrowdale Brooke, Harare North. This generous 4-bedroom, 5-bathroom residence sits on a 1,300 m² stand with",2026-07-27,2026-08-31T12:54:17+02:00,Camitel,17,"[""https://www.property.co.zw/uploadedfiles/e1/7d/84/e17d841c-0870-46f1-8ed5-ec12040b765d_thumbnail695.webp"", ""https://www.property.co.zw/uploadedfiles/25/f0/74/25f07454-6d06-45ba-9fa7-00454829bcb5_thumbnail695.webp"", ""https://www.property.co.zw/uploadedfiles/c5/22/d8/c522d862-6827-48d5-93f0-f847251ba0d5_thumbnail695.webp"", ""https://www.property.co.zw/uploadedfiles/a2/c8/4f/a2c84f39-587e-49ff-bbdc-30b00425b903_thumbnail695.webp"", ""https://www.property.co.zw/uploadedfiles/83/eb/4b/83eb4b29-379c-454e-a9d5-ac2f1f2159ea_thumbnail695.webp"", ""https://www.property.co.zw/uploadedfiles/af/cd/05/afcd05c3-a248-4ac2-ada4-8cd50659ddb1_thumbnail695.webp"", ""https://www.property.co.zw/uploadedfiles/61/9b/d5/619bd5e1-e90c-4c8a-bb37-cfeb0087bd96_thumbnail695.webp"", ""https://www.property.co.zw/uploadedfiles/c9/1a/55/c91a553d-1ae7-4549-8047-e8adb1375d38_thumbnail695.webp"", ""https://www.property.co.zw/uploadedfiles/46/4a/5c/464a5c5b-93f0-4fe1-93e6-a81c47edd5b6_thumbnail695.webp"", ""https://www.property.co.zw/uploadedfiles/a8/59/2f/a8592fbb-c889-4795-90db-1eef1f263832_thumbnail695.webp"", ""https://www.property.co.zw/uploadedfiles/35/89/c5/3589c544-8f13-4da0-875d-5b8f75dcdb04_thumbnail695.webp"", ""https://www.property.co.zw/uploadedfiles/eb/60/c9/eb60c9f9-6e13-4564-8ae2-889c9e0884ee_thumbnail695.webp"", ""https://www.property.co.zw/uploadedfiles/e8/3d/60/e83d60ad-8cc6-4887-bdc5-a6bfc283accb_thumbnail695.webp"", ""https://www.property.co.zw/uploadedfiles/a6/42/dd/a642dddf-b344-4bdc-9e38-8282ca70f760_thumbnail695.webp"", ""https://www.property.co.zw/uploadedfiles/3a/3f/cd/3a3fcd34-f9c7-44ee-8a28-8f2882b5398c_thumbnail695.webp"", ""https://www.property.co.zw/uploadedfiles/3a/88/e2/3a88e2a0-5d25-4a6b-ae06-fd3cdaf30277_thumbnail695.webp"", ""https://www.property.co.zw/uploadedfiles/fa/ef/52/faef521f-a2c2-47ab-83c6-20976a76df78_thumbnail695.webp""]",2026-09-23T16:32:31,False,1350000.0,,already USD,False,False,True,True,,False,False,False,False,False,False,False,False,False,False,False,False,False,False,False,False,False,False,False,False,False,False,False,False,0
JSPP211982,https://www.property.co.zw/for-sale/houses-jspp211982,Incomplete house for sale ,240000.0,USD,Hogerty Hill,Harare North,Zimbabwe,"Hogerty Hill, Harare North, Harare",8,4.0,500.0,m²,4348.0,m²,"Hogerty Hill
Two bedroomed cottage with open plan lounge and dining, kitchen, separate toilet and bath
Incomplete Main house: 8 bedrooms, lounge, kitchen,",2025-01-28,2026-05-19T14:38:26+02:00,Just Property,7,"[""https://www.property.co.zw/uploadedfiles/fc/76/21/fc762162-13b4-45b7-930d-7240f3191431_thumbnail695.webp"", ""https://www.property.co.zw/uploadedfiles/ca/35/8a/ca358a0f-8090-4928-ab35-ee0a18971893_thumbnail695.webp"", ""https://www.property.co.zw/uploadedfiles/ad/1c/e1/ad1ce1bd-65a4-420a-a97a-c33c924bc2ba_thumbnail695.webp"", ""https://www.property.co.zw/uploadedfiles/2f/cc/95/2fcc9580-afea-47b0-9b35-0398e7c0464a_thumbnail695.webp"", ""https://www.property.co.zw/uploadedfiles/64/e1/0d/64e10d04-5b9d-4575-b081-f48ddfce811a_thumbnail695.webp"", ""https://www.property.co.zw/uploadedfiles/89/6c/2d/896c2dd0-6ab3-4ff8-9971-06a1a6794e55_thumbnail695.webp"", ""https://www.property.co.zw/uploadedfiles/60/04/e4/6004e41c-5ccb-4d42-ba0b-870b6be16ef5_thumbnail695.webp""]",2026-09-23T16:32:35,False,240000.0,,already USD,False,True,True,True,,False,False,False,False,False,False,False,False,False,False,False,False,False,False,False,False,False,False,False,False,False,True,False,False,1
HTNP251983,https://www.property.co.zw/for-sale/houses-htnp251983,"Hatfield 3-Bed Home with Pool, Fireplace & Large Garden",200000.0,USD,Hatfield,Harare South,Zimbabwe,"Hatfield, Harare South, Harare",3,1.0,110.0,m²,3644.0,m²,"Charming single-storey home on a generous 3,644 m² stand in desirable Hatfield, Harare South — ideal for families, hobby gardeners or investors. This neat",2026-07-22,2026-09-15T10:34:58+02:00,Hilton Properties,11,"[""https://www.property.co.zw/uploadedfiles/75/17/fd/7517fdbc-7a84-4b27-924a-57d92831a764_thumbnail695.webp"", ""https://www.property.co.zw/uploadedfiles/1f/09/f0/1f09f004-ad5d-4c0e-ba0f-6a70fa6d7878_thumbnail695.webp"", ""https://www.property.co.zw/uploadedfiles/e7/45/33/e7453318-02e2-45e0-9093-52fca21ee207_thumbnail695.webp"", ""https://www.property.co.zw/uploadedfiles/af/52/4d/af524d86-860c-4c68-92ff-aa3dc92a0db2_thumbnail695.webp"", ""https://www.property.co.zw/uploadedfiles/87/48/bf/8748bff1-6821-4b01-a4d2-3ed17cb85629_thumbnail695.webp"", ""https://www.property.co.zw/uploadedfiles/cc/32/2d/cc322d5a-08a2-46cc-a3c5-3899fe0cf3f8_thumbnail695.webp"", ""https://www.property.co.zw/uploadedfiles/48/7a/c2/487ac2df-79e7-41bb-8f7f-d374cb8b98ca_thumbnail695.webp"", ""https://www.property.co.zw/uploadedfiles/85/44/3a/85443ad2-e4a7-49eb-83f9-288e6a157087_thumbnail695.webp"", ""https://www.property.co.zw/uploadedfiles/aa/6e/59/aa6e59e0-4a42-4e12-8a46-f40f4e7cd8c9_thumbnail695.webp"", ""https://www.property.co.zw/uploadedfiles/94/b3/ce/94b3ce47-8c1e-445e-bc45-cca0ff44c7d7_thumbnail695.webp"", ""https://www.property.co.zw/uploadedfiles/75/2d/33/752d33bd-7816-447f-9876-1fc352eb33f6_thumbnail695.webp""]",2026-09-23T16:32:39,False,200000.0,,already USD,False,False,True,True,,False,False,False,False,False,False,False,False,False,False,False,False,False,False,False,False,False,False,False,False,False,False,False,False,0
EPG251398,https://www.property.co.zw/for-sale/houses-epg251398,Solid Family house for sale ,120000.0,USD,Tynwald,Harare West,Zimbabwe,"Tynwald, Harare West, Harare",3,2.0,,,450.0,m²,"Compact Family house offering 3Bedrooms, lounge dining room , fitted kitchen, separate toilet, single lock up garage , developed garden , walled and gated  ",2026-07-15,2026-07-15T11:26:04+02:00,EPG Global,19,"[""https://www.property.co.zw/uploadedfiles/c4/28/65/c428654d-e7bb-4320-86a1-2f860b996773_thumbnail695.webp"", ""https://www.property.co.zw/uploadedfiles/fc/06/da/fc06da04-ef17-4a3f-9206-dd6b57cef7e0_thumbnail695.webp"", ""https://www.property.co.zw/uploadedfiles/bc/b3/ee/bcb3eead-4fc1-4fa5-8473-d83dd69859f4_thumbnail695.webp"", ""https://www.property.co.zw/uploadedfiles/3c/6a/56/3c6a5660-e014-4da3-be39-896bed9c89fd_thumbnail695.webp"", ""https://www.property.co.zw/uploadedfiles/61/a3/3e/61a33edf-d323-43c4-b133-53e43811456f_thumbnail695.webp"", ""https://www.property.co.zw/uploadedfiles/a7/92/5b/a7925b6b-bef1-4a2b-a743-fb1b09bafbc7_thumbnail695.webp"", ""https://www.property.co.zw/uploadedfiles/67/0c/01/670c01f5-2845-4904-88df-a3de05ab5823_thumbnail695.webp"", ""https://www.property.co.zw/uploadedfiles/f3/4c/b9/f34cb9ed-c747-4305-b512-a3db760797b2_thumbnail695.webp"", ""https://www.property.co.zw/uploadedfiles/07/db/8a/07db8aa4-c214-4f5c-9a3d-6b7329a2d8f8_thumbnail695.webp"", ""https://www.property.co.zw/uploadedfiles/d4/77/38/d47738e7-fda5-4124-b9cc-6824e931775d_thumbnail695.webp"", ""https://www.property.co.zw/uploadedfiles/13/ec/e1/13ece128-61bb-4f98-bcd2-b606a491d432_thumbnail695.webp"", ""https://www.property.co.zw/uploadedfiles/f3/f1/73/f3f17354-827e-4d5b-be7e-23b26a596475_thumbnail695.webp"", ""https://www.property.co.zw/uploadedfiles/08/09/33/080933f4-0370-494e-8f47-a355fcbe7771_thumbnail695.webp"", ""https://www.property.co.zw/uploadedfiles/1a/c0/95/1ac095ad-cce4-45a9-94d3-69a4649c2571_thumbnail695.webp"", ""https://www.property.co.zw/uploadedfiles/b3/d6/fa/b3d6fa88-b989-4235-a704-f6ab5d7c01bd_thumbnail695.webp"", ""https://www.property.co.zw/uploadedfiles/4d/26/13/4d261309-0e9d-4411-9669-ff9f1864d6b5_thumbnail695.webp"", ""https://www.property.co.zw/uploadedfiles/60/19/3e/60193e2e-13ad-4785-9db2-ec60d3c3a531_thumbnail695.webp"", ""https://www.property.co.zw/uploadedfiles/bd/29/2e/bd292e09-e108-4661-984b-4380c0597b2c_thumbnail695.webp"", ""https://www.property.co.zw/uploadedfiles/e6/1d/81/e61d81c6-8050-482f-9a6c-378da3c1f12f_thumbnail695.webp""]",2026-09-23T16:32:43,False,120000.0,,already USD,False,False,True,False,,False,False,False,False,True,False,False,False,False,False,True,False,False,False,False,False,False,False,False,False,False,False,False,False,0
RWS230526,https://www.property.co.zw/for-sale/houses-rws230526,Reduced to go | Hogerty Hill ,440000.0,USD,Hogerty Hill,Harare North,Zimbabwe,"Hogerty Hill, Harare North, Harare",6,6.0,1000.0,m²,2691.0,m²,"Set on a generous 2,691 m² stand in sought-after Hogerty Hill, Harare North, this elegant 6-bedroom, 6-bathroom family residence offers 1,000 m² of comfortable,",2025-09-30,2026-05-27T09:05:00+02:00,Rawson Properties Harare,17,"[""https://www.property.co.zw/uploadedfiles/21/a6/43/21a6431b-0f71-4369-9b7c-27b7522abc9b_thumbnail695.webp"", ""https://www.property.co.zw/uploadedfiles/8b/84/b8/8b84b82b-1bb7-476d-9751-35a845272d11_thumbnail695.webp"", ""https://www.property.co.zw/uploadedfiles/9d/48/97/9d4897d4-30fb-4a35-975a-7a3c73c0010c_thumbnail695.webp"", ""https://www.property.co.zw/uploadedfiles/c5/06/de/c506de30-2758-41df-8e26-0cce8e43965a_thumbnail695.webp"", ""https://www.property.co.zw/uploadedfiles/f2/fe/3c/f2fe3c6b-5d35-4d5c-b4ff-a821fa444f8f_thumbnail695.webp"", ""https://www.property.co.zw/uploadedfiles/f2/bf/93/f2bf9391-d3f9-434c-934f-a72537804a13_thumbnail695.webp"", ""https://www.property.co.zw/uploadedfiles/8b/63/a2/8b63a2a0-fac0-42bb-8b77-9a3acd58819e_thumbnail695.webp"", ""https://www.property.co.zw/uploadedfiles/63/b9/aa/63b9aa26-96eb-4321-b1ea-e617c850633f_thumbnail695.webp"", ""https://www.property.co.zw/uploadedfiles/f8/03/b5/f803b5a4-d775-4aab-9009-95cb3239c501_thumbnail695.webp"", ""https://www.property.co.zw/uploadedfiles/f7/73/e4/f773e4d4-b175-4da6-99f3-0f7c6976abc8_thumbnail695.webp"", ""https://www.property.co.zw/uploadedfiles/e6/18/ad/e618ad05-f831-4ebe-a895-e55b8fb7451b_thumbnail695.webp"", ""https://www.property.co.zw/uploadedfiles/59/27/b4/5927b4e8-1b29-4a8d-bbe8-7b1148e07505_thumbnail695.webp"", ""https://www.property.co.zw/uploadedfiles/8a/c1/51/8ac151a1-6d26-462b-a6d0-1fd0af1cc3ab_thumbnail695.webp"", ""https://www.property.co.zw/uploadedfiles/62/9a/52/629a5299-73fe-463a-8ad8-12509295fc43_thumbnail695.webp"", ""https://www.property.co.zw/uploadedfiles/1d/74/29/1d742973-aae7-4ebb-a4f5-da172f15e208_thumbnail695.webp"", ""https://www.property.co.zw/uploadedfiles/2c/48/c7/2c48c74f-c3e5-4141-82c5-901e01402fd8_thumbnail695.webp"", ""https://www.property.co.zw/uploadedfiles/02/ac/78/02ac78d0-0c27-4dca-93a4-f6cf38b7b536_thumbnail695.webp""]",2026-09-23T16:32:48,False,440000.0,,already USD,False,False,True,True,,False,False,False,False,False,False,False,False,False,False,False,False,False,False,False,False,False,False,False,False,False,False,False,False,0
TPR255276,https://www.property.co.zw/for-sale/houses-tpr255276,3 Bedroom Cottage in Manresa For Sale ,150000.0,USD,Manresa,Harare East,Zimbabwe,"Manresa, Harare East, Harare",3,1.0,100.0,m²,,1200,"3 Bedroom Cottage , sitting on over 1200sqm for sale in Manresa 
A cottage with maximum potential for explansion .Initially built as a starter accomodation , this",2026-09-16,2026-09-22T10:34:21+02:00,Trumpet Properties,9,"[""https://www.property.co.zw/uploadedfiles/e7/2c/cf/e72ccfce-684e-4630-b398-249986f85946_thumbnail695.webp"", ""https://www.property.co.zw/uploadedfiles/3c/f4/e1/3cf4e144-6556-4213-a2a6-5c251b613d7d_thumbnail695.webp"", ""https://www.property.co.zw/uploadedfiles/60/c3/04/60c3040f-adcc-4e41-81ac-7d23729e6975_thumbnail695.webp"", ""https://www.property.co.zw/uploadedfiles/d0/8a/96/d08a966f-661c-4482-b3d2-742b139bb8bf_thumbnail695.webp"", ""https://www.property.co.zw/uploadedfiles/de/a1/e9/dea1e938-cbf3-457c-a199-44f0d0ca1941_thumbnail695.webp"", ""https://www.property.co.zw/uploadedfiles/08/8c/79/088c7978-92ad-483f-96b1-6a3047bf54d6_thumbnail695.webp"", ""https://www.property.co.zw/uploadedfiles/cc/aa/0d/ccaa0d94-7541-44f6-bb64-90e29928b687_thumbnail695.webp"", ""https://www.property.co.zw/uploadedfiles/35/cb/9a/35cb9a1c-e89c-4e0c-b633-0ca3e4b4d16e_thumbnail695.webp"", ""https://www.property.co.zw/uploadedfiles/0e/8c/f2/0e8cf224-e826-4741-9a26-322d9a6255de_thumbnail695.webp""]",2026-09-23T16:32:52,False,150000.0,,already USD,False,False,False,True,,False,False,False,False,False,False,False,False,False,False,False,False,False,False,False,False,False,False,False,False,False,True,False,False,0
RWS242664,https://www.property.co.zw/for-sale/houses-rws242664,Avondale House For Sale,365000.0,USD,Avondale West,Harare West,Zimbabwe,"Avondale West, Harare West, Harare",3,2.0,500.0,m²,1190.0,m²,"For Sale 365k
*AVONDALE*
Lanark Road off King George 
3 Beds
2 baths
Lounge
Dining 
Kitchen
1 bed cottage
Single staff quarters 
Fully walled and gated",2026-03-14,2026-09-07T10:49:05+02:00,Rawson Properties Harare,7,"[""https://www.property.co.zw/uploadedfiles/dc/81/45/dc814560-c91c-4852-980f-9e8580de9cd5_thumbnail695.webp"", ""https://www.property.co.zw/uploadedfiles/58/79/0b/58790b49-68fe-4b93-943c-6370c6e454ab_thumbnail695.webp"", ""https://www.property.co.zw/uploadedfiles/3f/2d/73/3f2d7300-ba96-4803-9349-04886c7b5eeb_thumbnail695.webp"", ""https://www.property.co.zw/uploadedfiles/34/26/82/342682b8-d61b-4b49-8217-45fe00451705_thumbnail695.webp"", ""https://www.property.co.zw/uploadedfiles/ad/30/9b/ad309b97-f7a9-43c5-a0e3-5810877c2b1d_thumbnail695.webp"", ""https://www.property.co.zw/uploadedfiles/8e/eb/00/8eeb0079-1cc6-4e5f-b216-6719181306cb_thumbnail695.webp"", ""https://www.property.co.zw/uploadedfiles/50/c7/2a/50c72a79-21ea-40a2-b19e-80b6217954bb_thumbnail695.webp""]",2026-09-23T16:32:56,False,365000.0,,already USD,False,False,True,True,,False,False,False,False,True,False,False,False,False,False,False,False,False,False,False,False,False,False,False,False,False,True,False,False,0
JSPP212260,https://www.property.co.zw/for-sale/houses-jspp212260,6-Bedroom House for Sale in Ruwa,650000.0,USD,Ruwa,Ruwa,Zimbabwe,"Ruwa, Mashonaland East",6,4.0,230.0,m²,6.2,Hectares,"This impressive house in Ruwa offers a luxurious and spacious living experience.  Inside, you'll find a guest toilet, a comfortable lounge, a dedicated dining",2025-01-30,2026-08-24T11:14:17+02:00,Just Property,9,"[""https://www.property.co.zw/uploadedfiles/78/e5/3f/78e53fe8-8cd4-4683-8947-282ea1516a5a_thumbnail695.webp"", ""https://www.property.co.zw/uploadedfiles/03/06/9c/03069c76-d4ee-4821-b887-c674475c42b4_thumbnail695.webp"", ""https://www.property.co.zw/uploadedfiles/37/c2/ef/37c2ef08-e398-48d1-8759-9426f1e97b53_thumbnail695.webp"", ""https://www.property.co.zw/uploadedfiles/2c/30/70/2c30702d-bfd6-41e9-a84c-d5d4aa172444_thumbnail695.webp"", ""https://www.property.co.zw/uploadedfiles/dd/ab/d0/ddabd05f-d362-40f9-a2c3-dd6170da3c68_thumbnail695.webp"", ""https://www.property.co.zw/uploadedfiles/ee/15/98/ee15985a-2832-4396-9c7f-2b77d41882c8_thumbnail695.webp"", ""https://www.property.co.zw/uploadedfiles/0b/30/47/0b3047e3-8904-4ab9-b0a0-92cfc8872bb8_thumbnail695.webp"", ""https://www.property.co.zw/uploadedfiles/84/21/ec/8421ec5d-b001-4ee6-84bc-377b21c4d958_thumbnail695.webp"", ""https://www.property.co.zw/uploadedfiles/61/fc/91/61fc91f8-ea01-4101-952d-9462c5b53caa_thumbnail695.webp""]",2026-09-23T16:33:00,False,650000.0,,already USD,False,False,True,True,"land_area_m2<50 (implausibly small stand for a house); statistical price outlier within its suburb (log-price, 1.5xIQR rule) -- inspect manually, do not assume error",False,False,False,False,False,False,False,False,False,False,False,False,False,False,False,False,False,False,False,False,False,False,False,False,0
OHRE252459,https://www.property.co.zw/for-sale/houses-ohre252459,Rockview Ruwa house for sale ,180000.0,USD,Rockview,Harare East,Zimbabwe,"Rockview, Harare East, Harare",5,4.0,300.0,m²,1000.0,m²," For sale 

*Rockview Ruwa- $165 000* 
Modern house for sale comprising of 5 Bedrooms, 3 Ensuite
Three lounges
Kitchen and Pantry
Laundry room
One separate",2026-07-29,2026-09-09T09:32:23+02:00,Own Your Home Real Estate,8,"[""https://www.property.co.zw/uploadedfiles/2d/df/ef/2ddfef82-fa25-44d8-bff6-fefec358c312_thumbnail695.webp"", ""https://www.property.co.zw/uploadedfiles/3f/26/61/3f266112-a53f-4540-9776-f85290b429ba_thumbnail695.webp"", ""https://www.property.co.zw/uploadedfiles/80/db/23/80db2325-677a-459c-9a10-f58c8920604e_thumbnail695.webp"", ""https://www.property.co.zw/uploadedfiles/e3/42/27/e342272b-2427-44c4-94d9-83908a64b4e0_thumbnail695.webp"", ""https://www.property.co.zw/uploadedfiles/97/65/f2/9765f260-ab73-46ce-8394-f9cfbf801731_thumbnail695.webp"", ""https://www.property.co.zw/uploadedfiles/42/47/28/4247285b-4faa-4598-b874-abc4a21d64b2_thumbnail695.webp"", ""https://www.property.co.zw/uploadedfiles/9e/e9/88/9ee988a0-8b9e-4b89-862c-887e97408e08_thumbnail695.webp"", ""https://www.property.co.zw/uploadedfiles/33/55/f2/3355f2b0-d444-452e-bdbc-88dc8b361b61_thumbnail695.webp""]",2026-09-23T16:33:04,False,180000.0,,already USD,False,False,True,True,,False,False,False,False,False,False,False,False,False,False,False,False,False,False,False,False,False,False,False,True,False,False,False,False,0
KHA241256,https://www.property.co.zw/for-sale/houses-kha241256,Rainham 3 bed House for sale ,91000.0,USD,Rainham,Harare West,Zimbabwe,"Rainham, Harare West, Harare",3,2.0,120.0,m²,246.0,m²,"Rainham 3-bed house for sale 
USD$91 000
Harare west 
3bedrooms 
2bathrooms 
Located in a well maintained gated community 


- Located in Rainham Park",2026-02-24,2026-04-22T09:34:34+02:00,Khalida Realty,15,"[""https://www.property.co.zw/uploadedfiles/1d/52/6f/1d526f07-300e-4bc1-a8a3-3c83cc6409ba_thumbnail695.webp"", ""https://www.property.co.zw/uploadedfiles/11/7e/d7/117ed757-ad1e-409e-82b2-20158f3e556c_thumbnail695.webp"", ""https://www.property.co.zw/uploadedfiles/6c/ed/7d/6ced7d2a-f373-44bb-806c-eb03b869a903_thumbnail695.webp"", ""https://www.property.co.zw/uploadedfiles/b7/e6/d6/b7e6d618-4b99-430a-b431-fa2e4f362469_thumbnail695.webp"", ""https://www.property.co.zw/uploadedfiles/2d/04/73/2d0473a7-dc53-435c-a90e-4616b9a92f4b_thumbnail695.webp"", ""https://www.property.co.zw/uploadedfiles/c5/f6/f3/c5f6f393-edac-459d-8633-623343810445_thumbnail695.webp"", ""https://www.property.co.zw/uploadedfiles/49/26/d2/4926d25c-ec48-45cd-ad2b-65cc672bd85b_thumbnail695.webp"", ""https://www.property.co.zw/uploadedfiles/1f/cb/7f/1fcb7f45-9120-4a0f-85d5-6ab4ff68c2ad_thumbnail695.webp"", ""https://www.property.co.zw/uploadedfiles/50/eb/89/50eb8914-cafc-4a70-a573-e926544f447e_thumbnail695.webp"", ""https://www.property.co.zw/uploadedfiles/7a/8b/2f/7a8b2f06-cbd2-47f7-a1de-ab79a1cd61af_thumbnail695.webp"", ""https://www.property.co.zw/uploadedfiles/ae/6c/51/ae6c512e-eeb6-41d4-adcb-3db3cb4baddb_thumbnail695.webp"", ""https://www.property.co.zw/uploadedfiles/ab/be/43/abbe4301-f790-4845-a188-1ab70b60294a_thumbnail695.webp"", ""https://www.property.co.zw/uploadedfiles/af/4e/3f/af4e3fb6-a7aa-426e-9470-c3a734f25531_thumbnail695.webp"", ""https://www.property.co.zw/uploadedfiles/61/f9/4c/61f94cb9-431a-4d69-b882-568844c0a57b_thumbnail695.webp"", ""https://www.property.co.zw/uploadedfiles/83/3f/77/833f7722-2705-4d46-9336-fc692fad9a17_thumbnail695.webp""]",2026-09-23T16:33:09,False,91000.0,,already USD,False,False,True,True,,False,False,False,False,False,False,False,True,False,False,False,False,False,False,False,False,False,False,False,False,False,False,False,False,0
PTK235602,https://www.property.co.zw/for-sale/houses-ptk235602,"Recent construction, modern finish family home ",280000.0,USD,Mabelreign,Harare West,Zimbabwe,"Mabelreign, Harare West, Harare",7,10.0,380.0,m²,1200.0,m²,"Accommodation comprises;

- 3 verandahs
- Scullery
- State-of-the-art fitted kitchen with:
    - Fitted gas stove
    - Oven
    - Electric stove
    -",2025-12-03,2026-09-08T09:57:36+02:00,Property track,20,"[""https://www.property.co.zw/uploadedfiles/c6/26/ef/c626efb8-7007-4fa9-83a9-f876cb6a4ff2_thumbnail695.webp"", ""https://www.property.co.zw/uploadedfiles/19/cb/7a/19cb7a0b-6d38-4e22-9965-61fa855dbbd8_thumbnail695.webp"", ""https://www.property.co.zw/uploadedfiles/c6/fe/81/c6fe81a9-2606-4748-ace8-2942f45155d6_thumbnail695.webp"", ""https://www.property.co.zw/uploadedfiles/f6/20/2a/f6202a2f-9454-46b5-931b-9e4aeefb7faf_thumbnail695.webp"", ""https://www.property.co.zw/uploadedfiles/2c/db/e0/2cdbe0ad-cde0-46e7-a013-65481362b8d3_thumbnail695.webp"", ""https://www.property.co.zw/uploadedfiles/57/53/81/57538133-67b7-4712-9dbf-7de931c0953b_thumbnail695.webp"", ""https://www.property.co.zw/uploadedfiles/96/d8/d1/96d8d153-e0bc-4994-bf9a-b009311e50fb_thumbnail695.webp"", ""https://www.property.co.zw/uploadedfiles/37/7e/71/377e7104-281d-4e68-be4d-93bae0a39124_thumbnail695.webp"", ""https://www.property.co.zw/uploadedfiles/5d/08/9a/5d089a1c-36fc-4d86-827c-91f80db873a0_thumbnail695.webp"", ""https://www.property.co.zw/uploadedfiles/5b/13/28/5b13282b-8ffb-4440-a142-c3536812b69a_thumbnail695.webp"", ""https://www.property.co.zw/uploadedfiles/0c/c6/7d/0cc67d67-99d3-4dee-a3b9-25af1f54579d_thumbnail695.webp"", ""https://www.property.co.zw/uploadedfiles/ed/51/34/ed5134fc-1c40-4c41-9866-26e49b39bc03_thumbnail695.webp"", ""https://www.property.co.zw/uploadedfiles/fa/24/07/fa2407c1-7fad-49c6-9ccf-42c1f3927018_thumbnail695.webp"", ""https://www.property.co.zw/uploadedfiles/64/2e/a0/642ea006-493c-4766-acf7-48e8139f724c_thumbnail695.webp"", ""https://www.property.co.zw/uploadedfiles/c7/9a/2c/c79a2c8a-6ea1-4c07-81ac-2c008c586ad9_thumbnail695.webp"", ""https://www.property.co.zw/uploadedfiles/48/75/55/4875557c-76c3-4fa5-a222-ce5318b6ba74_thumbnail695.webp"", ""https://www.property.co.zw/uploadedfiles/05/bc/3e/05bc3ec3-5bf0-4c27-8a32-0f8bfc772654_thumbnail695.webp"", ""https://www.property.co.zw/uploadedfiles/d9/7c/bf/d97cbf6e-01c7-443c-becc-f6818252a673_thumbnail695.webp"", ""https://www.property.co.zw/uploadedfiles/da/c3/e0/dac3e0cf-1ffe-4e8f-9bd4-d00f25e1ac7c_thumbnail695.webp"", ""https://www.property.co.zw/uploadedfiles/6d/5f/a0/6d5fa0b1-0bbe-4fa8-9f27-c1d88866fd2d_thumbnail695.webp""]",2026-09-23T16:33:13,False,280000.0,,already USD,False,False,True,True,,False,False,False,False,False,False,False,False,False,False,True,False,False,False,False,False,False,False,False,False,False,False,False,False,0
GAT222175,https://www.property.co.zw/for-sale/houses-gat222175,"4-Bedroom Family Home in Desirable Greendale, Harare",175000.0,USD,Greendale,Harare East,Zimbabwe,"Greendale, Harare East, Harare",4,2.0,240.0,m²,,400,"Off Plan Townhouse for Sale in  Rhodesville Greendale: Terms Accepted!!!! 
 
THEY ARE 2 UNITS AT DECK LEVEL BEING SOLD OFF PLAN UP TO SUPER STRUCTURE FOR",2025-06-11,2026-09-10T15:28:03+02:00,Guest and Tanner Real Estate,10,"[""https://www.property.co.zw/uploadedfiles/c5/83/29/c583294b-84cc-4231-9ec5-cce5f0458f8f_thumbnail695.webp"", ""https://www.property.co.zw/uploadedfiles/3f/79/cc/3f79cc98-8622-4799-b602-f38491a784fc_thumbnail695.webp"", ""https://www.property.co.zw/uploadedfiles/b1/68/e4/b168e47b-9f8a-41d2-87cc-57270b54c383_thumbnail695.webp"", ""https://www.property.co.zw/uploadedfiles/cb/6c/e2/cb6ce246-5591-4afb-96ac-8e64056d563f_thumbnail695.webp"", ""https://www.property.co.zw/uploadedfiles/ce/48/f8/ce48f856-6fc1-4aab-a095-a21777c16618_thumbnail695.webp"", ""https://www.property.co.zw/uploadedfiles/d6/0b/b1/d60bb1d9-36b9-41fa-b4d2-2d0e07526270_thumbnail695.webp"", ""https://www.property.co.zw/uploadedfiles/5f/fd/09/5ffd09ab-6539-4557-b46b-a5c8d36c6978_thumbnail695.webp"", ""https://www.property.co.zw/uploadedfiles/d8/76/e2/d876e247-2a4b-4554-aa6c-5f75c4f0a97e_thumbnail695.webp"", ""https://www.property.co.zw/uploadedfiles/c5/9d/9f/c59d9f8a-c71b-4090-93fe-7970a5b28924_thumbnail695.webp"", ""https://www.property.co.zw/uploadedfiles/e8/7f/dc/e87fdc60-ac74-45ea-995e-934fc55d7e85_thumbnail695.webp""]",2026-09-23T16:33:17,False,175000.0,,already USD,False,True,False,True,,False,False,False,False,False,False,False,False,False,False,False,False,False,False,False,False,False,False,False,False,False,False,False,False,0
RWS254676,https://www.property.co.zw/for-sale/houses-rws254676,Finish to your own taste ,145000.0,USD,Haydon Park,Harare West,Zimbabwe,"Haydon Park, Harare West, Harare",4,3.0,320.0,m²,800.0,m²,"Haydon
Land area ~ 800 m²
Spacious modern home featuring 4 bedrooms (2 ensuite), 2 lounges, dining room, kitchen, scullery, and a guest wing with private",2026-09-05,2026-09-05T03:22:13+02:00,Rawson Properties Harare,11,"[""https://www.property.co.zw/uploadedfiles/2d/83/ae/2d83aee3-b3ca-465a-911d-454fa557307e_thumbnail695.webp"", ""https://www.property.co.zw/uploadedfiles/54/10/ea/5410eadf-dbad-4441-abad-f8aa9747b633_thumbnail695.webp"", ""https://www.property.co.zw/uploadedfiles/b3/66/78/b36678cc-a579-4427-a417-bae0eeeb7cda_thumbnail695.webp"", ""https://www.property.co.zw/uploadedfiles/e6/cb/79/e6cb795c-b0a0-492e-80db-b6c776b32857_thumbnail695.webp"", ""https://www.property.co.zw/uploadedfiles/d4/27/21/d42721f6-02f7-4f4a-867d-79e910cd4b5f_thumbnail695.webp"", ""https://www.property.co.zw/uploadedfiles/c3/77/8e/c3778e70-92e2-4fc3-a12b-d63df4316d7e_thumbnail695.webp"", ""https://www.property.co.zw/uploadedfiles/3c/d6/1c/3cd61c72-cd3b-491c-8053-eee487dc75ee_thumbnail695.webp"", ""https://www.property.co.zw/uploadedfiles/5a/d2/7a/5ad27ac6-746c-4448-b556-780d18ffe71b_thumbnail695.webp"", ""https://www.property.co.zw/uploadedfiles/08/23/38/082338df-9921-4b8a-a9b9-0b3607776fce_thumbnail695.webp"", ""https://www.property.co.zw/uploadedfiles/17/61/c7/1761c71a-4096-4467-a919-6e2fe324dab5_thumbnail695.webp"", ""https://www.property.co.zw/uploadedfiles/2c/4a/14/2c4a14e7-9a0c-433e-876b-38958abad697_thumbnail695.webp""]",2026-09-23T16:33:21,False,145000.0,,already USD,False,False,True,True,,False,False,False,False,False,False,False,False,False,False,False,False,False,False,False,False,False,False,False,True,False,False,False,False,0
DRF255617,https://www.property.co.zw/for-sale/houses-drf255617,2-Bed cottage on 2000m² with Garage Zimre Park for sale $68k,68000.0,USD,Zimre Park,Harare East,Zimbabwe,"Zimre Park, Harare East, Harare",2,1.0,90.0,m²,2000.0,m²,"Solid investment in Zimre Park, Harare East — a generous 2 000 m² stand with an existing 90 m² cottage offering 2 bedrooms and 1 bathroom. The property is set back",2026-09-21,2026-09-21T20:02:14+02:00,Drew and Fraser International,15,"[""https://www.property.co.zw/uploadedfiles/ef/a7/cd/efa7cdc2-06a4-43fd-b746-895a19a01d31_thumbnail695.webp"", ""https://www.property.co.zw/uploadedfiles/df/3d/25/df3d25b1-18a5-4623-9fbb-6536e1cd88dc_thumbnail695.webp"", ""https://www.property.co.zw/uploadedfiles/08/e3/74/08e37479-4e8b-4a51-9c14-8e38c50c8f64_thumbnail695.webp"", ""https://www.property.co.zw/uploadedfiles/83/a6/6d/83a66ddf-e3cf-4eb8-aa2f-19b933daa04f_thumbnail695.webp"", ""https://www.property.co.zw/uploadedfiles/f8/3d/61/f83d610e-bd77-44d7-9fb6-ae28caea3729_thumbnail695.webp"", ""https://www.property.co.zw/uploadedfiles/f4/c6/25/f4c6251b-2279-4d08-94d8-52345746b4c6_thumbnail695.webp"", ""https://www.property.co.zw/uploadedfiles/21/9e/41/219e41f7-ff31-405c-81d4-46c4e2d8d5fb_thumbnail695.webp"", ""https://www.property.co.zw/uploadedfiles/e1/e4/19/e1e419ee-3351-405c-ba88-db51f81a9e7c_thumbnail695.webp"", ""https://www.property.co.zw/uploadedfiles/bc/63/8d/bc638da5-2e75-413c-9efa-9e7091ccc5b7_thumbnail695.webp"", ""https://www.property.co.zw/uploadedfiles/51/ff/38/51ff3859-d625-47c2-8b6f-cd7a93227771_thumbnail695.webp"", ""https://www.property.co.zw/uploadedfiles/7c/e5/50/7ce55092-9dd4-41c2-9021-95a25a800ef5_thumbnail695.webp"", ""https://www.property.co.zw/uploadedfiles/53/5a/06/535a0675-d0ea-4dc5-a84c-8b962aa2e979_thumbnail695.webp"", ""https://www.property.co.zw/uploadedfiles/39/30/72/39307293-acf9-417f-b8d7-723f78d57d12_thumbnail695.webp"", ""https://www.property.co.zw/uploadedfiles/66/51/6f/66516f81-91b5-4939-bf4e-86af4c7b6f39_thumbnail695.webp"", ""https://www.property.co.zw/uploadedfiles/7c/d4/ab/7cd4abfc-fe17-4279-8544-94fc42543563_thumbnail695.webp""]",2026-09-23T16:33:25,False,68000.0,,already USD,False,False,True,True,,False,False,False,False,False,False,False,False,False,False,False,False,False,False,False,False,False,False,False,False,False,True,False,False,0
GAT252807,https://www.property.co.zw/for-sale/houses-gat252807,Uplands Waterfalls Home for Sale,130000.0,USD,Waterfalls,Harare South,Zimbabwe,"Waterfalls, Harare South, Harare",4,2.0,300.0,m²,,2000,"This solid starter home in Waterfalls offers 4 spacious bedrooms, including a main en-suite, a well-fitted kitchen, and an open-plan lounge and dining area",2026-08-04,2026-08-04T16:34:11+02:00,Guest and Tanner Real Estate,10,"[""https://www.property.co.zw/uploadedfiles/7e/1b/e1/7e1be102-58a2-4c41-832b-d2d7ce0e961d_thumbnail695.webp"", ""https://www.property.co.zw/uploadedfiles/0d/a2/f1/0da2f1bf-aa21-4864-8f79-317e6a55689a_thumbnail695.webp"", ""https://www.property.co.zw/uploadedfiles/ba/54/d6/ba54d654-41d3-44cf-bd20-d2e82504dc3b_thumbnail695.webp"", ""https://www.property.co.zw/uploadedfiles/bb/31/8c/bb318cdf-a3a3-44d6-bd8f-653864746b2b_thumbnail695.webp"", ""https://www.property.co.zw/uploadedfiles/95/da/ce/95dacea1-7dad-4eea-9a28-eb1cd779e780_thumbnail695.webp"", ""https://www.property.co.zw/uploadedfiles/1c/ec/54/1cec548b-b32f-4c00-a658-b4a92e4a6953_thumbnail695.webp"", ""https://www.property.co.zw/uploadedfiles/00/65/86/006586bf-6a95-46c9-9d72-f410dac01ea8_thumbnail695.webp"", ""https://www.property.co.zw/uploadedfiles/6d/eb/be/6debbeb2-5369-4a3a-8575-3a0c28dd49c1_thumbnail695.webp"", ""https://www.property.co.zw/uploadedfiles/98/69/61/98696195-3a66-4121-b9ed-71b062f0d903_thumbnail695.webp"", ""https://www.property.co.zw/uploadedfiles/c9/f1/58/c9f158f0-c91e-45d4-a5e2-66c761950668_thumbnail695.webp""]",2026-09-23T16:33:29,False,130000.0,,already USD,False,True,False,True,,False,False,False,False,False,False,False,False,False,False,True,False,False,False,False,False,False,False,False,True,False,False,False,False,0
CREZ241506,https://www.property.co.zw/for-sale/houses-crez241506,Knowe Norton house for sale ,150000.0,USD,Knowe,Norton,Zimbabwe,"Knowe, Norton, Mashonaland West",7,4.0,400.0,m²,2278.0,m²,"Norton Knowe phase 1 $150k
Brand New beautiful modern house in this established suburb of Norton comprising of 
4 spacious bedrooms, main bedroom with ensuite",2026-02-26,2026-09-09T17:17:45+02:00,Celebiz Real Estate,31,"[""https://www.property.co.zw/uploadedfiles/21/d1/3d/21d13dae-5ea6-4695-a7ea-2a2b4e467776_thumbnail695.webp"", ""https://www.property.co.zw/uploadedfiles/2d/65/b3/2d65b3cf-2295-4dcc-8337-0e0e414b9726_thumbnail695.webp"", ""https://www.property.co.zw/uploadedfiles/60/19/93/601993ac-8c52-44ad-9acd-da117492fabd_thumbnail695.webp"", ""https://www.property.co.zw/uploadedfiles/45/d1/da/45d1dafb-dc7d-42ee-8113-21fb1bc7dd0d_thumbnail695.webp"", ""https://www.property.co.zw/uploadedfiles/e3/01/11/e3011157-b22c-4052-bd5c-86e1844c9e9c_thumbnail695.webp"", ""https://www.property.co.zw/uploadedfiles/27/91/f2/2791f2c2-e4c3-4942-93dd-8e75c5c8dfba_thumbnail695.webp"", ""https://www.property.co.zw/uploadedfiles/01/44/4e/01444ec9-2955-4402-9a18-5f0aad4c3119_thumbnail695.webp"", ""https://www.property.co.zw/uploadedfiles/fa/99/5d/fa995df3-aecd-4aee-b5ef-2284c3dfa638_thumbnail695.webp"", ""https://www.property.co.zw/uploadedfiles/f6/02/6a/f6026ad9-42bc-47c2-b9dd-30bf99b57ac3_thumbnail695.webp"", ""https://www.property.co.zw/uploadedfiles/92/1d/bf/921dbfbf-1fa9-444c-87cb-e6c7fe34e429_thumbnail695.webp"", ""https://www.property.co.zw/uploadedfiles/23/9f/30/239f3046-cf96-45d1-81ed-c7d4b137335a_thumbnail695.webp"", ""https://www.property.co.zw/uploadedfiles/84/63/06/846306d2-8a1f-4866-8720-671a1cc1de30_thumbnail695.webp"", ""https://www.property.co.zw/uploadedfiles/9e/3b/91/9e3b9136-8bea-44f7-bd0e-fd5ab487f647_thumbnail695.webp"", ""https://www.property.co.zw/uploadedfiles/f4/94/a6/f494a6a3-a3c1-453d-9ddd-8b68ae8635e0_thumbnail695.webp"", ""https://www.property.co.zw/uploadedfiles/08/a2/39/08a2398f-2f19-4fc9-892d-4c19c40a121b_thumbnail695.webp"", ""https://www.property.co.zw/uploadedfiles/4d/7e/bd/4d7ebdae-06a4-4b1b-964f-8dbe1f0d8417_thumbnail695.webp"", ""https://www.property.co.zw/uploadedfiles/54/6f/b8/546fb8b7-6730-4fca-98c0-89cb6de4951a_thumbnail695.webp"", ""https://www.property.co.zw/uploadedfiles/7e/4e/39/7e4e3976-46a5-42c5-b354-059c293e4615_thumbnail695.webp"", ""https://www.property.co.zw/uploadedfiles/c5/7f/6b/c57f6bac-9287-4a86-8330-6d479205f9f2_thumbnail695.webp"", ""https://www.property.co.zw/uploadedfiles/4f/00/b4/4f00b426-f787-4190-99d7-c649448bb636_thumbnail695.webp"", ""https://www.property.co.zw/uploadedfiles/cc/11/ee/cc11ee6c-ea63-4b47-8fe1-f44645066895_thumbnail695.webp"", ""https://www.property.co.zw/uploadedfiles/00/6c/85/006c8549-6071-4bde-a9d3-2d39749c3c1e_thumbnail695.webp"", ""https://www.property.co.zw/uploadedfiles/d0/3b/78/d03b782f-39b8-482a-95a4-2097e10004f6_thumbnail695.webp"", ""https://www.property.co.zw/uploadedfiles/c9/78/5a/c9785a28-1174-46ae-a520-35af3f8b3e78_thumbnail695.webp"", ""https://www.property.co.zw/uploadedfiles/63/be/2e/63be2ea9-9ca7-4585-a0cd-8b4526a5a542_thumbnail695.webp"", ""https://www.property.co.zw/uploadedfiles/43/14/6f/43146fd4-5e9d-44cb-8921-462aec8e2151_thumbnail695.webp"", ""https://www.property.co.zw/uploadedfiles/96/a5/5d/96a55d81-041c-4d30-b85a-c6857d6e2e8f_thumbnail695.webp"", ""https://www.property.co.zw/uploadedfiles/87/42/15/874215d1-ba57-4059-968d-d6f578836922_thumbnail695.webp"", ""https://www.property.co.zw/uploadedfiles/2e/bc/4a/2ebc4a10-a6c7-4805-b9b5-91fa9cbb48eb_thumbnail695.webp"", ""https://www.property.co.zw/uploadedfiles/54/c2/a3/54c2a3e3-89e2-4091-83b4-127c451c6488_thumbnail695.webp"", ""https://www.property.co.zw/uploadedfiles/4c/5c/6f/4c5c6f5b-1519-4a6d-a17d-c9ff0183635f_thumbnail695.webp""]",2026-09-23T16:33:33,False,150000.0,,already USD,False,False,True,True,,False,False,False,False,False,False,False,False,False,False,False,False,False,False,False,False,False,False,False,True,False,False,False,False,0
SEF214647,https://www.property.co.zw/for-sale/houses-sef214647,Elegance Defined: A Grand Acre Retreat with Panoramic Views,700000.0,USD,Brookview,Harare North,Zimbabwe,"Brookview, Harare North, Harare",6,4.0,800.0,m²,4000.0,m²,"Step into a world of refined luxury with this immaculate double-storey residence, a true masterpiece of instant appeal nestled on a sprawling acre of manicured",2025-03-02,2026-09-16T13:26:59+02:00,Seeff Zimbabwe,26,"[""https://www.property.co.zw/uploadedfiles/b1/2c/fb/b12cfb4e-0068-4e80-a280-3fe8ea567e3b_thumbnail695.webp"", ""https://www.property.co.zw/uploadedfiles/bf/28/0f/bf280f7a-88e9-4df7-9c25-f6456e5d281e_thumbnail695.webp"", ""https://www.property.co.zw/uploadedfiles/b2/3e/3c/b23e3ce6-5db0-4dd9-82f5-017896156fdc_thumbnail695.webp"", ""https://www.property.co.zw/uploadedfiles/a7/33/82/a7338274-8ee0-458a-af4e-5b01b81c2ff7_thumbnail695.webp"", ""https://www.property.co.zw/uploadedfiles/97/af/8c/97af8c49-b349-4461-b78e-e874964645a4_thumbnail695.webp"", ""https://www.property.co.zw/uploadedfiles/04/d2/b5/04d2b51f-f233-4182-9721-129a860faab8_thumbnail695.webp"", ""https://www.property.co.zw/uploadedfiles/67/bf/d1/67bfd1d3-370b-4f95-b6d6-e59052fd0b70_thumbnail695.webp"", ""https://www.property.co.zw/uploadedfiles/0a/87/3c/0a873cdb-03fe-4b9e-ae79-c26425afae54_thumbnail695.webp"", ""https://www.property.co.zw/uploadedfiles/20/50/2d/20502d74-f7eb-4857-beab-4531af3ea97b_thumbnail695.webp"", ""https://www.property.co.zw/uploadedfiles/3b/19/3f/3b193f80-806b-4fb3-a346-88990bf25426_thumbnail695.webp"", ""https://www.property.co.zw/uploadedfiles/73/70/64/737064b3-1ea8-4d8c-87ee-2a4e47ad74fd_thumbnail695.webp"", ""https://www.property.co.zw/uploadedfiles/e0/48/13/e048131b-b9b3-40a1-b47d-7233c08087c4_thumbnail695.webp"", ""https://www.property.co.zw/uploadedfiles/b1/ef/78/b1ef785a-548d-4f7e-83b5-3d5265b21d04_thumbnail695.webp"", ""https://www.property.co.zw/uploadedfiles/6f/80/61/6f8061ed-c038-4385-94d0-28de9cc3af51_thumbnail695.webp"", ""https://www.property.co.zw/uploadedfiles/b1/8a/5b/b18a5b63-3bf1-4f61-821f-ce185c1e97e7_thumbnail695.webp"", ""https://www.property.co.zw/uploadedfiles/6d/76/9c/6d769c4a-6735-4e75-8441-838044e0c1a6_thumbnail695.webp"", ""https://www.property.co.zw/uploadedfiles/d0/97/90/d097909b-e655-40ee-9937-f632b8f46609_thumbnail695.webp"", ""https://www.property.co.zw/uploadedfiles/22/fc/4f/22fc4fea-9ef8-4928-af83-177f4562fcbd_thumbnail695.webp"", ""https://www.property.co.zw/uploadedfiles/53/e8/af/53e8afe8-074e-492f-8e18-857a9ddbfc57_thumbnail695.webp"", ""https://www.property.co.zw/uploadedfiles/d8/98/e9/d898e996-69ab-4364-abb9-c31415e1e275_thumbnail695.webp"", ""https://www.property.co.zw/uploadedfiles/fc/61/d2/fc61d21f-778b-4741-b45d-377d460113ad_thumbnail695.webp"", ""https://www.property.co.zw/uploadedfiles/31/78/fa/3178fab1-af6c-4d40-a4ec-ac3c781c2e1d_thumbnail695.webp"", ""https://www.property.co.zw/uploadedfiles/90/d8/55/90d855de-403a-44c5-82fc-7b48fcd20831_thumbnail695.webp"", ""https://www.property.co.zw/uploadedfiles/1f/fa/8e/1ffa8ee0-0084-40af-a7c8-7d53a76224b0_thumbnail695.webp"", ""https://www.property.co.zw/uploadedfiles/92/d6/10/92d610cd-cc98-47aa-ab52-6feec1c95e28_thumbnail695.webp"", ""https://www.property.co.zw/uploadedfiles/d7/9c/d0/d79cd00a-bc57-4553-9c9d-7bfab17576a5_thumbnail695.webp""]",2026-09-23T16:33:37,False,700000.0,,already USD,False,False,True,True,,False,False,False,False,False,False,False,False,False,False,False,False,False,False,False,False,False,False,False,False,False,False,False,False,3
RRT252360,https://www.property.co.zw/for-sale/houses-rrt252360, Charming Cottages For Sale In Athol Evans,90000.0,USD,Queensdale,Harare South,Zimbabwe,"Queensdale, Harare South, Harare",2,2.0,,,,,"Athol Evans Retirement Home offers a lifetime occupation and the right to occupy.
Our two bedroom cottages include a lounge/dining room, bathroom, fitted kitchen,",2026-07-28,2026-08-04T14:26:53+02:00,Robert Root,20,"[""https://www.property.co.zw/uploadedfiles/dc/f6/ff/dcf6ff6d-a8e5-4d5c-a6bb-cc561b120a85_thumbnail695.webp"", ""https://www.property.co.zw/uploadedfiles/f3/40/a9/f340a9f1-d80e-4698-b26f-6d70f5d99de4_thumbnail695.webp"", ""https://www.property.co.zw/uploadedfiles/e8/cc/17/e8cc17ea-ad9a-4d41-9da7-99cb835b4c0c_thumbnail695.webp"", ""https://www.property.co.zw/uploadedfiles/49/51/bb/4951bb9a-10d7-4b93-a275-a68cf788ed14_thumbnail695.webp"", ""https://www.property.co.zw/uploadedfiles/ee/5a/c9/ee5ac98e-d8e3-4e49-b7d7-a6087a98633f_thumbnail695.webp"", ""https://www.property.co.zw/uploadedfiles/62/8d/6a/628d6a96-16a0-47fa-b698-675cf969a96c_thumbnail695.webp"", ""https://www.property.co.zw/uploadedfiles/3a/c1/1b/3ac11b16-d296-4089-9484-5d7b4bbe42ee_thumbnail695.webp"", ""https://www.property.co.zw/uploadedfiles/e9/80/c6/e980c609-0fb0-4888-8388-595d77238cb1_thumbnail695.webp"", ""https://www.property.co.zw/uploadedfiles/a6/f7/e5/a6f7e575-debb-4703-ad19-e54bf3d43d7b_thumbnail695.webp"", ""https://www.property.co.zw/uploadedfiles/2b/07/cf/2b07cfae-e66e-4727-a36d-52dc2151fbc7_thumbnail695.webp"", ""https://www.property.co.zw/uploadedfiles/04/32/f7/0432f790-1ed7-4b8c-b976-414c057c8a20_thumbnail695.webp"", ""https://www.property.co.zw/uploadedfiles/0e/1e/5d/0e1e5dc3-886a-4685-8c34-46823217d248_thumbnail695.webp"", ""https://www.property.co.zw/uploadedfiles/99/b9/e4/99b9e475-6659-4d39-8fb0-9906cd5571d9_thumbnail695.webp"", ""https://www.property.co.zw/uploadedfiles/18/cc/01/18cc01b3-c148-4a2c-83d0-8c20a052bc75_thumbnail695.webp"", ""https://www.property.co.zw/uploadedfiles/bf/99/59/bf99594c-2d08-4f58-9779-f0079420af0d_thumbnail695.webp"", ""https://www.property.co.zw/uploadedfiles/d3/68/c4/d368c4cb-de9a-4e76-afdd-037c40ea4c31_thumbnail695.webp"", ""https://www.property.co.zw/uploadedfiles/56/00/06/5600063c-6f83-4a54-854a-834845e8cc86_thumbnail695.webp"", ""https://www.property.co.zw/uploadedfiles/17/f9/b2/17f9b207-4070-48a8-ac23-2ccb040cf3cc_thumbnail695.webp"", ""https://www.property.co.zw/uploadedfiles/ee/21/43/ee214325-8e99-4d0e-8c16-9f98c351da30_thumbnail695.webp"", ""https://www.property.co.zw/uploadedfiles/13/30/ac/1330ac9c-e72f-43b9-a3de-79ac9f39ced5_thumbnail695.webp""]",2026-09-23T16:33:41,False,90000.0,,already USD,False,True,False,False,,False,False,False,False,False,False,False,False,False,False,True,False,False,False,False,False,False,False,False,False,False,False,False,False,0
NHB242957,https://www.property.co.zw/for-sale/houses-nhb242957,Chitungwiza Unit O House For Sale,38000.0,USD,Chitungwiza,Chitungwiza,Zimbabwe,"Chitungwiza, Mashonaland East",7,1.0,200.0,m²,300.0,m²,"Chitungwiza Unit O, We have a 7 roomed house for sale, Council Cession, Sitting om 200sqm, Asking Price 39k",2026-03-18,2026-07-21T09:06:37+02:00,NewHan Bridge Real Estate,7,"[""https://www.property.co.zw/uploadedfiles/a4/6a/a2/a46aa26d-a40e-4815-988e-b7abbcb7c5da_thumbnail695.webp"", ""https://www.property.co.zw/uploadedfiles/03/1c/bb/031cbb5e-c913-47f1-ab93-200505594ed7_thumbnail695.webp"", ""https://www.property.co.zw/uploadedfiles/9f/d3/7c/9fd37cc6-ce88-4040-beca-264b452bc5e9_thumbnail695.webp"", ""https://www.property.co.zw/uploadedfiles/25/c9/05/25c905ce-3ef4-4351-ae54-191e2003b281_thumbnail695.webp"", ""https://www.property.co.zw/uploadedfiles/57/82/07/578207ad-5d26-4dae-a2dc-4ba3b0d7bf33_thumbnail695.webp"", ""https://www.property.co.zw/uploadedfiles/9f/7f/74/9f7f7423-4824-4a67-a5c5-0bc288022f69_thumbnail695.webp"", ""https://www.property.co.zw/uploadedfiles/21/9d/ca/219dca17-57ac-49b7-abdb-785a21c7bb74_thumbnail695.webp""]",2026-09-23T16:33:45,False,38000.0,,already USD,False,False,True,True,,False,False,False,False,False,False,False,False,False,False,False,False,False,False,False,False,False,False,False,False,False,False,False,True,0
GAT254794,https://www.property.co.zw/for-sale/houses-gat254794,"Chitungwiza Unit F, Seke – 4 Bedroom House for Sale",48000.0,USD,Chitungwiza,Chitungwiza,Zimbabwe,"Chitungwiza, Mashonaland East",4,1.0,200.0,m²,,700,"Chitungwiza Unit F, Seke – 4 Bedroom House | US$48,000
Title Deeds

A solid family home on a generous 700m² stand, offering space, convenience and strong value",2026-09-08,2026-09-09T08:50:15+02:00,Guest and Tanner Real Estate,10,"[""https://www.property.co.zw/uploadedfiles/7f/f4/2d/7ff42d5b-442d-4503-8aff-331a14b63ccb_thumbnail695.webp"", ""https://www.property.co.zw/uploadedfiles/43/67/f6/4367f6d9-f3be-4f76-b9d5-71b78c9806a1_thumbnail695.webp"", ""https://www.property.co.zw/uploadedfiles/4c/97/2f/4c972fb2-a76c-4320-b3e3-c062f42bc252_thumbnail695.webp"", ""https://www.property.co.zw/uploadedfiles/6c/f4/95/6cf49580-9098-4793-a518-d56867c79417_thumbnail695.webp"", ""https://www.property.co.zw/uploadedfiles/c2/87/1d/c2871d78-0129-477c-b7a8-5e4974268d2f_thumbnail695.webp"", ""https://www.property.co.zw/uploadedfiles/53/62/39/536239ba-b374-4e31-918c-5a2c96359c89_thumbnail695.webp"", ""https://www.property.co.zw/uploadedfiles/a7/9d/77/a79d77e9-fd85-4fcc-829c-1fa4fec947d6_thumbnail695.webp"", ""https://www.property.co.zw/uploadedfiles/6a/d6/85/6ad6859f-a73f-4b6f-a435-268f5f9ffcb1_thumbnail695.webp"", ""https://www.property.co.zw/uploadedfiles/63/a8/f7/63a8f7ab-452c-4be8-9de3-2176b46d455f_thumbnail695.webp"", ""https://www.property.co.zw/uploadedfiles/05/37/cd/0537cd98-5326-4b0f-afb8-c8328d5e3284_thumbnail695.webp""]",2026-09-23T16:33:49,False,48000.0,,already USD,False,True,False,True,,False,False,False,False,False,False,False,False,False,False,False,False,False,False,False,False,False,False,False,False,False,False,True,False,0
RWS246739,https://www.property.co.zw/for-sale/houses-rws246739,Mount Pleasant Harare Drive Frontage House For Sale!!,950000.0,USD,Mount Pleasant,Harare North,Zimbabwe,"Mount Pleasant, Harare North, Harare",4,2.0,400.0,m²,6500.0,m²,"*LUXURY PROPERTY FOR SALE IN MOUNT PLEASANT!*

*$950,000 (NEGOTIABLE)*

- *Land Size:* 6500m² with Harare Drive frontage
- *5-Bedroom House:* Spacious",2026-05-12,2026-07-23T12:49:52+02:00,Rawson Properties Harare,10,"[""https://www.property.co.zw/uploadedfiles/49/ae/34/49ae3446-5c7a-4c60-93ba-738a0d7a4eeb_thumbnail695.webp"", ""https://www.property.co.zw/uploadedfiles/7e/20/c3/7e20c310-78d4-48a4-9343-4070ec89ea3a_thumbnail695.webp"", ""https://www.property.co.zw/uploadedfiles/01/92/4c/01924c7f-406b-41d0-bad0-1e5ebe4e7434_thumbnail695.webp"", ""https://www.property.co.zw/uploadedfiles/72/ac/e4/72ace4b7-15e6-4830-bae5-a90a0b5343c7_thumbnail695.webp"", ""https://www.property.co.zw/uploadedfiles/6a/62/71/6a6271f4-029e-42e2-94ac-b4a81dca2459_thumbnail695.webp"", ""https://www.property.co.zw/uploadedfiles/7a/c1/53/7ac15390-361c-4148-9694-b848e53ec085_thumbnail695.webp"", ""https://www.property.co.zw/uploadedfiles/a6/ca/1d/a6ca1d97-0296-4195-be70-dfaa0fd95777_thumbnail695.webp"", ""https://www.property.co.zw/uploadedfiles/6a/b5/d4/6ab5d4d4-9fab-4e76-9cc4-b114f629b6ef_thumbnail695.webp"", ""https://www.property.co.zw/uploadedfiles/58/fc/fd/58fcfd72-87b2-44cd-a538-006f636f6431_thumbnail695.webp"", ""https://www.property.co.zw/uploadedfiles/4b/1e/43/4b1e43c7-cb22-4dba-9e35-efd4bd978f4c_thumbnail695.webp""]",2026-09-23T16:33:53,False,950000.0,,already USD,False,False,True,True,,False,False,False,False,False,False,False,False,False,False,False,False,False,False,False,False,False,False,False,False,False,False,False,False,0
PGP188972,https://www.property.co.zw/for-sale/houses-pgp223079,Premium 10.6-Acre Development Land,7500000.0,USD,Borrowdale,Harare North,Zimbabwe,"Borrowdale, Harare North, Harare",9,5.0,1000.0,m²,43000.0,m²,"Rare Opportunity! Premium 10. 6-Acre Development Land near to Sam Levys Village
Exclusively and proudly presented by Pam Golding Properties

This is a truly",2025-06-22,2026-08-17T08:31:12+02:00,Pam Golding Properties,20,"[""https://www.property.co.zw/uploadedfiles/9c/16/d6/9c16d6a4-f605-44a5-a7d7-49cd8ce5b942_thumbnail695.webp"", ""https://www.property.co.zw/uploadedfiles/7a/9c/89/7a9c8913-36b4-48c4-9ddd-4dbefe99dfeb_thumbnail695.webp"", ""https://www.property.co.zw/uploadedfiles/bf/77/28/bf772866-8915-464b-b163-f58a2ae5bdfc_thumbnail695.webp"", ""https://www.property.co.zw/uploadedfiles/f9/28/d1/f928d118-85f4-4d5a-8dc6-868063c28aea_thumbnail695.webp"", ""https://www.property.co.zw/uploadedfiles/0a/68/f3/0a68f3a7-834f-43db-8110-3c95af282a1f_thumbnail695.webp"", ""https://www.property.co.zw/uploadedfiles/67/0c/76/670c7658-d77f-4fac-910f-b99073fbfc0d_thumbnail695.webp"", ""https://www.property.co.zw/uploadedfiles/de/60/42/de604292-8505-4577-a280-d1e0ca7037ea_thumbnail695.webp"", ""https://www.property.co.zw/uploadedfiles/4e/f3/23/4ef32320-edfa-44be-b8ef-1cb4c014c996_thumbnail695.webp"", ""https://www.property.co.zw/uploadedfiles/4d/bf/c3/4dbfc3af-ca26-46ac-997b-cd03b8226f0b_thumbnail695.webp"", ""https://www.property.co.zw/uploadedfiles/7c/a3/69/7ca369cf-f5ba-44db-b274-874d42e915cd_thumbnail695.webp"", ""https://www.property.co.zw/uploadedfiles/6b/01/4d/6b014d51-a7d6-4548-939b-f358c7b909b2_thumbnail695.webp"", ""https://www.property.co.zw/uploadedfiles/1c/3b/66/1c3b66dd-4ef1-44ea-baa0-5b059ce2b4b2_thumbnail695.webp"", ""https://www.property.co.zw/uploadedfiles/d8/fc/a9/d8fca968-8557-4438-b2ff-36f2d51ec895_thumbnail695.webp"", ""https://www.property.co.zw/uploadedfiles/9a/44/5b/9a445b2c-3cc3-4733-ae9c-dcb24518b377_thumbnail695.webp"", ""https://www.property.co.zw/uploadedfiles/26/ed/22/26ed224e-670f-422d-9517-2afa13a11078_thumbnail695.webp"", ""https://www.property.co.zw/uploadedfiles/6e/73/e5/6e73e58d-6d0d-4a2e-887b-e1a123ea805b_thumbnail695.webp"", ""https://www.property.co.zw/uploadedfiles/40/c4/d1/40c4d199-586c-4b49-96a8-d1540951ad62_thumbnail695.webp"", ""https://www.property.co.zw/uploadedfiles/2c/88/47/2c8847ef-3925-4a26-b0aa-8abe68ea5c8a_thumbnail695.webp"", ""https://www.property.co.zw/uploadedfiles/49/94/1d/49941dc0-0196-4c5a-b12b-4c69612155e7_thumbnail695.webp"", ""https://www.property.co.zw/uploadedfiles/3d/62/37/3d62378a-f855-4615-9c44-f9282cbee8f6_thumbnail695.webp""]",2026-09-23T16:33:57,False,7500000.0,,already USD,False,False,True,True,"statistical price outlier within its suburb (log-price, 1.5xIQR rule) -- inspect manually, do not assume error",False,False,False,False,False,False,False,False,False,False,False,False,False,False,False,False,False,False,False,False,False,False,False,False,0
PRCL250722,https://www.property.co.zw/for-sale/houses-prcl250722,3 Bed - House for Sale in Sandton Park,140000.0,USD,Sandton Park,Harare West,Zimbabwe,"Sandton Park, Harare West, Harare",3,2.0,300.0,m²,1750.0,m²,"Sunlit single-storey family home on an enormous 1,750 m² stand in Sandton Park, Harare West — perfect for buyers who want space, privacy and future potential.",2026-07-06,2026-07-06T12:10:49+02:00,Property Channel,7,"[""https://www.property.co.zw/uploadedfiles/85/7d/11/857d11cc-ab55-4df8-8a06-a5ae847db752_thumbnail695.webp"", ""https://www.property.co.zw/uploadedfiles/6a/0c/c9/6a0cc999-67bf-4c87-baa6-ac0b00371959_thumbnail695.webp"", ""https://www.property.co.zw/uploadedfiles/88/e2/e2/88e2e21b-50a8-461f-8d53-296db9906cfa_thumbnail695.webp"", ""https://www.property.co.zw/uploadedfiles/95/33/88/953388ef-317a-4fb7-9bf9-7c3e4a7280d9_thumbnail695.webp"", ""https://www.property.co.zw/uploadedfiles/ed/29/34/ed29348b-eba8-4a63-bdac-5e7f9c4939a2_thumbnail695.webp"", ""https://www.property.co.zw/uploadedfiles/59/be/30/59be307f-1a73-4305-b832-b2e16037888a_thumbnail695.webp"", ""https://www.property.co.zw/uploadedfiles/a5/e0/ea/a5e0eae0-3645-4852-b5e7-00e16c02fed6_thumbnail695.webp""]",2026-09-23T16:34:01,False,140000.0,,already USD,False,False,True,True,,False,False,False,False,False,False,False,False,False,False,False,False,False,False,False,False,False,False,False,False,False,False,False,False,0
APS5984,https://www.property.co.zw/for-sale/houses-aps239834,Magnificent Family Home For Sale on Folyjon Crescent! ,1000000.0,USD,Glen Lorne,Harare North,Zimbabwe,"Glen Lorne, Harare North, Harare",5,7.0,,,,,"Discover this beautiful family home in Glen Lorne, set against a backdrop of lush greenery that creates a peaceful retreat. The modern facade in warm peach tones,",2026-02-05,2026-08-12T08:19:13+02:00,Action Properties,20,"[""https://www.property.co.zw/uploadedfiles/16/39/5d/16395db0-36be-4c59-a09c-b87cc6527839_thumbnail695.webp"", ""https://www.property.co.zw/uploadedfiles/3e/85/53/3e85532e-6fd0-40bb-a91d-97fdbfb65019_thumbnail695.webp"", ""https://www.property.co.zw/uploadedfiles/11/c8/08/11c80882-3f52-4119-88b8-f8616ed09a68_thumbnail695.webp"", ""https://www.property.co.zw/uploadedfiles/58/3e/ca/583ecaf2-9310-4508-b462-a3edc704cf20_thumbnail695.webp"", ""https://www.property.co.zw/uploadedfiles/09/13/28/091328d9-230e-4567-ab58-93d2bbfe6d18_thumbnail695.webp"", ""https://www.property.co.zw/uploadedfiles/a2/ae/58/a2ae58b7-3459-4544-843a-89387145d63d_thumbnail695.webp"", ""https://www.property.co.zw/uploadedfiles/a3/98/9f/a3989f43-2f9e-4e5c-bb93-39d2092e9926_thumbnail695.webp"", ""https://www.property.co.zw/uploadedfiles/e9/83/01/e9830159-4e9e-4ff6-8764-07315aaf3e5e_thumbnail695.webp"", ""https://www.property.co.zw/uploadedfiles/2f/dd/09/2fdd0914-f5ab-4831-8cc7-955abfd2de1a_thumbnail695.webp"", ""https://www.property.co.zw/uploadedfiles/e6/15/e1/e615e1db-3db1-4df2-a78d-758ef7b05bd7_thumbnail695.webp"", ""https://www.property.co.zw/uploadedfiles/22/48/7c/22487ce4-9f0b-4b9e-8cde-dbcdc37d2a57_thumbnail695.webp"", ""https://www.property.co.zw/uploadedfiles/d8/37/2f/d8372f99-08dc-47ee-aa7a-11c51e450c61_thumbnail695.webp"", ""https://www.property.co.zw/uploadedfiles/8a/3c/96/8a3c96de-11bb-4808-a025-51a53446b0a5_thumbnail695.webp"", ""https://www.property.co.zw/uploadedfiles/34/ca/96/34ca96fe-10c6-4d37-aeb9-954c810100d4_thumbnail695.webp"", ""https://www.property.co.zw/uploadedfiles/fb/8b/1c/fb8b1c35-92b2-43a0-90b2-6a273f9693ea_thumbnail695.webp"", ""https://www.property.co.zw/uploadedfiles/9e/a9/a6/9ea9a609-e531-4f06-aec0-aba31fc45eef_thumbnail695.webp"", ""https://www.property.co.zw/uploadedfiles/bb/7c/c4/bb7cc46a-6632-4f91-b91b-598fc9b3af76_thumbnail695.webp"", ""https://www.property.co.zw/uploadedfiles/77/82/93/778293c3-6c80-4a23-b490-399cc7156eff_thumbnail695.webp"", ""https://www.property.co.zw/uploadedfiles/7b/3e/b6/7b3eb69d-0c3b-4bf7-b216-eba9cc2824ba_thumbnail695.webp"", ""https://www.property.co.zw/uploadedfiles/95/af/a0/95afa0fd-0916-49c1-b100-0d1c2627c0f0_thumbnail695.webp""]",2026-09-23T16:34:05,False,1000000.0,,already USD,False,False,False,False,,False,False,False,False,False,False,False,False,False,False,False,False,False,False,False,False,False,False,False,False,False,False,False,False,0
RRT247503,https://www.property.co.zw/for-sale/houses-rrt247503,"3 Bedroom House for Sale in Ruwa, Windsor ",135000.0,USD,Old Windsor,Ruwa,Zimbabwe,"Old Windsor, Ruwa, Mashonaland East",3,2.0,148.0,m²,1420.0,m²,"Charming single-storey family home on a generous 1,420 m² stand in Old Windsor, Ruwa, Mashonaland East — a rare find that combines space, privacy and established",2026-05-20,2026-09-02T11:51:57+02:00,Robert Root,2,"[""https://www.property.co.zw/uploadedfiles/96/bf/fb/96bffb9b-b27d-44df-a6e0-5fde6b353936_thumbnail695.webp"", ""https://www.property.co.zw/uploadedfiles/e7/a7/35/e7a735cc-a32a-43b8-8892-f406236d4c1a_thumbnail695.webp""]",2026-09-23T16:34:10,False,135000.0,,already USD,False,False,True,True,,False,False,False,False,False,False,False,False,False,False,False,False,False,False,False,False,False,False,False,False,False,False,False,False,0
CHAS252005,https://www.property.co.zw/for-sale/houses-chas252005,Borrowdale Quinnington | Prime Corner Property with Crowhill Road Frontage,890000.0,USD,Quinnington,Harare North,Zimbabwe,"Quinnington, Harare North, Harare",6,3.0,800.0,m²,4000.0,m²,"Chas Everitt is proud to present this exceptional residence, perfectly positioned on a prominent corner stand with frontage onto Crowhill Road in the sought-after",2026-07-22,2026-07-22T12:43:19+02:00,CHAS EVERITT,14,"[""https://www.property.co.zw/uploadedfiles/7b/bf/fd/7bbffdff-cb5f-4540-9e0a-dd2bce266be5_thumbnail695.webp"", ""https://www.property.co.zw/uploadedfiles/8d/c0/1d/8dc01db4-96d8-4fa2-8932-768bc8c537c0_thumbnail695.webp"", ""https://www.property.co.zw/uploadedfiles/d2/ba/3b/d2ba3b6c-d4b6-432c-8608-90a215f7d2cd_thumbnail695.webp"", ""https://www.property.co.zw/uploadedfiles/9d/5e/27/9d5e279c-c5a2-4237-9a16-5f000d176065_thumbnail695.webp"", ""https://www.property.co.zw/uploadedfiles/59/11/69/59116924-0baa-434e-abb0-bf7b7e020e9d_thumbnail695.webp"", ""https://www.property.co.zw/uploadedfiles/06/59/f8/0659f8c8-a599-49be-b1ea-810b3485342a_thumbnail695.webp"", ""https://www.property.co.zw/uploadedfiles/52/76/86/52768606-cc20-4bd9-954a-60416bb35616_thumbnail695.webp"", ""https://www.property.co.zw/uploadedfiles/b6/71/af/b671af79-7e89-438b-8509-c04718f7a492_thumbnail695.webp"", ""https://www.property.co.zw/uploadedfiles/2f/d6/89/2fd68930-8c3a-4fd8-b5a7-436ed81085d6_thumbnail695.webp"", ""https://www.property.co.zw/uploadedfiles/15/c0/04/15c004e4-d277-4fd4-aae3-26bdbb0b7379_thumbnail695.webp"", ""https://www.property.co.zw/uploadedfiles/99/34/5b/99345b62-8e70-4703-a1b7-d13e73a1f93e_thumbnail695.webp"", ""https://www.property.co.zw/uploadedfiles/f1/db/91/f1db9102-aac2-4b9d-be6d-6faa50a0effb_thumbnail695.webp"", ""https://www.property.co.zw/uploadedfiles/73/8c/c0/738cc03e-1bd1-425e-9167-465cd52d59af_thumbnail695.webp"", ""https://www.property.co.zw/uploadedfiles/0b/9e/34/0b9e345d-44d3-437b-8420-7ba2618edc4d_thumbnail695.webp""]",2026-09-23T16:34:14,False,890000.0,,already USD,False,False,True,True,"statistical price outlier within its suburb (log-price, 1.5xIQR rule) -- inspect manually, do not assume error",False,False,False,False,False,False,False,False,False,False,False,False,False,False,False,False,False,False,False,False,False,False,False,False,0
PRCL242188,https://www.property.co.zw/for-sale/houses-prcl242188,House For Sale In Mainway Meadows,130000.0,USD,Mainway Meadows,Harare South,Zimbabwe,"Mainway Meadows, Harare South, Harare",4,1.0,250.0,m²,835.0,m²,"Beautiful and spacious 4 beds (including main bedroom with ensuite), dining, lounge, fitted kitchen with hob and grill, bathroom, toilet, verandah, lock up garage,",2026-03-09,2026-09-07T10:24:35+02:00,Property Channel,11,"[""https://www.property.co.zw/uploadedfiles/7e/1c/18/7e1c182e-f8be-45e7-975e-65b010c0d6e1_thumbnail695.webp"", ""https://www.property.co.zw/uploadedfiles/65/20/2a/65202a82-dca7-404c-80fe-7f261ce764d6_thumbnail695.webp"", ""https://www.property.co.zw/uploadedfiles/76/4d/fa/764dfab8-2abc-4285-a058-069e822b524e_thumbnail695.webp"", ""https://www.property.co.zw/uploadedfiles/5b/b2/a9/5bb2a9cc-9629-4124-ab43-2c1b2f7d58d4_thumbnail695.webp"", ""https://www.property.co.zw/uploadedfiles/81/ab/1a/81ab1a3b-e6ae-44b0-bdf0-c5cb9915fbe9_thumbnail695.webp"", ""https://www.property.co.zw/uploadedfiles/41/ae/29/41ae29d3-3a27-4041-8b44-91f3f76e12f6_thumbnail695.webp"", ""https://www.property.co.zw/uploadedfiles/d1/c1/a7/d1c1a72d-d765-45c0-8799-9673af9f7a77_thumbnail695.webp"", ""https://www.property.co.zw/uploadedfiles/d2/90/0d/d2900d2b-ba85-4275-9f77-cbd3d56550c7_thumbnail695.webp"", ""https://www.property.co.zw/uploadedfiles/ae/01/03/ae010371-4d50-4c6d-ab09-36b84f75f19d_thumbnail695.webp"", ""https://www.property.co.zw/uploadedfiles/53/44/c1/5344c1d4-f608-4925-b0cc-033f2a6df37e_thumbnail695.webp"", ""https://www.property.co.zw/uploadedfiles/21/e1/53/21e15384-cfca-4020-8737-a2cb43075fbb_thumbnail695.webp""]",2026-09-23T16:34:18,False,130000.0,,already USD,False,False,True,True,,False,False,False,False,False,False,False,False,False,False,True,False,False,False,False,False,False,False,False,True,False,False,False,False,0
GLRE241607,https://www.property.co.zw/for-sale/houses-glre241607,"Pomona 5-Bed Home - Garden, Paved Driveway & Borehole",360000.0,USD,Pomona,Harare North,Zimbabwe,"Pomona, Harare North, Harare",5,3.0,400.0,m²,650.0,m²,"REDUCED TO GO

Pomona Borrowdale Residence for Sale! ????

Stunning 5-Bedroomed Masterpiece

This semi-finished house boasts:

- 5 spacious bedrooms, with",2026-02-28,2026-09-11T12:24:37+02:00,GoldenWill Real Estate,8,"[""https://www.property.co.zw/uploadedfiles/5d/39/37/5d3937f3-1228-4dc0-b88a-2fdc3fa25daa_thumbnail695.webp"", ""https://www.property.co.zw/uploadedfiles/1a/93/4a/1a934aa4-9f9c-47a6-9e1f-b1b4b4f0c171_thumbnail695.webp"", ""https://www.property.co.zw/uploadedfiles/0f/ae/eb/0faeeb45-5220-4cf2-bec4-f33b1fa1c5ec_thumbnail695.webp"", ""https://www.property.co.zw/uploadedfiles/e9/65/cc/e965ccb9-abe4-482e-81c7-31b06640b04d_thumbnail695.webp"", ""https://www.property.co.zw/uploadedfiles/09/3e/86/093e8657-5b64-428d-9618-0c65ba985ee6_thumbnail695.webp"", ""https://www.property.co.zw/uploadedfiles/14/1b/f0/141bf07e-f775-4288-9bee-3527f405b8bd_thumbnail695.webp"", ""https://www.property.co.zw/uploadedfiles/a2/6d/ae/a26dae2f-8363-4676-ae9c-c4aae764cbd2_thumbnail695.webp"", ""https://www.property.co.zw/uploadedfiles/f7/18/f6/f718f696-ad95-4b9f-8571-259972f101e7_thumbnail695.webp""]",2026-09-23T16:34:22,False,360000.0,,already USD,False,False,True,True,,False,False,False,False,False,False,False,False,False,False,False,False,False,False,False,False,False,False,False,False,False,False,False,False,0
RWS248267,https://www.property.co.zw/for-sale/houses-rws248267,Chisipite House For Sale,495000.0,USD,Chisipite,Harare North,Zimbabwe,"Chisipite, Harare North, Harare",7,5.0,450.0,m²,2100.0,m²,"Chisipite – House for Sale(495K Negotiable)
Set in the highly desirable suburb of Chisipite, this impressive double-storey family home sits on a spacious 2,100 m²",2026-06-01,2026-08-25T13:14:28+02:00,Rawson Properties Harare,22,"[""https://www.property.co.zw/uploadedfiles/14/1c/05/141c0529-30ef-49b1-9dac-2413615590e2_thumbnail695.webp"", ""https://www.property.co.zw/uploadedfiles/eb/3d/3a/eb3d3afd-0c91-44f9-8297-65810f2d9589_thumbnail695.webp"", ""https://www.property.co.zw/uploadedfiles/5c/35/50/5c3550f4-e59c-4f56-8dec-5d06f42eb990_thumbnail695.webp"", ""https://www.property.co.zw/uploadedfiles/d4/cb/e6/d4cbe6c1-238d-44fe-8a58-1f4bc1c209f7_thumbnail695.webp"", ""https://www.property.co.zw/uploadedfiles/ef/40/b9/ef40b9f8-2e00-4a56-87b6-3029ff5e5bed_thumbnail695.webp"", ""https://www.property.co.zw/uploadedfiles/9a/1d/2d/9a1d2d36-c884-404c-96a7-7949faf37b89_thumbnail695.webp"", ""https://www.property.co.zw/uploadedfiles/8e/db/e4/8edbe437-74ea-42fc-8c70-6327224f2ea3_thumbnail695.webp"", ""https://www.property.co.zw/uploadedfiles/7f/53/46/7f534669-6659-4a57-bcba-7c933682fa52_thumbnail695.webp"", ""https://www.property.co.zw/uploadedfiles/cf/90/fe/cf90fe6d-31a7-4f91-93e9-a6f389400c6e_thumbnail695.webp"", ""https://www.property.co.zw/uploadedfiles/23/06/3a/23063a90-ee30-4ca9-a910-905e171c3eff_thumbnail695.webp"", ""https://www.property.co.zw/uploadedfiles/11/00/ac/1100ac7a-4226-439d-b440-2ee0b027933c_thumbnail695.webp"", ""https://www.property.co.zw/uploadedfiles/65/db/27/65db27ad-76f1-4928-aa79-d06672febfe2_thumbnail695.webp"", ""https://www.property.co.zw/uploadedfiles/e3/09/84/e3098458-2521-4311-8b69-b2ac894b4539_thumbnail695.webp"", ""https://www.property.co.zw/uploadedfiles/20/aa/2b/20aa2bd7-6a31-456c-aac4-c360e3aa303d_thumbnail695.webp"", ""https://www.property.co.zw/uploadedfiles/a4/b2/16/a4b216c6-6160-4e90-948d-216b4e13cad7_thumbnail695.webp"", ""https://www.property.co.zw/uploadedfiles/24/18/63/24186331-cb59-47d9-8157-5d0d6f80d554_thumbnail695.webp"", ""https://www.property.co.zw/uploadedfiles/ef/38/df/ef38df7d-fbcd-4d63-a68c-912906739e39_thumbnail695.webp"", ""https://www.property.co.zw/uploadedfiles/e7/dc/6e/e7dc6ec5-efd4-433b-aa7c-faa10ab668b2_thumbnail695.webp"", ""https://www.property.co.zw/uploadedfiles/1c/8c/88/1c8c88d1-10ab-4076-9f98-9a452888a16c_thumbnail695.webp"", ""https://www.property.co.zw/uploadedfiles/4a/d1/f9/4ad1f989-0280-4e02-b9ff-e29e7f563b85_thumbnail695.webp"", ""https://www.property.co.zw/uploadedfiles/3e/dd/7e/3edd7eed-bb45-4136-ab41-c9c2fec531d4_thumbnail695.webp"", ""https://www.property.co.zw/uploadedfiles/72/dd/3e/72dd3eae-d929-45a4-84bb-e9916cf1840e_thumbnail695.webp""]",2026-09-23T16:34:26,False,495000.0,,already USD,False,False,True,True,,False,False,False,False,False,False,False,False,False,False,False,False,False,False,False,False,False,False,False,False,False,False,False,False,0
GAT253513,https://www.property.co.zw/for-sale/houses-gat253513,Golden Oldie Spacious Family Home for Sale - Hatfield ,240000.0,USD,Hatfield,Harare South,Zimbabwe,"Hatfield, Harare South, Harare",4,2.0,400.0,m²,,3742,"This solid family home offers 4 spacious bedrooms with the main bedroom ensuite. It features a fitted kitchen, a bright lounge as the heart of the home, a separate",2026-08-18,2026-09-07T11:50:06+02:00,Guest and Tanner Real Estate,23,"[""https://www.property.co.zw/uploadedfiles/c4/73/ee/c473ee54-adde-4b6a-88e0-1c2f66f06c8b_thumbnail695.webp"", ""https://www.property.co.zw/uploadedfiles/a8/9c/a5/a89ca5e0-cd28-4316-b8c5-ea18339eb7fd_thumbnail695.webp"", ""https://www.property.co.zw/uploadedfiles/9a/10/29/9a1029ae-63da-4615-8af0-da85ff44842e_thumbnail695.webp"", ""https://www.property.co.zw/uploadedfiles/f5/07/ae/f507aee8-51a3-42f9-8c8c-67bdaff5dc8d_thumbnail695.webp"", ""https://www.property.co.zw/uploadedfiles/c2/4c/04/c24c0489-3007-46e6-be14-5ed8f372f765_thumbnail695.webp"", ""https://www.property.co.zw/uploadedfiles/03/eb/d3/03ebd37f-c4a2-490d-b86c-28e864e34589_thumbnail695.webp"", ""https://www.property.co.zw/uploadedfiles/3b/40/d3/3b40d342-379a-4156-8817-8c16b9a0e746_thumbnail695.webp"", ""https://www.property.co.zw/uploadedfiles/a3/cc/0f/a3cc0fbe-063b-4759-bf21-a5d7fd7042e0_thumbnail695.webp"", ""https://www.property.co.zw/uploadedfiles/3a/7b/bb/3a7bbbfd-5a3f-4b38-8f11-0b051d03ee5c_thumbnail695.webp"", ""https://www.property.co.zw/uploadedfiles/5c/0e/47/5c0e4785-cb23-4893-878b-d2859538421f_thumbnail695.webp"", ""https://www.property.co.zw/uploadedfiles/d7/7d/00/d77d0021-1c53-462a-9acd-2add60b71e2e_thumbnail695.webp"", ""https://www.property.co.zw/uploadedfiles/de/60/4f/de604fda-b823-42d6-8424-a781d4bec2c3_thumbnail695.webp"", ""https://www.property.co.zw/uploadedfiles/25/7e/30/257e3027-7f4c-4bff-a711-ae008a0272b4_thumbnail695.webp"", ""https://www.property.co.zw/uploadedfiles/de/72/99/de729978-ec7c-4f98-9600-b5df89012d3c_thumbnail695.webp"", ""https://www.property.co.zw/uploadedfiles/d3/c9/0d/d3c90d9f-6c4c-446e-8c18-680a3cc9ce60_thumbnail695.webp"", ""https://www.property.co.zw/uploadedfiles/1e/c9/e0/1ec9e08c-a188-46cb-beda-39301f4c0f29_thumbnail695.webp"", ""https://www.property.co.zw/uploadedfiles/42/b2/7f/42b27f1a-a3ae-4a94-9251-dc0ec569afa6_thumbnail695.webp"", ""https://www.property.co.zw/uploadedfiles/2b/06/e1/2b06e120-d050-4a2d-a5af-512676110669_thumbnail695.webp"", ""https://www.property.co.zw/uploadedfiles/6a/e1/64/6ae164b3-1bf8-4feb-9191-1016c7574dc6_thumbnail695.webp"", ""https://www.property.co.zw/uploadedfiles/6c/3a/5e/6c3a5ea2-c5bd-4f11-9602-1d5c3df523c9_thumbnail695.webp"", ""https://www.property.co.zw/uploadedfiles/96/35/69/96356977-c417-42aa-849c-5eb72dce40ba_thumbnail695.webp"", ""https://www.property.co.zw/uploadedfiles/52/8b/38/528b382d-0d7a-463d-b925-424325101985_thumbnail695.webp"", ""https://www.property.co.zw/uploadedfiles/34/4a/2e/344a2e22-1a5c-4e53-981e-6ce2f7775280_thumbnail695.webp""]",2026-09-23T16:34:31,False,240000.0,,already USD,False,False,False,True,,False,False,False,False,False,False,False,False,False,False,True,False,False,False,False,False,False,False,False,True,False,False,False,False,0
BAS026,https://www.property.co.zw/for-sale/houses-rrt253574,Prime Mixed-Use Ridgeway North Property,2200000.0,USD,Highlands,Harare North,Zimbabwe,"Highlands, Harare North, Harare",8,6.0,1158.0,m²,9578.0,m²,"Whether you want to establish an hotel, a corporate office, or a mixed use development this property presents a once in a life time opportunity. 
",2026-08-19,2026-08-19T13:59:53+02:00,Robert Root,18,"[""https://www.property.co.zw/uploadedfiles/d1/0c/c1/d10cc185-fafb-4967-aab2-2322769e8b6c_thumbnail695.webp"", ""https://www.property.co.zw/uploadedfiles/ce/04/cf/ce04cfc7-9992-4351-a61b-70f20ff3d952_thumbnail695.webp"", ""https://www.property.co.zw/uploadedfiles/11/95/4a/11954a16-d163-42f5-8db2-1929493829c1_thumbnail695.webp"", ""https://www.property.co.zw/uploadedfiles/8c/fb/e5/8cfbe53a-98af-4a95-a388-b57664e4bee5_thumbnail695.webp"", ""https://www.property.co.zw/uploadedfiles/42/14/0e/42140ea9-7d67-4d9e-b5ac-f6b2a1031498_thumbnail695.webp"", ""https://www.property.co.zw/uploadedfiles/ad/09/d4/ad09d42e-b60b-4f52-af1e-26dcc87741ef_thumbnail695.webp"", ""https://www.property.co.zw/uploadedfiles/3b/23/0f/3b230f56-916a-4800-a372-d3f717a4500d_thumbnail695.webp"", ""https://www.property.co.zw/uploadedfiles/3b/b0/ac/3bb0acf3-3d04-4883-be47-0f31766e4a86_thumbnail695.webp"", ""https://www.property.co.zw/uploadedfiles/6f/65/57/6f65576f-5c03-471b-8876-6fce3295add9_thumbnail695.webp"", ""https://www.property.co.zw/uploadedfiles/ce/7e/a9/ce7ea934-fc1e-40bb-8f60-8b2d4752c7fa_thumbnail695.webp"", ""https://www.property.co.zw/uploadedfiles/4d/60/f3/4d60f305-2d3d-41b9-b17f-ca6ea5213218_thumbnail695.webp"", ""https://www.property.co.zw/uploadedfiles/71/b2/1d/71b21dc2-7306-4be6-9150-9ffafd2b47cb_thumbnail695.webp"", ""https://www.property.co.zw/uploadedfiles/38/54/91/385491c9-a9b4-4884-a323-1e6b62ff142b_thumbnail695.webp"", ""https://www.property.co.zw/uploadedfiles/dc/e5/1e/dce51ee5-6d83-4043-95b7-3ebe867215c7_thumbnail695.webp"", ""https://www.property.co.zw/uploadedfiles/6e/30/aa/6e30aa1c-c07a-455f-a3b3-952abfae2e08_thumbnail695.webp"", ""https://www.property.co.zw/uploadedfiles/34/9b/9f/349b9fcf-c977-4356-bbf0-a0b4ffa36c4c_thumbnail695.webp"", ""https://www.property.co.zw/uploadedfiles/59/c3/07/59c307df-02d8-47c5-915f-5832c891d877_thumbnail695.webp"", ""https://www.property.co.zw/uploadedfiles/76/5e/ff/765eff7f-d54f-47f0-8279-8eaaa313956d_thumbnail695.webp""]",2026-09-23T16:34:35,False,2200000.0,,already USD,False,False,True,True,"statistical price outlier within its suburb (log-price, 1.5xIQR rule) -- inspect manually, do not assume error",False,False,False,False,False,False,False,False,False,False,False,False,False,False,False,False,False,False,False,False,False,False,False,False,0
SMY254002,https://www.property.co.zw/for-sale/houses-smy254002,Residential house for sale,42000.0,USD,Hatcliffe,Harare High Density,Zimbabwe,"Hatcliffe, Harare High Density, Harare",4,1.0,150.0,m²,200.0,m²,"Property Description

6-Roomed House for Sale - $42,000  
Neatly painted 6-roomed house on a 200sqm stand.  
Features:  
- 1 bedroom en-suite  
- Ceilings in",2026-08-26,2026-08-28T11:41:49+02:00,Sermony Properties,19,"[""https://www.property.co.zw/uploadedfiles/f2/e6/e6/f2e6e618-bdf1-4bac-adbe-e9066993518d_thumbnail695.webp"", ""https://www.property.co.zw/uploadedfiles/2d/9f/de/2d9fde4a-3afe-47b4-baca-26b31ac4e45c_thumbnail695.webp"", ""https://www.property.co.zw/uploadedfiles/6e/32/7d/6e327d0c-93fb-421d-8bc4-160bcc77b518_thumbnail695.webp"", ""https://www.property.co.zw/uploadedfiles/2d/3b/11/2d3b11d2-e75b-4768-a317-ad577635686b_thumbnail695.webp"", ""https://www.property.co.zw/uploadedfiles/45/d2/52/45d25206-2cf9-4535-85ed-1a5338ea42cb_thumbnail695.webp"", ""https://www.property.co.zw/uploadedfiles/49/8e/e9/498ee9ac-cf39-46b1-bede-d7c459a846ff_thumbnail695.webp"", ""https://www.property.co.zw/uploadedfiles/31/fb/da/31fbda65-cf8c-4d66-9ea4-6af54b4468b5_thumbnail695.webp"", ""https://www.property.co.zw/uploadedfiles/47/13/09/471309d7-1ba6-46bc-9bf5-42f5ccc73c7f_thumbnail695.webp"", ""https://www.property.co.zw/uploadedfiles/0a/5f/83/0a5f83c7-3f5e-4c0e-8c12-f414a5b8340b_thumbnail695.webp"", ""https://www.property.co.zw/uploadedfiles/86/85/39/8685392d-b54d-4412-ac86-a920cd197de2_thumbnail695.webp"", ""https://www.property.co.zw/uploadedfiles/d7/9c/b7/d79cb7a5-2fcf-4ff3-b497-995a2161590f_thumbnail695.webp"", ""https://www.property.co.zw/uploadedfiles/0b/22/a0/0b22a004-d6fc-4b8b-9026-91690167df67_thumbnail695.webp"", ""https://www.property.co.zw/uploadedfiles/9d/9d/b2/9d9db2a2-8480-4deb-9e48-20b18fb91c85_thumbnail695.webp"", ""https://www.property.co.zw/uploadedfiles/42/b4/1d/42b41d53-bf60-48c0-8c88-08d72321deb5_thumbnail695.webp"", ""https://www.property.co.zw/uploadedfiles/df/ce/6a/dfce6ab0-6830-4400-a3aa-f7bf3b67510e_thumbnail695.webp"", ""https://www.property.co.zw/uploadedfiles/38/ad/6a/38ad6a07-b086-41f4-acfe-3981efd2528a_thumbnail695.webp"", ""https://www.property.co.zw/uploadedfiles/64/59/28/645928f8-6a0f-4a51-b297-4f4722532430_thumbnail695.webp"", ""https://www.property.co.zw/uploadedfiles/3a/cc/5f/3acc5f4e-7951-4671-b9bb-4f9c08ebfbdd_thumbnail695.webp"", ""https://www.property.co.zw/uploadedfiles/e8/96/3e/e8963e21-e9a3-4473-8e33-1a26ad143c65_thumbnail695.webp""]",2026-09-23T16:34:39,False,42000.0,,already USD,False,False,True,True,,False,True,False,False,False,False,False,False,False,False,False,False,False,False,False,False,False,False,False,True,False,False,False,False,0
EK0030,https://www.property.co.zw/for-sale/houses-gbr254328,Stunning 6 Bedroom Manor In Carrick Creagh Estate - 1 Acre,390000.0,USD,Carrick Creagh,Harare North,Zimbabwe,"Carrick Creagh, Harare North, Harare",6,6.0,1000.0,m²,4000.0,m²,"Experience luxury living in this exceptional family residence in coveted Borrowdale, Harare North — a commanding 6-bedroom, 6-bath home set on a generous 4,000 m²",2026-08-31,2026-09-22T08:24:16+02:00,Gabriel Real Estate,16,"[""https://www.property.co.zw/uploadedfiles/45/78/77/4578775b-14f4-4d81-b449-606384463714_thumbnail695.webp"", ""https://www.property.co.zw/uploadedfiles/06/10/ef/0610efaa-2519-4c81-8c1d-19dd7bb33ddc_thumbnail695.webp"", ""https://www.property.co.zw/uploadedfiles/c9/b6/6b/c9b66b75-3591-4794-859b-debcb1f5d283_thumbnail695.webp"", ""https://www.property.co.zw/uploadedfiles/19/f2/6c/19f26c00-172c-4501-8593-fed2fc62f95a_thumbnail695.webp"", ""https://www.property.co.zw/uploadedfiles/9c/53/c6/9c53c61c-ffab-42ec-9767-66df8eca9189_thumbnail695.webp"", ""https://www.property.co.zw/uploadedfiles/f6/a2/98/f6a2986f-a3b1-4c05-ad9d-573c6de1a838_thumbnail695.webp"", ""https://www.property.co.zw/uploadedfiles/fd/4d/76/fd4d76ed-8cd6-430d-83e2-cf4009b3b8ca_thumbnail695.webp"", ""https://www.property.co.zw/uploadedfiles/e7/f7/b9/e7f7b946-bd4f-452d-b1ae-c8ce968d6f0a_thumbnail695.webp"", ""https://www.property.co.zw/uploadedfiles/2a/0c/ff/2a0cff63-c3d2-4326-967c-bd1d80e064f9_thumbnail695.webp"", ""https://www.property.co.zw/uploadedfiles/32/dc/0f/32dc0f56-a86d-4843-bf92-52f60bbf0d82_thumbnail695.webp"", ""https://www.property.co.zw/uploadedfiles/d5/cb/8e/d5cb8e48-76c1-4178-9865-8aefe069b44d_thumbnail695.webp"", ""https://www.property.co.zw/uploadedfiles/c4/87/0e/c4870eed-8fd9-4ce2-8d2d-acae513bc7de_thumbnail695.webp"", ""https://www.property.co.zw/uploadedfiles/de/68/c4/de68c4e4-192e-44bf-95c0-c3fe579a58f3_thumbnail695.webp"", ""https://www.property.co.zw/uploadedfiles/c2/3b/5d/c23b5dd0-9688-47e1-b506-45bc53cf682d_thumbnail695.webp"", ""https://www.property.co.zw/uploadedfiles/49/23/69/49236914-e5d3-4e9d-8d4d-895aeeb64ae7_thumbnail695.webp"", ""https://www.property.co.zw/uploadedfiles/51/b8/19/51b8190c-2a71-4a3a-b564-135f9d0038fc_thumbnail695.webp""]",2026-09-23T16:34:43,False,390000.0,,already USD,False,False,True,True,,False,False,False,False,False,False,False,False,False,False,False,False,False,False,False,False,False,False,False,False,False,False,False,False,0
RWS251818,https://www.property.co.zw/for-sale/houses-rws251818,Spacious Double-Storey Family Home,650000.0,USD,Greystone Park,Harare North,Zimbabwe,"Greystone Park, Harare North, Harare",5,4.0,800.0,m²,4046.8564224,Acres,"Discover this exceptional double-storey family residence set on a full acre, designed for comfortable family living and ideal B&B or rental income potential. The",2026-07-20,2026-08-18T10:16:36+02:00,Rawson Properties Harare,24,"[""https://www.property.co.zw/uploadedfiles/1d/ee/86/1dee86e1-77bc-46d8-b355-be94ec586f9d_thumbnail695.webp"", ""https://www.property.co.zw/uploadedfiles/3a/f7/a7/3af7a718-b940-4ad9-a65f-f19b965a3fd3_thumbnail695.webp"", ""https://www.property.co.zw/uploadedfiles/98/ad/4a/98ad4ac8-3c82-49ed-ad2e-5cf4820d8031_thumbnail695.webp"", ""https://www.property.co.zw/uploadedfiles/d6/1f/a0/d61fa071-23a5-4b03-b190-88f47d9cb2e0_thumbnail695.webp"", ""https://www.property.co.zw/uploadedfiles/43/52/8b/43528b4c-51e2-48df-9c1f-650516ef30be_thumbnail695.webp"", ""https://www.property.co.zw/uploadedfiles/6d/2b/db/6d2bdbe9-6bbd-483a-bfa5-396be812711c_thumbnail695.webp"", ""https://www.property.co.zw/uploadedfiles/ad/fe/16/adfe1639-97e3-49ca-9915-6d7bffc6bfdf_thumbnail695.webp"", ""https://www.property.co.zw/uploadedfiles/86/c5/90/86c59016-4c6a-466b-930d-d0652e2e83f5_thumbnail695.webp"", ""https://www.property.co.zw/uploadedfiles/fa/c7/b6/fac7b617-1559-4f34-a595-ac693f7ce9c2_thumbnail695.webp"", ""https://www.property.co.zw/uploadedfiles/e8/58/24/e85824fa-78f0-4292-9c71-eee746527742_thumbnail695.webp"", ""https://www.property.co.zw/uploadedfiles/67/71/d7/6771d753-a0ec-46cd-a5cb-f84f183af8e0_thumbnail695.webp"", ""https://www.property.co.zw/uploadedfiles/f1/86/44/f18644a4-83cd-4bb5-a956-7f2fae223a17_thumbnail695.webp"", ""https://www.property.co.zw/uploadedfiles/e0/31/54/e0315418-2770-45e4-a3f0-3a4cf8674a24_thumbnail695.webp"", ""https://www.property.co.zw/uploadedfiles/85/74/f7/8574f779-95e3-4869-b241-09dd67d5323a_thumbnail695.webp"", ""https://www.property.co.zw/uploadedfiles/31/90/aa/3190aa44-ae1f-4bd1-a6da-1fe1b9f7b7d2_thumbnail695.webp"", ""https://www.property.co.zw/uploadedfiles/7d/4d/56/7d4d56f9-488a-4940-b03a-c8242246571e_thumbnail695.webp"", ""https://www.property.co.zw/uploadedfiles/ff/eb/ea/ffebea57-726b-4e92-8caa-6e7ea2f0f46e_thumbnail695.webp"", ""https://www.property.co.zw/uploadedfiles/ab/2a/68/ab2a6840-3cae-4b3b-b138-4e75f06ab4ff_thumbnail695.webp"", ""https://www.property.co.zw/uploadedfiles/fd/00/73/fd0073d6-6171-4043-a6f2-399a986c6a64_thumbnail695.webp"", ""https://www.property.co.zw/uploadedfiles/21/1c/41/211c4191-8088-4166-b64d-c9c7862054c7_thumbnail695.webp"", ""https://www.property.co.zw/uploadedfiles/18/f7/ee/18f7eed6-6569-4f66-aba8-d3c265c5b48e_thumbnail695.webp"", ""https://www.property.co.zw/uploadedfiles/15/c8/ce/15c8cef9-1f38-4f74-982e-05f3649688d8_thumbnail695.webp"", ""https://www.property.co.zw/uploadedfiles/89/e3/5a/89e35a42-62d7-4745-aabc-03528120a391_thumbnail695.webp"", ""https://www.property.co.zw/uploadedfiles/92/8b/8e/928b8e86-77ff-4216-8434-fd9171999b47_thumbnail695.webp""]",2026-09-23T16:34:47,False,650000.0,,already USD,False,False,True,True,,False,False,False,False,False,False,False,False,False,False,False,False,False,False,False,False,False,False,False,False,False,False,False,False,0
RWS253435,https://www.property.co.zw/for-sale/houses-rws253435,Double-Storey Masterpiece – Mount Pleasant Heights |,325000.0,USD,Mount Pleasant Heights,Harare North,Zimbabwe,"Mount Pleasant Heights, Harare North, Harare",9,8.0,800.0,m²,1694.0,m²,"A HOME BUILT TO LAST | MOUNT PLEASANT HEIGHTS

Incomplete double-storey home at deck level, set on a generous 1,694 sqm stand.

- 9 bedrooms, 7 ensuites
- 2",2026-08-18,2026-08-18T00:29:47+02:00,Rawson Properties Harare,22,"[""https://www.property.co.zw/uploadedfiles/1f/83/3d/1f833da7-a5ba-438a-81b9-7c6828972549_thumbnail695.webp"", ""https://www.property.co.zw/uploadedfiles/df/55/e7/df55e7f0-666a-42e5-8a0e-d1047ab5ebe2_thumbnail695.webp"", ""https://www.property.co.zw/uploadedfiles/dc/b8/24/dcb824fa-43a7-41a9-a1f8-3ab5ec5f8bcb_thumbnail695.webp"", ""https://www.property.co.zw/uploadedfiles/14/91/ca/1491caeb-6f6f-4592-abf6-458c9ba058e0_thumbnail695.webp"", ""https://www.property.co.zw/uploadedfiles/0e/14/9a/0e149a9b-54cc-4cbe-bced-16f4ddfef837_thumbnail695.webp"", ""https://www.property.co.zw/uploadedfiles/e8/3d/70/e83d7001-8029-4028-8e6a-c01d33a22c3a_thumbnail695.webp"", ""https://www.property.co.zw/uploadedfiles/74/67/f5/7467f506-bbb5-40fd-a17c-b5b2a7cd1bfe_thumbnail695.webp"", ""https://www.property.co.zw/uploadedfiles/d8/fc/2c/d8fc2c7c-e73f-457c-8a5b-dd6acf14fccc_thumbnail695.webp"", ""https://www.property.co.zw/uploadedfiles/10/ec/31/10ec3105-cee2-44e0-b6cb-2326e5c35471_thumbnail695.webp"", ""https://www.property.co.zw/uploadedfiles/54/d2/41/54d24169-865d-442f-b718-e16691e2d257_thumbnail695.webp"", ""https://www.property.co.zw/uploadedfiles/da/66/2a/da662a19-dcc7-4ff7-aed5-19a965cec024_thumbnail695.webp"", ""https://www.property.co.zw/uploadedfiles/e3/a2/74/e3a274ba-7e4d-49fb-a724-acae8a3ecb7f_thumbnail695.webp"", ""https://www.property.co.zw/uploadedfiles/ad/4f/f6/ad4ff641-f814-46b2-9746-2d5955bdcae8_thumbnail695.webp"", ""https://www.property.co.zw/uploadedfiles/dd/27/3a/dd273a9e-ee70-4c5b-ae32-d9cdf7406d7f_thumbnail695.webp"", ""https://www.property.co.zw/uploadedfiles/0f/70/c7/0f70c785-8dee-427f-b06d-6349981ff61a_thumbnail695.webp"", ""https://www.property.co.zw/uploadedfiles/94/73/1d/94731de2-06ab-4744-adbb-a4a1bd7592e4_thumbnail695.webp"", ""https://www.property.co.zw/uploadedfiles/cc/72/e6/cc72e6b0-4d29-4510-bc15-12dd46bc3db9_thumbnail695.webp"", ""https://www.property.co.zw/uploadedfiles/d7/2f/4f/d72f4ff9-3f78-4a65-bd9b-3586f9e82eee_thumbnail695.webp"", ""https://www.property.co.zw/uploadedfiles/5e/6e/07/5e6e07f3-4dd4-4f95-a93a-6151f303b524_thumbnail695.webp"", ""https://www.property.co.zw/uploadedfiles/e2/77/1c/e2771cf5-fb10-4bb6-a905-bc2d5a4809e2_thumbnail695.webp"", ""https://www.property.co.zw/uploadedfiles/47/fe/3a/47fe3a24-b289-48b0-9a4c-5a44209be14f_thumbnail695.webp"", ""https://www.property.co.zw/uploadedfiles/fe/56/e5/fe56e58c-257b-4017-8606-b9605ff81476_thumbnail695.webp""]",2026-09-23T16:34:51,False,325000.0,,already USD,False,False,True,True,,False,False,False,False,False,False,False,False,False,False,False,False,False,False,False,False,False,False,False,False,False,False,False,False,1
MTX241861,https://www.property.co.zw/for-sale/houses-mtx241861,Family Home in Borrowdale Brooke Estate,850000.0,USD,Borrowdale Brooke,Harare North,Zimbabwe,"Borrowdale Brooke, Harare North, Harare",4,3.0,1300.0,m²,,1300,"
Asking:      $850k
Size :          1300m²
Ownership: Deeds

Located in the prestigious Borrowdale Brooke Golf Estate, this well-maintained property offers a",2026-03-04,2026-07-15T12:41:13+02:00,Matrix Realty,16,"[""https://www.property.co.zw/uploadedfiles/4a/73/3c/4a733c5c-d0c1-4a19-ac09-094129ddef89_thumbnail695.webp"", ""https://www.property.co.zw/uploadedfiles/6c/80/53/6c8053dc-14ed-48b9-b4ae-9ed8b76aa21d_thumbnail695.webp"", ""https://www.property.co.zw/uploadedfiles/17/fc/35/17fc35b3-b3e3-4b19-8e57-a6d5234d30a2_thumbnail695.webp"", ""https://www.property.co.zw/uploadedfiles/ba/33/13/ba3313fd-0c29-4926-b3e3-e8fa255e0048_thumbnail695.webp"", ""https://www.property.co.zw/uploadedfiles/36/9f/37/369f3708-b71a-435b-8607-2422292103a9_thumbnail695.webp"", ""https://www.property.co.zw/uploadedfiles/f1/f0/f4/f1f0f41d-ecc2-4d95-80e7-ac494de636e9_thumbnail695.webp"", ""https://www.property.co.zw/uploadedfiles/af/ff/ac/afffac25-47b6-451b-abe2-6d0b5e6b1f7c_thumbnail695.webp"", ""https://www.property.co.zw/uploadedfiles/3e/b9/1e/3eb91e65-62de-4ebd-b3be-b81556505aaf_thumbnail695.webp"", ""https://www.property.co.zw/uploadedfiles/e0/3b/2f/e03b2fa5-7f1c-4252-bc7e-934c334a3928_thumbnail695.webp"", ""https://www.property.co.zw/uploadedfiles/4c/bf/6b/4cbf6bf8-642b-4216-8ab1-b95add7910b0_thumbnail695.webp"", ""https://www.property.co.zw/uploadedfiles/a8/27/5a/a8275ae9-f31a-4199-a11b-091f3ac11e28_thumbnail695.webp"", ""https://www.property.co.zw/uploadedfiles/d6/ce/7c/d6ce7c71-4e3e-44f5-ba09-511220ee5bd2_thumbnail695.webp"", ""https://www.property.co.zw/uploadedfiles/84/01/a1/8401a1ea-7ea3-4626-811a-a64c9cd5c3c4_thumbnail695.webp"", ""https://www.property.co.zw/uploadedfiles/09/3a/51/093a51bc-c087-4c3a-b373-f3878170d8b5_thumbnail695.webp"", ""https://www.property.co.zw/uploadedfiles/08/5f/5c/085f5ca9-3a61-4f45-9f26-b88903cef96c_thumbnail695.webp"", ""https://www.property.co.zw/uploadedfiles/ef/63/57/ef63579e-4d97-44d5-be03-1fd3ab66c469_thumbnail695.webp""]",2026-09-23T16:34:56,False,850000.0,,already USD,False,False,False,True,,False,False,False,False,False,False,False,False,False,False,False,False,False,False,False,False,False,False,False,False,False,False,False,False,0
GAT231646,https://www.property.co.zw/for-sale/houses-gat231646,"Off-plan Luxury 4 Bed Cluster Homes in Logan Park, Hatfield.",155000.0,USD,Hatfield,Harare South,Zimbabwe,"Hatfield, Harare South, Harare",4,2.0,139.0,m²,,650,"HATFIELD 
HUDSON MEWS, Gated Community. 
Off-plan Luxury 4 Bed Cluster Homes in Logan Park, Hatfield.

Available on offer are state of the art luxury clusters",2025-10-14,2026-07-09T16:12:06+02:00,Guest and Tanner Real Estate,2,"[""https://www.property.co.zw/uploadedfiles/ff/e1/45/ffe14576-7d86-46e2-ac5b-a8d98983a4d4_thumbnail695.webp"", ""https://www.property.co.zw/uploadedfiles/ff/00/22/ff0022ec-886e-4960-9138-1cb3c06666e2_thumbnail695.webp""]",2026-09-23T16:35:00,False,155000.0,,already USD,False,False,False,True,,False,False,False,False,False,False,False,True,False,False,False,False,False,False,False,False,False,False,False,False,False,False,False,False,0
TSK252946,https://www.property.co.zw/for-sale/houses-tsk252946,Mt Pleasant Heights Phase 1,250000.0,USD,Mt Pleasant Heights,Harare West,Zimbabwe,"Mt Pleasant Heights, Harare West, Harare",4,2.0,2100.0,m²,2100.0,m²,"Mt. Pleasant Phase  1 sitting on 2100sqm.  4beds main ensuite, all BICs, lounge and dining at open plan, kitchen,  double lock up garage with Deeds",2026-08-06,2026-08-06T11:50:20+02:00,Three Skys Properties,14,"[""https://www.property.co.zw/uploadedfiles/3d/3d/90/3d3d900c-3d09-47b6-9e6d-369a144f2c54_thumbnail695.webp"", ""https://www.property.co.zw/uploadedfiles/0d/fc/f7/0dfcf7a6-349a-4c65-a54d-a81e0390f6b6_thumbnail695.webp"", ""https://www.property.co.zw/uploadedfiles/e9/06/e1/e906e19b-f852-4664-b7e4-66093d4bb5d0_thumbnail695.webp"", ""https://www.property.co.zw/uploadedfiles/b2/a2/95/b2a295f1-4aa7-48bb-b62e-fda4a48107f9_thumbnail695.webp"", ""https://www.property.co.zw/uploadedfiles/f3/ce/2e/f3ce2ec2-3eff-469e-af0d-c6fdddb954d3_thumbnail695.webp"", ""https://www.property.co.zw/uploadedfiles/72/b3/77/72b377f3-c75d-4f36-a3c8-71757adb913f_thumbnail695.webp"", ""https://www.property.co.zw/uploadedfiles/9e/4b/d9/9e4bd9a4-6021-46e1-81a7-5ba2d5e432a0_thumbnail695.webp"", ""https://www.property.co.zw/uploadedfiles/a4/58/76/a458761a-a552-4ab9-85b8-c30ba87060b5_thumbnail695.webp"", ""https://www.property.co.zw/uploadedfiles/63/63/20/63632083-e6bd-4977-853f-984c72b09b7c_thumbnail695.webp"", ""https://www.property.co.zw/uploadedfiles/0e/dc/7f/0edc7f72-e090-4f06-95cc-743a8228f05a_thumbnail695.webp"", ""https://www.property.co.zw/uploadedfiles/2c/f3/98/2cf3987c-9c93-4201-8b66-fec8e5bdd627_thumbnail695.webp"", ""https://www.property.co.zw/uploadedfiles/9d/dd/7b/9ddd7b67-70a7-4f38-a3e3-2dea1afca7a7_thumbnail695.webp"", ""https://www.property.co.zw/uploadedfiles/27/f5/97/27f59708-4c77-407c-9a08-8c59c84ce27c_thumbnail695.webp"", ""https://www.property.co.zw/uploadedfiles/0f/99/4f/0f994f83-0d82-4da4-b2f5-ed15c9c2cab2_thumbnail695.webp""]",2026-09-23T16:35:04,False,250000.0,,already USD,False,False,True,True,,False,False,False,False,False,False,False,False,False,False,False,False,False,False,False,False,False,False,False,True,True,False,False,False,0
PLZP236649,https://www.property.co.zw/for-sale/houses-plzp236649,A Private Sanctuary of Modern Elegance,400000.0,USD,Mount Pleasant Heights,Harare North,Zimbabwe,"Mount Pleasant Heights, Harare North, Harare",5,4.0,500.0,m²,1800.0,m²,"EXCLUSIVE LUXURY 5 BEDROOM RESIDENCE FOR SALE
MOUNT PLEASANT HEIGHTS, HARARE NORTH

Set on an expansive 1800m² stand, this immaculate, brand-new luxury",2025-12-18,2026-09-14T11:51:42+02:00,Plaza Properties,22,"[""https://www.property.co.zw/uploadedfiles/1b/c4/72/1bc47230-39be-41e6-be7f-f4a70af9d20f_thumbnail695.webp"", ""https://www.property.co.zw/uploadedfiles/d6/cf/8e/d6cf8e82-cbc5-495a-af6a-b92e8d2b38fd_thumbnail695.webp"", ""https://www.property.co.zw/uploadedfiles/f7/e1/2d/f7e12d7c-bbdf-4d1b-bed3-cf0f1bc03c4b_thumbnail695.webp"", ""https://www.property.co.zw/uploadedfiles/86/5c/97/865c9718-03a8-49f9-addc-bc39d8ef602d_thumbnail695.webp"", ""https://www.property.co.zw/uploadedfiles/8b/6a/ce/8b6aced0-bc26-441c-83e2-a4179b342aac_thumbnail695.webp"", ""https://www.property.co.zw/uploadedfiles/75/92/bb/7592bbcb-9b8a-4bb5-bc0c-c79f72fe286d_thumbnail695.webp"", ""https://www.property.co.zw/uploadedfiles/02/e8/26/02e8269a-1a18-4125-9ad6-c8181062210c_thumbnail695.webp"", ""https://www.property.co.zw/uploadedfiles/58/51/aa/5851aa4a-2f9f-4d41-be3e-acdd5c7a9862_thumbnail695.webp"", ""https://www.property.co.zw/uploadedfiles/d0/f2/bd/d0f2bd05-7fe1-4ae9-a613-74e937d64f15_thumbnail695.webp"", ""https://www.property.co.zw/uploadedfiles/21/5d/9c/215d9c5d-5c3a-47e2-96b0-9ea1e6112e41_thumbnail695.webp"", ""https://www.property.co.zw/uploadedfiles/1f/c6/e5/1fc6e550-4711-4b56-a76b-2b0dbb3f5ad4_thumbnail695.webp"", ""https://www.property.co.zw/uploadedfiles/a8/04/1a/a8041ae8-2532-444f-be23-09165da8c5d1_thumbnail695.webp"", ""https://www.property.co.zw/uploadedfiles/1a/7b/d7/1a7bd71b-c43b-4e76-ac72-80f5dd1c13f6_thumbnail695.webp"", ""https://www.property.co.zw/uploadedfiles/bf/f0/cb/bff0cbf8-38ea-47c1-b1a2-184a59a6b7aa_thumbnail695.webp"", ""https://www.property.co.zw/uploadedfiles/c7/10/53/c7105348-af1e-4056-a3fe-626843b48755_thumbnail695.webp"", ""https://www.property.co.zw/uploadedfiles/f1/26/c3/f126c3a0-05de-404b-9bae-d52d7e20f954_thumbnail695.webp"", ""https://www.property.co.zw/uploadedfiles/c9/53/37/c95337dd-bff2-4567-a9b8-45d546fade19_thumbnail695.webp"", ""https://www.property.co.zw/uploadedfiles/11/e4/2d/11e42d31-5814-44d0-9eed-59530285f198_thumbnail695.webp"", ""https://www.property.co.zw/uploadedfiles/c4/df/88/c4df88a6-ef12-4081-9b20-11a8b4d435b8_thumbnail695.webp"", ""https://www.property.co.zw/uploadedfiles/93/66/22/9366229d-18ea-4cac-8431-7804a2e1b343_thumbnail695.webp"", ""https://www.property.co.zw/uploadedfiles/6c/c5/52/6cc55272-801d-49a5-863a-d8f09e783267_thumbnail695.webp"", ""https://www.property.co.zw/uploadedfiles/24/b2/36/24b236f2-408a-459b-be82-f7a78d1dfee7_thumbnail695.webp""]",2026-09-23T16:35:08,False,400000.0,,already USD,False,False,True,True,,False,False,False,False,False,False,False,False,False,False,False,False,False,False,False,False,False,False,False,False,False,False,False,False,3
LEG222587,https://www.property.co.zw/for-sale/houses-leg222587, 5-Bedroom Home in Chitungwiza with Modern Amenities!,32000.0,USD,Chitungwiza,Chitungwiza,Zimbabwe,"Chitungwiza, Mashonaland East",5,1.0,250.0,m²,250.0,m²,This well-built 5-bedroom home in Chitungwiza Unit P offers a fantastic opportunity for both family living and investment. Set on a 250sqm stand with council,2025-06-16,2026-08-03T12:34:43+02:00,Legacy Real Estate,10,"[""https://www.property.co.zw/uploadedfiles/69/9f/9a/699f9a97-17ad-41ca-b0c4-db00e380d163_thumbnail695.webp"", ""https://www.property.co.zw/uploadedfiles/4d/c2/02/4dc20254-a105-4519-9502-73a8bbb1cffd_thumbnail695.webp"", ""https://www.property.co.zw/uploadedfiles/61/81/09/6181094a-1685-429b-a2be-985a2bc8c6f7_thumbnail695.webp"", ""https://www.property.co.zw/uploadedfiles/31/90/be/3190bed2-b8cc-4bab-a785-2927d0393dcf_thumbnail695.webp"", ""https://www.property.co.zw/uploadedfiles/6a/35/d2/6a35d2a3-5d06-4184-b1c4-7cad664ff21a_thumbnail695.webp"", ""https://www.property.co.zw/uploadedfiles/c6/07/19/c60719d0-b08b-4615-a69c-cdb5e9193325_thumbnail695.webp"", ""https://www.property.co.zw/uploadedfiles/01/a2/c9/01a2c969-5293-442b-8b68-7dc83e11f7d1_thumbnail695.webp"", ""https://www.property.co.zw/uploadedfiles/9f/6e/1a/9f6e1a37-f0cc-4376-9fc5-f63f60cbc59f_thumbnail695.webp"", ""https://www.property.co.zw/uploadedfiles/60/69/40/606940fb-bfbb-4ed5-8f32-55ad40268dd9_thumbnail695.webp"", ""https://www.property.co.zw/uploadedfiles/b6/8c/cf/b68ccf99-4b92-489d-9dd1-47902be07dbe_thumbnail695.webp""]",2026-09-23T16:35:12,False,32000.0,,already USD,False,False,True,True,,False,False,False,False,False,False,False,False,False,False,False,False,False,False,False,False,False,False,False,False,False,False,False,False,0
OHRE243494,https://www.property.co.zw/for-sale/houses-ohre243494,Carrick Creagh House For Sale ,500000.0,USD,Carrick Creagh,Harare North,Zimbabwe,"Carrick Creagh, Harare North, Harare",6,5.5,500.0,m²,4000.0,m²,"CARRICK CREAGH $500K

Six bedrooms house , with 2 en suites and extra 2 full bathrooms , main lounge with fireplace , TV lounge and main bedroom  lounge, open",2026-03-25,2026-09-17T19:45:36+02:00,Own Your Home Real Estate,17,"[""https://www.property.co.zw/uploadedfiles/c5/5e/ef/c55eefda-d4c9-4679-8380-bef167db90a3_thumbnail695.webp"", ""https://www.property.co.zw/uploadedfiles/03/a3/b4/03a3b4f6-ad30-4e88-b9b1-3db56b3a59f7_thumbnail695.webp"", ""https://www.property.co.zw/uploadedfiles/27/c5/dd/27c5ddd5-0f55-4154-a97f-914d169b2e5d_thumbnail695.webp"", ""https://www.property.co.zw/uploadedfiles/24/ef/1b/24ef1bc1-127c-47ca-a174-7c8e4f1cef8c_thumbnail695.webp"", ""https://www.property.co.zw/uploadedfiles/84/5d/1a/845d1a32-108e-4ad3-8d8e-3070f6fbf270_thumbnail695.webp"", ""https://www.property.co.zw/uploadedfiles/57/94/88/5794883c-942d-4353-aa78-e30b0a5b8515_thumbnail695.webp"", ""https://www.property.co.zw/uploadedfiles/cd/74/c3/cd74c3bb-8a59-4553-8cc0-25e62739fa68_thumbnail695.webp"", ""https://www.property.co.zw/uploadedfiles/7e/36/68/7e3668b9-26e3-4c96-9dbc-941b1a272fe7_thumbnail695.webp"", ""https://www.property.co.zw/uploadedfiles/2c/c3/cd/2cc3cd10-f444-4578-9d46-ed7e5fff3b19_thumbnail695.webp"", ""https://www.property.co.zw/uploadedfiles/1f/b3/70/1fb370b7-1977-4e95-b5b4-ec72741021fb_thumbnail695.webp"", ""https://www.property.co.zw/uploadedfiles/77/39/23/77392360-cd12-4cbd-b063-995351502e87_thumbnail695.webp"", ""https://www.property.co.zw/uploadedfiles/62/d7/29/62d729ad-c7f1-4152-9ced-f17398bc4e31_thumbnail695.webp"", ""https://www.property.co.zw/uploadedfiles/b8/c8/7e/b8c87ebe-1f30-4fc5-b340-90e363bf1b94_thumbnail695.webp"", ""https://www.property.co.zw/uploadedfiles/a1/42/74/a14274bb-43b0-455a-a5a1-c280ddd69dcd_thumbnail695.webp"", ""https://www.property.co.zw/uploadedfiles/46/61/cf/4661cf9a-7c58-4b50-8c37-0e05af558381_thumbnail695.webp"", ""https://www.property.co.zw/uploadedfiles/2e/e6/51/2ee65117-6e69-4e81-ab83-e9278d1e6b69_thumbnail695.webp"", ""https://www.property.co.zw/uploadedfiles/f3/58/6c/f3586c49-d750-4503-b80e-1b508d1955f7_thumbnail695.webp""]",2026-09-23T16:35:20,False,500000.0,,already USD,False,True,True,True,,False,False,False,False,False,False,False,False,False,False,False,False,False,False,False,False,False,False,False,False,False,False,False,False,0
HOS240312,https://www.property.co.zw/for-sale/houses-hos240312,Cold Comfort 5-bedroom double-storey house,410000.0,USD,Tynwald,Harare West,Zimbabwe,"Tynwald, Harare West, Harare",5,4.0,600.0,m²,8400.0,m²,"This is a must-view  if you are a discerning buyer.????

Located in the heart of the upcoming developments in Cold Comfort, is truly a gem of its own kind.",2026-02-11,2026-09-17T10:31:32+02:00,HSP Realty,23,"[""https://www.property.co.zw/uploadedfiles/b9/68/19/b96819d9-6707-415b-acd6-11c7d8997a79_thumbnail695.webp"", ""https://www.property.co.zw/uploadedfiles/b1/66/bb/b166bbb0-955f-45c3-88f1-77d7a5c9b8fa_thumbnail695.webp"", ""https://www.property.co.zw/uploadedfiles/9a/1a/e0/9a1ae08e-4c25-41f3-80bf-fba0faa9e6aa_thumbnail695.webp"", ""https://www.property.co.zw/uploadedfiles/75/53/6c/75536c44-06a7-468c-83ee-689e2936767b_thumbnail695.webp"", ""https://www.property.co.zw/uploadedfiles/64/4b/4e/644b4efa-1376-4e2b-9499-7fc7c854a41d_thumbnail695.webp"", ""https://www.property.co.zw/uploadedfiles/5a/ea/37/5aea3744-34ba-4b23-84fb-17ce930acd5f_thumbnail695.webp"", ""https://www.property.co.zw/uploadedfiles/6b/f6/7a/6bf67a45-b1ff-4902-9c86-bdfc6340e58d_thumbnail695.webp"", ""https://www.property.co.zw/uploadedfiles/22/9a/77/229a7757-731f-4000-b274-f8d6219656b1_thumbnail695.webp"", ""https://www.property.co.zw/uploadedfiles/31/96/76/3196768f-7d8e-47c0-aa4f-df91b7a7ba21_thumbnail695.webp"", ""https://www.property.co.zw/uploadedfiles/58/e2/cf/58e2cfd7-c48f-473d-b568-9e53de04e90e_thumbnail695.webp"", ""https://www.property.co.zw/uploadedfiles/7a/48/3f/7a483f5d-d8cc-4acc-bc40-7f4065fd0974_thumbnail695.webp"", ""https://www.property.co.zw/uploadedfiles/b8/16/00/b8160051-b406-456f-a95f-bb68acf75b5e_thumbnail695.webp"", ""https://www.property.co.zw/uploadedfiles/53/d1/51/53d1517e-63c9-4ed3-8c14-21af7b9c6cb5_thumbnail695.webp"", ""https://www.property.co.zw/uploadedfiles/7f/66/b3/7f66b3aa-6b9f-4cf1-8c36-a8fadb7ef33f_thumbnail695.webp"", ""https://www.property.co.zw/uploadedfiles/f1/6b/54/f16b54ec-ecc1-4b4c-b1b2-f6586c18e877_thumbnail695.webp"", ""https://www.property.co.zw/uploadedfiles/e6/1d/da/e61dda5a-8463-4218-8f91-463cfedd1202_thumbnail695.webp"", ""https://www.property.co.zw/uploadedfiles/0b/6b/a4/0b6ba426-6cdd-4b19-bba9-be742fc2a730_thumbnail695.webp"", ""https://www.property.co.zw/uploadedfiles/f9/26/de/f926de9d-e194-4ae7-bd9e-e3e41c531548_thumbnail695.webp"", ""https://www.property.co.zw/uploadedfiles/fa/52/82/fa528294-d0dc-4085-8ae4-04cba099b769_thumbnail695.webp"", ""https://www.property.co.zw/uploadedfiles/3a/ea/49/3aea49c5-3b61-4aa3-be4c-5d950846dee1_thumbnail695.webp"", ""https://www.property.co.zw/uploadedfiles/4e/bb/18/4ebb1836-7795-4e5f-8e68-95b12eee6a7f_thumbnail695.webp"", ""https://www.property.co.zw/uploadedfiles/77/8c/93/778c9359-dcfe-4ae4-aa50-0b13e1951bc9_thumbnail695.webp"", ""https://www.property.co.zw/uploadedfiles/dc/6d/b5/dc6db532-a9df-493f-8af1-e742eaec3fd0_thumbnail695.webp""]",2026-09-23T16:35:24,False,410000.0,,already USD,False,False,True,True,"statistical price outlier within its suburb (log-price, 1.5xIQR rule) -- inspect manually, do not assume error",False,False,False,False,False,False,False,False,False,False,False,False,False,False,False,False,False,False,False,False,False,False,False,False,0
PGP244307,https://www.property.co.zw/for-sale/houses-pgp244307,Split Level Family Home in Greystone Park ,450000.0,USD,Greystone Park,Harare North,Zimbabwe,"Greystone Park, Harare North, Harare",4,3.0,350.0,m²,4047.0,m²,"Pam Golding Properties are proud to present this lovely family home located opposite Greystone Park Nature Preserve and set on a generous 4047sqms plot, this",2026-04-08,2026-09-03T12:05:14+02:00,Pam Golding Properties,14,"[""https://www.property.co.zw/uploadedfiles/14/78/d2/1478d219-b22c-4765-810c-042df8b5ab47_thumbnail695.webp"", ""https://www.property.co.zw/uploadedfiles/6f/eb/f7/6febf7bd-5652-4bc3-882f-67402b9278c7_thumbnail695.webp"", ""https://www.property.co.zw/uploadedfiles/ff/5f/34/ff5f341f-53a3-4194-9eb1-9987b770e375_thumbnail695.webp"", ""https://www.property.co.zw/uploadedfiles/90/0f/91/900f910e-7f67-4890-acb9-28de4e362199_thumbnail695.webp"", ""https://www.property.co.zw/uploadedfiles/cf/37/ef/cf37eff4-e2a2-498b-bdea-4dee165c14b2_thumbnail695.webp"", ""https://www.property.co.zw/uploadedfiles/68/c8/4c/68c84c67-6180-4638-ad59-e6325205fdb4_thumbnail695.webp"", ""https://www.property.co.zw/uploadedfiles/de/5d/45/de5d45be-f84b-4621-ba62-43a4c5bc9257_thumbnail695.webp"", ""https://www.property.co.zw/uploadedfiles/b6/04/6b/b6046be9-cf1c-4064-8c3e-69a18a208325_thumbnail695.webp"", ""https://www.property.co.zw/uploadedfiles/12/85/55/128555e4-64e1-46c9-8273-9d419e04bd85_thumbnail695.webp"", ""https://www.property.co.zw/uploadedfiles/10/0f/79/100f7998-9236-4321-a619-4944323e1902_thumbnail695.webp"", ""https://www.property.co.zw/uploadedfiles/84/4d/ad/844daddf-cb69-48d7-a314-5f77c98c4685_thumbnail695.webp"", ""https://www.property.co.zw/uploadedfiles/01/b9/5c/01b95c98-ac47-4b28-9ef0-77b1efacb86f_thumbnail695.webp"", ""https://www.property.co.zw/uploadedfiles/62/46/91/6246912a-a2ea-4146-8d3b-0af71c95564a_thumbnail695.webp"", ""https://www.property.co.zw/uploadedfiles/70/29/0f/70290fdc-381e-404f-af88-30be50e965de_thumbnail695.webp""]",2026-09-23T16:35:28,False,450000.0,,already USD,False,False,True,True,,False,False,False,False,False,False,False,False,False,False,False,False,False,False,False,False,False,False,False,False,False,False,False,False,0
t28254020,https://www.property.co.zw/for-sale/houses-t28254020,Sendton Phase 1,145000.0,USD,Sandton Park,Harare West,Zimbabwe,"Sandton Park, Harare West, Harare",4,2.0,1250.0,m²,750.0,m²,Finish off these well built house 4 bedroom 2 bathrooms 2 Bedroom Cottage offers being considered ,2026-08-26,2026-08-26T15:11:54+02:00,t28,3,"[""https://www.property.co.zw/uploadedfiles/50/54/e6/5054e6c6-beee-4a36-aa31-c2116f0a13fd_thumbnail695.webp"", ""https://www.property.co.zw/uploadedfiles/ad/c3/46/adc34664-8f21-4b6f-b318-eac9aefd6548_thumbnail695.webp"", ""https://www.property.co.zw/uploadedfiles/35/25/d8/3525d8c8-7130-4bdd-ab8d-050029d1f9be_thumbnail695.webp""]",2026-09-23T16:35:32,False,145000.0,,already USD,False,False,True,True,,False,False,False,False,False,False,False,False,False,False,False,False,False,False,False,False,False,False,False,False,False,True,False,False,0
WDB239413,https://www.property.co.zw/for-sale/houses-wdb239413,"Neat 4 bedroomed house with ensuite, modern fitted kitchen on 300sqm. Ready for title",50000.0,USD,Rydale Ridge,Harare High Density,Zimbabwe,"Rydale Ridge, Harare High Density, Harare",4,2.0,300.0,m²,300.0,m²,"Welcome to this neat 4-bedroom, 2-bathroom family home in Rydale Ridge, Harare High Density — compact and well-appointed on a 300 m² stand with a 300 m² building",2026-01-31,2026-06-09T14:32:12+02:00,WoodsBrand Properties,7,"[""https://www.property.co.zw/uploadedfiles/b7/1b/3d/b71b3d48-e8ef-4c57-b26c-ba67ea88e668_thumbnail695.webp"", ""https://www.property.co.zw/uploadedfiles/97/ee/f7/97eef783-f142-40c5-bd61-abe807a099d5_thumbnail695.webp"", ""https://www.property.co.zw/uploadedfiles/96/6b/67/966b6787-e960-4a1a-a6aa-d98164945f6b_thumbnail695.webp"", ""https://www.property.co.zw/uploadedfiles/0d/56/c3/0d56c3ad-89c4-43f4-81a0-b5819c9b7a6c_thumbnail695.webp"", ""https://www.property.co.zw/uploadedfiles/ec/18/84/ec18841d-3155-41e5-8a87-d4e8b08a40c0_thumbnail695.webp"", ""https://www.property.co.zw/uploadedfiles/c0/56/fe/c056fea9-5aa5-4db0-9891-13568e067912_thumbnail695.webp"", ""https://www.property.co.zw/uploadedfiles/66/8b/99/668b9920-058f-489a-b708-cbebb55589d6_thumbnail695.webp""]",2026-09-23T16:35:36,False,50000.0,,already USD,False,False,True,True,,False,False,False,False,False,False,False,False,False,False,False,False,False,False,False,False,False,False,False,False,False,False,False,False,0
LEG241639,https://www.property.co.zw/for-sale/houses-leg241639,Prime Location: Crowhill Cleverhill Property with Title Deed,40000.0,USD,Crowhill Views,Harare North,Zimbabwe,"Crowhill Views, Harare North, Harare",5,2.0,250.0,m²,1000.0,m²,"An excellent investment opportunity is available in Crowhill – Cleverhill (Mazhanje Area) with this unfinished double-storey house, currently at deck level,",2026-03-02,2026-09-11T12:19:55+02:00,Legacy Real Estate,17,"[""https://www.property.co.zw/uploadedfiles/dd/25/49/dd2549f8-0ab4-4e5d-bdf3-a5f2dc529023_thumbnail695.webp"", ""https://www.property.co.zw/uploadedfiles/b7/da/75/b7da75b8-89bd-4076-beb6-29b88841133c_thumbnail695.webp"", ""https://www.property.co.zw/uploadedfiles/7c/28/af/7c28af5f-f720-4a27-a38e-b4e1c9c92897_thumbnail695.webp"", ""https://www.property.co.zw/uploadedfiles/6b/34/3a/6b343a7b-a732-4954-8b2c-e2182c180a44_thumbnail695.webp"", ""https://www.property.co.zw/uploadedfiles/08/b1/0b/08b10b6e-46c2-43d9-aaa3-71e505ce74ab_thumbnail695.webp"", ""https://www.property.co.zw/uploadedfiles/fa/48/65/fa4865f4-7f06-4eb6-93d6-5393d40f1809_thumbnail695.webp"", ""https://www.property.co.zw/uploadedfiles/8f/b4/3e/8fb43e34-e259-4c89-9020-bf0615621c57_thumbnail695.webp"", ""https://www.property.co.zw/uploadedfiles/a5/a7/c8/a5a7c8ea-f768-4ede-86a1-2084c3aa13a9_thumbnail695.webp"", ""https://www.property.co.zw/uploadedfiles/eb/78/56/eb78566d-0cf0-4082-b48c-829434ac6528_thumbnail695.webp"", ""https://www.property.co.zw/uploadedfiles/09/f5/6d/09f56d3c-b5eb-4fc8-a366-36f6eec54792_thumbnail695.webp"", ""https://www.property.co.zw/uploadedfiles/6a/2b/22/6a2b22ca-576d-47b2-803e-f6b933568341_thumbnail695.webp"", ""https://www.property.co.zw/uploadedfiles/8a/2c/3d/8a2c3d76-4c5c-4289-83f0-5be989901ac2_thumbnail695.webp"", ""https://www.property.co.zw/uploadedfiles/89/16/cc/8916ccff-fb39-4ba1-97bf-0346fb13d355_thumbnail695.webp"", ""https://www.property.co.zw/uploadedfiles/09/bf/f3/09bff328-2570-426d-811b-c79e165e796b_thumbnail695.webp"", ""https://www.property.co.zw/uploadedfiles/0d/f1/ae/0df1ae65-b41e-49e1-b6ef-45ebc6592c55_thumbnail695.webp"", ""https://www.property.co.zw/uploadedfiles/93/53/9b/93539b38-4c85-459e-8d1e-652d3a58928d_thumbnail695.webp"", ""https://www.property.co.zw/uploadedfiles/3a/5f/6e/3a5f6ee1-ec93-47e8-acb0-5cb6f623f974_thumbnail695.webp""]",2026-09-23T16:35:41,False,40000.0,,already USD,False,False,True,True,,False,False,False,False,False,False,False,False,False,False,False,False,False,False,False,False,False,False,False,False,False,False,False,False,0
PSN253022,https://www.property.co.zw/for-sale/houses-psn253022,Glen Lorne House For Sale,1000000.0,USD,Glen Lorne,Harare North,Zimbabwe,"Glen Lorne, Harare North, Harare",3,2.0,,,6158.0,m²,"
Land Size : 6,158sqm
Paperwork : Title Deed
Asking Price : $1,3 Million



House surrounded by a professionally landscaped mature botanical estate,",2026-08-07,2026-08-26T15:21:46+02:00,Property Solutions,34,"[""https://www.property.co.zw/uploadedfiles/a7/47/7e/a7477efe-269a-4e6d-afd7-150247bb8ca9_thumbnail695.webp"", ""https://www.property.co.zw/uploadedfiles/10/6d/d7/106dd735-d27f-4085-9b25-67b1cdc9b7d8_thumbnail695.webp"", ""https://www.property.co.zw/uploadedfiles/d9/e2/93/d9e293a4-b1e9-4acd-8ccc-8d464d70fb4a_thumbnail695.webp"", ""https://www.property.co.zw/uploadedfiles/2b/f7/f0/2bf7f0f7-a188-436c-a3ec-9c80a8d3e6c3_thumbnail695.webp"", ""https://www.property.co.zw/uploadedfiles/a7/be/10/a7be108a-2628-42b9-a8b5-4848e06c12c0_thumbnail695.webp"", ""https://www.property.co.zw/uploadedfiles/0f/d4/f7/0fd4f74e-71c5-4d52-aa6f-cfa4926e400e_thumbnail695.webp"", ""https://www.property.co.zw/uploadedfiles/a9/3d/ae/a93daeea-a402-43c0-beca-18946dfc6beb_thumbnail695.webp"", ""https://www.property.co.zw/uploadedfiles/93/62/e7/9362e75a-7252-4284-a52e-e8f048a5796c_thumbnail695.webp"", ""https://www.property.co.zw/uploadedfiles/57/53/5e/57535ed9-7119-486a-a79e-628737a7d79c_thumbnail695.webp"", ""https://www.property.co.zw/uploadedfiles/ef/a1/c1/efa1c1d4-656b-4957-aae3-27800e1a7e35_thumbnail695.webp"", ""https://www.property.co.zw/uploadedfiles/d5/ac/10/d5ac10d0-c54f-4390-8d62-216ed9ea7cd3_thumbnail695.webp"", ""https://www.property.co.zw/uploadedfiles/11/38/ac/1138ac4e-90d6-4b97-9089-a253b4846d78_thumbnail695.webp"", ""https://www.property.co.zw/uploadedfiles/21/e2/83/21e28344-5cb5-422a-ac09-d5740a800fae_thumbnail695.webp"", ""https://www.property.co.zw/uploadedfiles/f7/ec/44/f7ec44b5-6d32-43cc-97a5-d8f30aa0130b_thumbnail695.webp"", ""https://www.property.co.zw/uploadedfiles/5f/8c/5d/5f8c5de5-68bb-43c9-a5b3-8dd89a6bb1e0_thumbnail695.webp"", ""https://www.property.co.zw/uploadedfiles/47/1c/23/471c23af-2b17-42a1-99a4-dc23b925a0fe_thumbnail695.webp"", ""https://www.property.co.zw/uploadedfiles/d9/ec/43/d9ec4360-6761-442e-8404-7150d1e506de_thumbnail695.webp"", ""https://www.property.co.zw/uploadedfiles/b1/b6/82/b1b68235-7428-4b2d-b19b-0464a4419721_thumbnail695.webp"", ""https://www.property.co.zw/uploadedfiles/9c/5f/eb/9c5feb92-44e4-4beb-9738-706c22c97e98_thumbnail695.webp"", ""https://www.property.co.zw/uploadedfiles/f9/4a/93/f94a930c-d195-4d02-89c1-b467e0c1a4c6_thumbnail695.webp"", ""https://www.property.co.zw/uploadedfiles/06/07/0f/06070f39-e7df-4898-bf94-a813d2c106f3_thumbnail695.webp"", ""https://www.property.co.zw/uploadedfiles/4d/4b/df/4d4bdf79-a573-4c2d-83e2-23b136485cf6_thumbnail695.webp"", ""https://www.property.co.zw/uploadedfiles/a1/2e/e6/a12ee68f-e15f-4ac4-bd67-b79b626df033_thumbnail695.webp"", ""https://www.property.co.zw/uploadedfiles/82/2e/b8/822eb80a-d509-4638-b6b8-ac1eabea9521_thumbnail695.webp"", ""https://www.property.co.zw/uploadedfiles/13/b0/be/13b0be77-4189-4edc-95da-3d5dbffb5692_thumbnail695.webp"", ""https://www.property.co.zw/uploadedfiles/04/0f/b1/040fb1e9-3d25-4cd1-b42d-a2387493b2cd_thumbnail695.webp"", ""https://www.property.co.zw/uploadedfiles/a5/cc/8e/a5cc8e3e-aac4-4ed0-8421-4bc9635dfc66_thumbnail695.webp"", ""https://www.property.co.zw/uploadedfiles/af/d7/d9/afd7d927-f435-41c6-9453-ad7b5d5c19ee_thumbnail695.webp"", ""https://www.property.co.zw/uploadedfiles/d8/40/45/d84045c0-4178-4a4d-92f3-60e57722842c_thumbnail695.webp"", ""https://www.property.co.zw/uploadedfiles/7f/94/89/7f9489c4-a6d0-4ab5-aa83-e5103083582f_thumbnail695.webp"", ""https://www.property.co.zw/uploadedfiles/5f/94/4c/5f944c27-75e4-4f96-9d85-44d7fe05aafc_thumbnail695.webp"", ""https://www.property.co.zw/uploadedfiles/31/95/bd/3195bd0d-58b6-4095-9f88-bd642f94e356_thumbnail695.webp"", ""https://www.property.co.zw/uploadedfiles/2a/45/36/2a45366f-60a5-4c7e-9be1-d576204eee86_thumbnail695.webp"", ""https://www.property.co.zw/uploadedfiles/6a/2d/ec/6a2dec2c-b5a1-4198-a253-e798f48b755c_thumbnail695.webp""]",2026-09-23T16:35:45,False,1000000.0,,already USD,False,False,True,False,,False,False,False,False,False,False,False,False,False,False,False,False,False,False,False,False,False,False,False,False,False,False,True,False,0
ALX245701,https://www.property.co.zw/for-sale/houses-alx245701,Mainway Meadows House For Sale,130000.0,USD,Mainway Meadows,Harare South,Zimbabwe,"Mainway Meadows, Harare South, Harare",4,3.0,260.0,m²,600.0,m²,"MAINWAY MEADOWS WATERFALLS 

*Beautiful solid 4 beds (mes) fitted wardrobes in all the 
bedrooms.
 fitted kitchen with pantry,
 spacious  lounge,",2026-04-27,2026-07-08T12:44:43+02:00,AlexCourt Real Estate,23,"[""https://www.property.co.zw/uploadedfiles/62/b6/3e/62b63e60-301c-49ad-9763-34b4f4c3709f_thumbnail695.webp"", ""https://www.property.co.zw/uploadedfiles/8f/83/6e/8f836efc-96d0-4f8a-8d7d-bafade1a29fb_thumbnail695.webp"", ""https://www.property.co.zw/uploadedfiles/46/54/45/465445a6-68a3-47dd-9e65-a1355694f684_thumbnail695.webp"", ""https://www.property.co.zw/uploadedfiles/27/5d/3d/275d3d7e-08f7-4ae5-a7be-967b6cca1f93_thumbnail695.webp"", ""https://www.property.co.zw/uploadedfiles/94/f5/f4/94f5f45b-d9ee-4ea9-b75f-3d080b10b2f0_thumbnail695.webp"", ""https://www.property.co.zw/uploadedfiles/64/59/f4/6459f48b-782e-4fca-8d05-d82d46dc7341_thumbnail695.webp"", ""https://www.property.co.zw/uploadedfiles/33/1b/47/331b4760-f7d0-4f81-8bfc-5482b6a58194_thumbnail695.webp"", ""https://www.property.co.zw/uploadedfiles/29/79/0c/29790c70-9276-4060-8964-1844c444ac6d_thumbnail695.webp"", ""https://www.property.co.zw/uploadedfiles/35/a3/33/35a333cd-cad2-48ee-9088-ead08bae59ea_thumbnail695.webp"", ""https://www.property.co.zw/uploadedfiles/59/a1/af/59a1af1b-172b-479e-9463-f71d8d832700_thumbnail695.webp"", ""https://www.property.co.zw/uploadedfiles/17/8d/c1/178dc15c-2f99-427e-a66d-7367bf3063e7_thumbnail695.webp"", ""https://www.property.co.zw/uploadedfiles/7d/45/df/7d45df6d-2d24-47bd-be13-81159d835b43_thumbnail695.webp"", ""https://www.property.co.zw/uploadedfiles/64/b1/a2/64b1a2a8-385e-4300-81cc-fab5221b8c28_thumbnail695.webp"", ""https://www.property.co.zw/uploadedfiles/21/3d/ba/213dbaf6-0e8a-4f2b-87e6-32a1a15cd6a2_thumbnail695.webp"", ""https://www.property.co.zw/uploadedfiles/c0/0d/d9/c00dd92a-954b-4e30-8f4c-b7b1c53c83b0_thumbnail695.webp"", ""https://www.property.co.zw/uploadedfiles/07/a7/a7/07a7a771-1c05-414c-adeb-855e3d3f31eb_thumbnail695.webp"", ""https://www.property.co.zw/uploadedfiles/d7/9c/5c/d79c5cb4-09db-4f1d-beea-0bf677e10b33_thumbnail695.webp"", ""https://www.property.co.zw/uploadedfiles/60/40/e9/6040e95e-99f5-4cb6-9b4e-83dad86476cb_thumbnail695.webp"", ""https://www.property.co.zw/uploadedfiles/62/a3/ea/62a3ea69-a079-4ed2-81bc-42432de5569f_thumbnail695.webp"", ""https://www.property.co.zw/uploadedfiles/b3/e2/93/b3e2933d-5036-4399-bc5f-0cfc81b57597_thumbnail695.webp"", ""https://www.property.co.zw/uploadedfiles/e8/9c/bf/e89cbf73-f589-48f7-966a-5306ced617c8_thumbnail695.webp"", ""https://www.property.co.zw/uploadedfiles/3d/be/09/3dbe09f6-5348-4a14-9a55-1f6e473cca65_thumbnail695.webp"", ""https://www.property.co.zw/uploadedfiles/47/fc/5a/47fc5ad5-a1b0-432f-8c94-9572ffb3aec6_thumbnail695.webp""]",2026-09-23T16:35:49,False,130000.0,,already USD,False,False,True,True,,False,False,False,False,False,False,False,False,False,False,True,False,False,False,False,False,False,False,False,True,False,False,False,False,0
BLS253559,https://www.property.co.zw/for-sale/houses-bls253559,house for sale in mount pleasant heights Harare North,420000.0,USD,Mount Pleasant Heights,Harare North,Zimbabwe,"Mount Pleasant Heights, Harare North, Harare",5,6.0,478.0,m²,2033.0,m²,"MOUNT PLEASANT HEIGHTS  HOUSE FOR SALE! 

Large multi-dwelling property on 2,033 sqm on developer cession. 
? Under Roof (478 sqm total):
• Main House: 5 beds",2026-08-19,2026-08-19T12:44:23+02:00,Blissful Real Estate,23,"[""https://www.property.co.zw/uploadedfiles/31/bb/14/31bb14de-dc4c-42ec-b58f-e4ca3c709ed7_thumbnail695.webp"", ""https://www.property.co.zw/uploadedfiles/6b/96/af/6b96aff4-82dc-42b9-8d51-49f816d0ea60_thumbnail695.webp"", ""https://www.property.co.zw/uploadedfiles/80/8b/e6/808be622-7ada-4b2f-8e4a-5b7e1d175cab_thumbnail695.webp"", ""https://www.property.co.zw/uploadedfiles/79/7c/78/797c7823-c800-4c97-8c2f-847b8100c9d7_thumbnail695.webp"", ""https://www.property.co.zw/uploadedfiles/c6/de/e5/c6dee5a6-3e78-4e90-9ab5-cd403b9986f7_thumbnail695.webp"", ""https://www.property.co.zw/uploadedfiles/da/6f/92/da6f927d-76d4-4a51-9780-96a28f975138_thumbnail695.webp"", ""https://www.property.co.zw/uploadedfiles/75/03/54/7503548d-642f-4157-ae65-f83f17dac351_thumbnail695.webp"", ""https://www.property.co.zw/uploadedfiles/14/98/26/14982636-bb33-4f66-a24e-3be249ccf339_thumbnail695.webp"", ""https://www.property.co.zw/uploadedfiles/81/38/f1/8138f1a5-f4c3-44a3-ac4f-75497667828e_thumbnail695.webp"", ""https://www.property.co.zw/uploadedfiles/f0/9f/54/f09f546a-23ee-4cee-bf7c-e556117934c5_thumbnail695.webp"", ""https://www.property.co.zw/uploadedfiles/53/0c/2d/530c2d26-f6ed-4db1-a2b7-b2a3b326039b_thumbnail695.webp"", ""https://www.property.co.zw/uploadedfiles/8a/90/9f/8a909f89-29e8-45b9-b670-977b33bf4162_thumbnail695.webp"", ""https://www.property.co.zw/uploadedfiles/10/88/a4/1088a48e-8a4c-4c71-83e2-bdf33b54fad8_thumbnail695.webp"", ""https://www.property.co.zw/uploadedfiles/a2/ef/9c/a2ef9cea-9a3a-4679-96da-60ec5417435e_thumbnail695.webp"", ""https://www.property.co.zw/uploadedfiles/ef/dd/c0/efddc0ba-0d99-41a9-a61c-d6ea725763b6_thumbnail695.webp"", ""https://www.property.co.zw/uploadedfiles/dd/d3/f2/ddd3f24c-69ec-4ea4-a9a3-c995b4ebd450_thumbnail695.webp"", ""https://www.property.co.zw/uploadedfiles/77/24/d1/7724d10b-b4db-4834-875e-4db417b0b15d_thumbnail695.webp"", ""https://www.property.co.zw/uploadedfiles/2c/c4/1c/2cc41c33-83aa-495e-b356-5af8fe275987_thumbnail695.webp"", ""https://www.property.co.zw/uploadedfiles/3c/c4/27/3cc42727-2eb0-4e14-b01e-8ff0690c8f9a_thumbnail695.webp"", ""https://www.property.co.zw/uploadedfiles/bf/61/83/bf618355-6e85-4fc7-be34-a8c6873d8640_thumbnail695.webp"", ""https://www.property.co.zw/uploadedfiles/85/3e/a1/853ea1b2-52c1-4ef8-809e-68e39a5c178a_thumbnail695.webp"", ""https://www.property.co.zw/uploadedfiles/4e/e0/2b/4ee02b1d-9eca-4671-a083-38e58718e504_thumbnail695.webp"", ""https://www.property.co.zw/uploadedfiles/3b/91/72/3b917211-1386-42e7-aff6-43fc66341226_thumbnail695.webp""]",2026-09-23T16:35:53,False,420000.0,,already USD,False,False,True,True,,False,False,False,False,False,False,False,False,False,False,False,False,False,False,False,False,False,False,False,False,False,False,False,True,0
TWP254706,https://www.property.co.zw/for-sale/houses-twp254706,7 roomed house for sale,54000.0,USD,Kuwadzana,Harare High Density,Zimbabwe,"Kuwadzana, Harare High Density, Harare",5,1.0,100.0,m²,200.0,m²,"Solid family house for sale in Kuwadzana 7. Near a school, church, filling station and Bulawayo Road. It comprises of 5 bedrooms,  kitchen, lounge, combined",2026-09-07,2026-09-10T17:09:12+02:00,Twincent Properties,11,"[""https://www.property.co.zw/uploadedfiles/90/18/1b/90181b14-086e-4dc5-aaa5-f8e2ee6cb951_thumbnail695.webp"", ""https://www.property.co.zw/uploadedfiles/da/c6/6c/dac66cb8-70e2-443f-8025-be070c1ab2e0_thumbnail695.webp"", ""https://www.property.co.zw/uploadedfiles/dc/51/23/dc5123ba-d79a-4d02-81a2-493ac15ea76c_thumbnail695.webp"", ""https://www.property.co.zw/uploadedfiles/5a/eb/5c/5aeb5c2f-5084-48e4-8ca0-a0d480435596_thumbnail695.webp"", ""https://www.property.co.zw/uploadedfiles/6e/63/d9/6e63d9e5-8277-4988-8660-2d01d5a6d22a_thumbnail695.webp"", ""https://www.property.co.zw/uploadedfiles/99/77/f5/9977f529-25b9-444e-8939-5e42c3582085_thumbnail695.webp"", ""https://www.property.co.zw/uploadedfiles/45/b7/d8/45b7d8d5-7a62-4722-8739-140c58db4aa1_thumbnail695.webp"", ""https://www.property.co.zw/uploadedfiles/39/8a/48/398a483d-66e7-4a10-babc-fa57eceb5188_thumbnail695.webp"", ""https://www.property.co.zw/uploadedfiles/3c/88/56/3c885630-7a31-4d80-842c-9307f02b49e3_thumbnail695.webp"", ""https://www.property.co.zw/uploadedfiles/1f/12/ef/1f12ef9e-dd48-43d6-826e-5c3abe237f77_thumbnail695.webp"", ""https://www.property.co.zw/uploadedfiles/98/02/a3/9802a349-8fbf-444b-bcb5-0922dc4ae12b_thumbnail695.webp""]",2026-09-23T16:35:57,False,54000.0,,already USD,False,False,True,True,,False,False,False,False,False,False,False,False,False,False,False,False,False,False,False,False,False,False,False,False,False,False,False,False,0
LEG253283,https://www.property.co.zw/for-sale/houses-leg253283,Charlotte Brooke 4-Bed Home with Borehole & Built-Ins,130000.0,USD,Charlotte Brooke,Harare North,Zimbabwe,"Charlotte Brooke, Harare North, Harare",4,2.0,450.0,m²,1300.0,m²,"Charlotte Brooke Family Home For Sale

Massive Family home for living and investment in Charlotte Brooke sitting on a 1300 square meter stand. The house is",2026-08-13,2026-08-13T20:58:06+02:00,Legacy Real Estate,12,"[""https://www.property.co.zw/uploadedfiles/ff/f6/f3/fff6f357-483e-464d-be4b-134b66425df0_thumbnail695.webp"", ""https://www.property.co.zw/uploadedfiles/d3/6e/56/d36e5672-ea3d-4a1e-86fa-61a20ac10da2_thumbnail695.webp"", ""https://www.property.co.zw/uploadedfiles/8f/32/e7/8f32e74e-c0bc-4955-a637-a2cfc8d94e14_thumbnail695.webp"", ""https://www.property.co.zw/uploadedfiles/11/60/7e/11607eb3-b2e2-49bf-a567-86832fd09017_thumbnail695.webp"", ""https://www.property.co.zw/uploadedfiles/36/61/c8/3661c8a6-5920-430e-8161-c99b0a2e45f3_thumbnail695.webp"", ""https://www.property.co.zw/uploadedfiles/cb/f1/04/cbf10471-d542-4eb5-a8bb-5b1109ff04e2_thumbnail695.webp"", ""https://www.property.co.zw/uploadedfiles/a4/46/b5/a446b58b-e8b2-415f-aab1-55e0c10fb3ea_thumbnail695.webp"", ""https://www.property.co.zw/uploadedfiles/b9/1f/08/b91f0876-1a77-48c1-8ac1-bb723749b3ab_thumbnail695.webp"", ""https://www.property.co.zw/uploadedfiles/cc/2b/fe/cc2bfe99-1423-47a6-ba99-bcce733c606f_thumbnail695.webp"", ""https://www.property.co.zw/uploadedfiles/1e/5e/57/1e5e5724-1fda-4c81-a632-428f61eb5c9e_thumbnail695.webp"", ""https://www.property.co.zw/uploadedfiles/22/c9/59/22c95990-9446-4c3b-9bda-18a202cde3e1_thumbnail695.webp"", ""https://www.property.co.zw/uploadedfiles/25/ee/e3/25eee3d4-dd67-4e73-8694-f38e204fd44c_thumbnail695.webp""]",2026-09-23T16:36:01,False,130000.0,,already USD,False,False,True,True,,False,False,False,False,False,False,False,False,False,False,False,False,False,False,False,False,False,False,False,False,False,False,False,False,0
PGP205420,https://www.property.co.zw/for-sale/houses-pgp205420,Perfect family home,230000.0,USD,Goodhope,Harare West,Zimbabwe,"Goodhope, Harare West, Harare",5,3.0,100.0,m²,2000.0,m²,A very accommodating ideal family home comprising of 5 generously sized bedrooms (mes) | guest wing | study | dinning room | main lounge | 2nd lounge | fitted,2024-11-01,2026-08-18T09:56:54+02:00,Pam Golding Properties,15,"[""https://www.property.co.zw/uploadedfiles/d1/d3/8d/d1d38dc7-135f-4aba-93a1-ec6317d6b737_thumbnail695.webp"", ""https://www.property.co.zw/uploadedfiles/c9/a4/e9/c9a4e998-b1fe-4c77-8cdf-9b871c4fa158_thumbnail695.webp"", ""https://www.property.co.zw/uploadedfiles/67/43/64/6743644f-09fd-4a04-ad8d-a5440eab75dc_thumbnail695.webp"", ""https://www.property.co.zw/uploadedfiles/19/71/a3/1971a324-26a5-44d6-bc00-68666737868d_thumbnail695.webp"", ""https://www.property.co.zw/uploadedfiles/e1/8f/78/e18f78dd-f1e1-4734-ad55-d38e7c2aa5db_thumbnail695.webp"", ""https://www.property.co.zw/uploadedfiles/69/59/0b/69590ba1-7848-41d7-b575-7d12486c6dd8_thumbnail695.webp"", ""https://www.property.co.zw/uploadedfiles/3f/4b/5d/3f4b5d0c-15a7-40a2-b9d8-5200d791c712_thumbnail695.webp"", ""https://www.property.co.zw/uploadedfiles/eb/21/af/eb21af3b-0a18-49ff-adac-174c8cc6679d_thumbnail695.webp"", ""https://www.property.co.zw/uploadedfiles/e1/3e/aa/e13eaada-8100-45a5-b6d7-13a6e2210bb1_thumbnail695.webp"", ""https://www.property.co.zw/uploadedfiles/4c/f5/72/4cf5724f-d1c3-43a3-84ed-b9ea9cfb7ac5_thumbnail695.webp"", ""https://www.property.co.zw/uploadedfiles/0e/fd/e6/0efde6e9-6cad-4554-b814-fccec10017bb_thumbnail695.webp"", ""https://www.property.co.zw/uploadedfiles/b6/be/bd/b6bebd5d-ffff-45f8-b511-7b1aa3449afc_thumbnail695.webp"", ""https://www.property.co.zw/uploadedfiles/57/25/77/57257742-70d0-46a3-896b-5359095fae0e_thumbnail695.webp"", ""https://www.property.co.zw/uploadedfiles/6f/16/87/6f1687f0-6068-401d-8071-34a7593af5f4_thumbnail695.webp"", ""https://www.property.co.zw/uploadedfiles/3e/cc/a4/3ecca441-13ba-4291-b839-67aef24699c1_thumbnail695.webp""]",2026-09-23T16:36:05,False,230000.0,,already USD,False,False,True,True,,False,False,False,False,False,False,False,False,False,False,False,False,False,False,False,False,False,False,False,True,False,False,False,False,0
IREW250066,https://www.property.co.zw/for-sale/houses-irew250066,Parktown 3 Bed on Sale,68000.0,USD,Parktown,Harare South,Zimbabwe,"Parktown, Harare South, Harare",3,1.0,80.0,m²,1030.0,m²,"Located in the sought-after Parktown area, this property offers excellent value for new homeowners and investors alike.
3",2026-06-25,2026-06-26T11:06:50+02:00,Irewil Real Estate (Pvt) Ltd,13,"[""https://www.property.co.zw/uploadedfiles/66/4b/c6/664bc6d1-6996-4ff2-890f-a61fcd24b6f6_thumbnail695.webp"", ""https://www.property.co.zw/uploadedfiles/fc/51/5b/fc515b20-6338-4e07-b914-a2a55e407bf6_thumbnail695.webp"", ""https://www.property.co.zw/uploadedfiles/f9/cf/1b/f9cf1b52-c9dd-48d5-a1bd-0c53902d61f3_thumbnail695.webp"", ""https://www.property.co.zw/uploadedfiles/d8/c9/1b/d8c91bb5-ca50-4033-84e6-5f55f7a2ff0a_thumbnail695.webp"", ""https://www.property.co.zw/uploadedfiles/1e/45/69/1e45692a-2c7a-4514-b50b-27e298b89be9_thumbnail695.webp"", ""https://www.property.co.zw/uploadedfiles/b9/4d/fc/b94dfc69-caa9-47e3-96ff-b17645a169ff_thumbnail695.webp"", ""https://www.property.co.zw/uploadedfiles/36/37/20/363720f3-8b43-4317-851c-ed4598e77ef6_thumbnail695.webp"", ""https://www.property.co.zw/uploadedfiles/7b/34/f3/7b34f3ef-bfd0-409c-9bc4-baa585b4eda1_thumbnail695.webp"", ""https://www.property.co.zw/uploadedfiles/45/73/ed/4573ed11-6b18-455d-9a12-6c52dc09418b_thumbnail695.webp"", ""https://www.property.co.zw/uploadedfiles/71/d1/4d/71d14d58-9f82-4858-87c8-a84a62c0e095_thumbnail695.webp"", ""https://www.property.co.zw/uploadedfiles/f8/bc/71/f8bc7151-612a-4e86-8f68-a18d0347aaa8_thumbnail695.webp"", ""https://www.property.co.zw/uploadedfiles/6c/23/82/6c23826c-adc9-484b-abe1-10edf0d6c31f_thumbnail695.webp"", ""https://www.property.co.zw/uploadedfiles/27/85/14/2785146a-40ec-457d-9ac1-77dfdb252464_thumbnail695.webp""]",2026-09-23T16:36:09,False,68000.0,,already USD,False,False,True,True,,False,False,False,False,False,False,False,False,False,False,False,False,False,False,False,False,False,False,False,False,False,False,False,False,0
PRCL254327,https://www.property.co.zw/for-sale/houses-prcl254327,House For Sale In Glenview,60000.0,USD,Glen View,Harare High Density,Zimbabwe,"Glen View, Harare High Density, Harare",4,2.0,200.0,m²,240.0,m²,"4 BEDROOMED HOUSE FOR SALE - GLENVIEW 7

Stunning modern 4-bedroomed house now on the market in the sought-after area of Glenview 7.

Property Features:
- 4",2026-08-31,2026-08-31T16:12:56+02:00,Property Channel,12,"[""https://www.property.co.zw/uploadedfiles/cf/29/4c/cf294c65-bfd6-4cb9-a2cc-20f2615ceef4_thumbnail695.webp"", ""https://www.property.co.zw/uploadedfiles/88/00/5a/88005aba-d2c7-4d00-803e-8df50871fceb_thumbnail695.webp"", ""https://www.property.co.zw/uploadedfiles/45/c4/31/45c4313d-3674-4f18-ae22-7d760cc5ac04_thumbnail695.webp"", ""https://www.property.co.zw/uploadedfiles/23/78/5a/23785a48-7abc-41b6-bb73-30c6b2fc80d0_thumbnail695.webp"", ""https://www.property.co.zw/uploadedfiles/71/2d/22/712d22f2-55a6-41d0-9ec7-b6b84f8442d8_thumbnail695.webp"", ""https://www.property.co.zw/uploadedfiles/bf/4b/fd/bf4bfda4-7a50-4ef3-abb4-eda4cda3ec5f_thumbnail695.webp"", ""https://www.property.co.zw/uploadedfiles/de/f8/1f/def81f22-cfc5-4405-b67e-199dd5e1230f_thumbnail695.webp"", ""https://www.property.co.zw/uploadedfiles/63/3c/7e/633c7e91-d460-474c-ba81-1d55b9cc06f4_thumbnail695.webp"", ""https://www.property.co.zw/uploadedfiles/aa/ab/25/aaab25b7-002c-4528-9a78-518ed429e0c9_thumbnail695.webp"", ""https://www.property.co.zw/uploadedfiles/8f/43/af/8f43af00-91e4-4d7e-9be0-074c9e7937f8_thumbnail695.webp"", ""https://www.property.co.zw/uploadedfiles/d7/d1/b9/d7d1b938-6657-4f47-85f1-49171fdd8a78_thumbnail695.webp"", ""https://www.property.co.zw/uploadedfiles/3c/c0/d2/3cc0d282-fff5-4303-b255-5177cfd8d395_thumbnail695.webp""]",2026-09-23T16:36:13,False,60000.0,,already USD,False,False,True,True,,False,False,False,False,False,False,False,False,False,False,False,False,False,False,False,False,False,False,False,False,False,False,False,False,0
WATERFALLSMAINWAY,https://www.property.co.zw/for-sale/houses-csl253456,"Mainway Meadows House, Waterfalls",125000.0,USD,Mainway Meadows,Harare South,Zimbabwe,"Mainway Meadows, Harare South, Harare",4,2.0,200.0,m²,600.0,m²,"A beautiful and spacious family property located in the sought-after Mainway Meadows, Waterfalls, sitting on a 600 sqm stand with Deeds. 

Features a spacious",2026-08-18,2026-08-18T10:56:19+02:00,Crystal Real Estate,8,"[""https://www.property.co.zw/uploadedfiles/40/12/84/40128483-fbc7-4db0-b3ed-b4a03f497467_thumbnail695.webp"", ""https://www.property.co.zw/uploadedfiles/be/d9/b2/bed9b21e-cdb8-45ef-82f8-1d2881262cc2_thumbnail695.webp"", ""https://www.property.co.zw/uploadedfiles/27/f9/ea/27f9ea3f-0dff-47e6-9b18-b22e9cb39f57_thumbnail695.webp"", ""https://www.property.co.zw/uploadedfiles/af/d5/4e/afd54e53-063a-4011-bf7b-7432c9e78747_thumbnail695.webp"", ""https://www.property.co.zw/uploadedfiles/ff/13/7e/ff137e36-cfa2-484e-ac91-5273155318f7_thumbnail695.webp"", ""https://www.property.co.zw/uploadedfiles/6d/5e/73/6d5e739c-3010-4397-b72e-b8aa87a539e9_thumbnail695.webp"", ""https://www.property.co.zw/uploadedfiles/ad/29/89/ad2989da-3179-4979-876c-c03c6fc3a0bb_thumbnail695.webp"", ""https://www.property.co.zw/uploadedfiles/14/97/ce/1497ceac-0e99-47ae-b21b-4a4e26d2e02f_thumbnail695.webp""]",2026-09-23T16:36:17,False,125000.0,,already USD,False,False,True,True,,False,False,False,False,False,False,False,False,False,False,False,False,False,False,False,False,False,False,False,False,False,False,False,False,0
TEH255068,https://www.property.co.zw/for-sale/houses-teh255068,"Pomona Nyeredzi Ridge .290k.neg,House has 4 beds, all ensuite Open plan, lounge ",290000.0,USD,Borrowdale,Harare North,Zimbabwe,"Borrowdale, Harare North, Harare",4,5.0,278.0,m²,600.0,m²,"Pomona Nyeredzi Ridge .290k.neg,House has
4 beds, all ensuite
Open plan, lounge , dinning , kitchen. 
Kitchen has to stoves , opening for 2 ovens, scullery with",2026-09-11,2026-09-11T15:50:36+02:00,Tanvel Real Estate Harare North,12,"[""https://www.property.co.zw/uploadedfiles/dc/2b/3a/dc2b3a73-2433-46a1-aaf8-66dbb43b357b_thumbnail695.webp"", ""https://www.property.co.zw/uploadedfiles/6b/dc/9b/6bdc9bed-23a1-49ff-ade7-89e6778c8b82_thumbnail695.webp"", ""https://www.property.co.zw/uploadedfiles/24/27/d6/2427d674-0005-40b4-9c68-86a3d1371856_thumbnail695.webp"", ""https://www.property.co.zw/uploadedfiles/71/db/5c/71db5c69-1e98-4cbe-93bc-288719ad741b_thumbnail695.webp"", ""https://www.property.co.zw/uploadedfiles/2f/16/64/2f16648a-4f00-4b5f-bf2b-4d4c3f41d66f_thumbnail695.webp"", ""https://www.property.co.zw/uploadedfiles/41/98/3c/41983c8e-b7a9-47c9-a1ff-586e38b8b914_thumbnail695.webp"", ""https://www.property.co.zw/uploadedfiles/63/92/3d/63923dcf-3ff0-4b47-bc38-cf3d31c77a72_thumbnail695.webp"", ""https://www.property.co.zw/uploadedfiles/c6/1e/d0/c61ed0f9-ee26-4721-a045-4d77460a06eb_thumbnail695.webp"", ""https://www.property.co.zw/uploadedfiles/48/97/4e/48974e89-4ce5-4599-9ede-7be9311fb52f_thumbnail695.webp"", ""https://www.property.co.zw/uploadedfiles/43/3a/2e/433a2ecb-92e5-4881-a9a9-ab74db480560_thumbnail695.webp"", ""https://www.property.co.zw/uploadedfiles/91/5b/0e/915b0e22-47f7-48c8-a8fa-de0cda4d9dbf_thumbnail695.webp"", ""https://www.property.co.zw/uploadedfiles/84/91/b4/8491b4e1-ea32-4b04-b72b-fdc94d7b076d_thumbnail695.webp""]",2026-09-23T16:36:21,False,290000.0,,already USD,False,False,True,True,,False,False,False,False,False,False,False,False,False,False,False,False,False,False,False,False,False,False,False,True,False,False,False,False,0
